-- MySQL dump 10.13  Distrib 5.5.43, for debian-linux-gnu (x86_64)
--
-- Host: localhost    Database: synapse
-- ------------------------------------------------------
-- Server version	5.5.43-0ubuntu0.14.04.1

/*!40101 SET @OLD_CHARACTER_SET_CLIENT=@@CHARACTER_SET_CLIENT */;
/*!40101 SET @OLD_CHARACTER_SET_RESULTS=@@CHARACTER_SET_RESULTS */;
/*!40101 SET @OLD_COLLATION_CONNECTION=@@COLLATION_CONNECTION */;
/*!40101 SET NAMES utf8 */;
/*!40103 SET @OLD_TIME_ZONE=@@TIME_ZONE */;
/*!40103 SET TIME_ZONE='+00:00' */;
/*!40014 SET @OLD_UNIQUE_CHECKS=@@UNIQUE_CHECKS, UNIQUE_CHECKS=0 */;
/*!40014 SET @OLD_FOREIGN_KEY_CHECKS=@@FOREIGN_KEY_CHECKS, FOREIGN_KEY_CHECKS=0 */;
/*!40101 SET @OLD_SQL_MODE=@@SQL_MODE, SQL_MODE='NO_AUTO_VALUE_ON_ZERO' */;
/*!40111 SET @OLD_SQL_NOTES=@@SQL_NOTES, SQL_NOTES=0 */;

--
-- Temporary table structure for view `AUDIT_DASHBOARD_0_ReceiveSurvey_Students_With_Survey_Responses`
--

DROP TABLE IF EXISTS `AUDIT_DASHBOARD_0_ReceiveSurvey_Students_With_Survey_Responses`;
/*!50001 DROP VIEW IF EXISTS `AUDIT_DASHBOARD_0_ReceiveSurvey_Students_With_Survey_Responses`*/;
SET @saved_cs_client     = @@character_set_client;
SET character_set_client = utf8;
/*!50001 CREATE TABLE `AUDIT_DASHBOARD_0_ReceiveSurvey_Students_With_Survey_Responses` (
  `org_id` tinyint NOT NULL,
  `Number_of_Students` tinyint NOT NULL
) ENGINE=MyISAM */;
SET character_set_client = @saved_cs_client;

--
-- Temporary table structure for view `AUDIT_DASHBOARD_Failed_Uploads_By_Organization_Past_24_Hours`
--

DROP TABLE IF EXISTS `AUDIT_DASHBOARD_Failed_Uploads_By_Organization_Past_24_Hours`;
/*!50001 DROP VIEW IF EXISTS `AUDIT_DASHBOARD_Failed_Uploads_By_Organization_Past_24_Hours`*/;
SET @saved_cs_client     = @@character_set_client;
SET character_set_client = utf8;
/*!50001 CREATE TABLE `AUDIT_DASHBOARD_Failed_Uploads_By_Organization_Past_24_Hours` (
  `organization_id` tinyint NOT NULL,
  `organization_name` tinyint NOT NULL,
  `Failed_Uploads` tinyint NOT NULL
) ENGINE=MyISAM */;
SET character_set_client = @saved_cs_client;

--
-- Temporary table structure for view `AUDIT_DASHBOARD_Failed_Uploads_By_Type_Past_24_Hours`
--

DROP TABLE IF EXISTS `AUDIT_DASHBOARD_Failed_Uploads_By_Type_Past_24_Hours`;
/*!50001 DROP VIEW IF EXISTS `AUDIT_DASHBOARD_Failed_Uploads_By_Type_Past_24_Hours`*/;
SET @saved_cs_client     = @@character_set_client;
SET character_set_client = utf8;
/*!50001 CREATE TABLE `AUDIT_DASHBOARD_Failed_Uploads_By_Type_Past_24_Hours` (
  `upload_type` tinyint NOT NULL,
  `Failed_Uploads` tinyint NOT NULL
) ENGINE=MyISAM */;
SET character_set_client = @saved_cs_client;

--
-- Temporary table structure for view `AUDIT_DASHBOARD_Organization_Survey_Cohort_Groupings`
--

DROP TABLE IF EXISTS `AUDIT_DASHBOARD_Organization_Survey_Cohort_Groupings`;
/*!50001 DROP VIEW IF EXISTS `AUDIT_DASHBOARD_Organization_Survey_Cohort_Groupings`*/;
SET @saved_cs_client     = @@character_set_client;
SET character_set_client = utf8;
/*!50001 CREATE TABLE `AUDIT_DASHBOARD_Organization_Survey_Cohort_Groupings` (
  `organization_id` tinyint NOT NULL,
  `campus_id` tinyint NOT NULL,
  `status` tinyint NOT NULL,
  `cohort_code` tinyint NOT NULL,
  `survey_id` tinyint NOT NULL,
  `wess_order_id` tinyint NOT NULL,
  `organization_name` tinyint NOT NULL,
  `open_date` tinyint NOT NULL,
  `close_date` tinyint NOT NULL,
  `People_in_Cohort` tinyint NOT NULL
) ENGINE=MyISAM */;
SET character_set_client = @saved_cs_client;

--
-- Temporary table structure for view `AUDIT_DASHBOARD_Student_With_Survey_Response_And_Null_Cohort`
--

DROP TABLE IF EXISTS `AUDIT_DASHBOARD_Student_With_Survey_Response_And_Null_Cohort`;
/*!50001 DROP VIEW IF EXISTS `AUDIT_DASHBOARD_Student_With_Survey_Response_And_Null_Cohort`*/;
SET @saved_cs_client     = @@character_set_client;
SET character_set_client = utf8;
/*!50001 CREATE TABLE `AUDIT_DASHBOARD_Student_With_Survey_Response_And_Null_Cohort` (
  `organization_id` tinyint NOT NULL,
  `Wess_InsID` tinyint NOT NULL,
  `organization_name` tinyint NOT NULL,
  `students_with_responses_and_null_cohort` tinyint NOT NULL
) ENGINE=MyISAM */;
SET character_set_client = @saved_cs_client;

--
-- Table structure for table `AccessToken`
--

DROP TABLE IF EXISTS `AccessToken`;
/*!40101 SET @saved_cs_client     = @@character_set_client */;
/*!40101 SET character_set_client = utf8 */;
CREATE TABLE `AccessToken` (
  `id` int(11) NOT NULL AUTO_INCREMENT,
  `client_id` int(11) NOT NULL,
  `user_id` int(11) DEFAULT NULL,
  `token` varchar(255) COLLATE utf8_unicode_ci NOT NULL,
  `expires_at` int(11) DEFAULT NULL,
  `scope` varchar(255) COLLATE utf8_unicode_ci DEFAULT NULL,
  PRIMARY KEY (`id`),
  UNIQUE KEY `UNIQ_B39617F55F37A13B` (`token`),
  KEY `IDX_B39617F519EB6921` (`client_id`),
  KEY `IDX_B39617F5A76ED395` (`user_id`),
  CONSTRAINT `FK_B39617F519EB6921` FOREIGN KEY (`client_id`) REFERENCES `Client` (`id`),
  CONSTRAINT `FK_B39617F5A76ED395` FOREIGN KEY (`user_id`) REFERENCES `person` (`id`)
) ENGINE=InnoDB AUTO_INCREMENT=187 DEFAULT CHARSET=utf8 COLLATE=utf8_unicode_ci;
/*!40101 SET character_set_client = @saved_cs_client */;

--
-- Dumping data for table `AccessToken`
--

LOCK TABLES `AccessToken` WRITE;
/*!40000 ALTER TABLE `AccessToken` DISABLE KEYS */;
INSERT INTO `AccessToken` VALUES
(7,1,99704,'MDliNDdjMGU4ODdjMGNjN2YyYjIzMmRmMGEwMTNlMjhkZDgzNmFkZDE3MjFlZjljYzFlZjY3Nzg0ZGRmN2U0ZQ',1434572592,'user'),
(8,1,99440,'NjdjMmYzOTk2NjVhOGFkYTQ2YmVlYTk4OThlZGFmMmFlMTI2NGVmZmI2MjJlZGI2NzM3Y2QyMWEzOThlMmE4YQ',1434572721,'user'),
(9,1,99704,'NTBjNDc3ZGM4M2IxZTA5NDRkMmNiZjEzNWRhYjg4YzY5Y2ViYmNkZGJiYzQ3YTc5ZDM5MDA5YWVmM2M0YWQ4NQ',1434731751,'user'),
(10,1,99440,'YTAxMzIwYzU2MDk5N2FjMGViYWJiMWJlNzJkNDc4NWFlODc1YjBmYTY4ZWZmNjJlNTRjZTFiNzMwMDZkNzU2Nw',1434740578,'user'),
(11,1,99704,'ZDU1YjRlOTA1NzllMDIyYWE4YmQ2NzQ0ZjU3MzIzNDNjYzg1OTNjNzQ2ZTdiOGIxZjAwZTFmMzAwYzQ2Y2Y2YQ',1435605114,'user'),
(12,1,99704,'ZDM5ZWIzMWNhNzhkMDcyMjU0ZDFkOGFkMWZjNjdjMTdhODU4ZTczYjFkN2JmYWE1MTAyNDNmODAyMGY0NjQzNQ',1435758832,'user'),
(13,1,99436,'ZWQ4OTIyYjIyMWVmZDY5ZTlmNzU3ZGUwYmRkODA1OGU4Yzk3Y2RmMjc3Y2U5ODMzYmMwNTNhNzNkMjcwN2IwMA',1435758834,'user'),
(14,1,99705,'YjcwZmYzOTdlMzQ4MDhhM2NiYzEwZDQ3Mjg5OTVlMzQ1MWY3MDNlZTIxZGVlOGU0ODY1YWI2MTFiYTkwZmUzMg',1435758835,'user'),
(15,1,99440,'NTdlMDFjNDAxNDMyMjhjM2M2N2RjMzBmNjBlMGM2M2FjOWYwOWM5MmUyMGY3ODExOTVlM2YyODliNmYxNmJlZA',1435758836,'user'),
(16,1,99447,'MWRlMjI3MGEwODc3YTZjNmE2MmUyODVhZTBmMjllMzkyY2Y4NTc5ZmFlODhhMTViMmNlZGEzMTU3MGMzMzQ4Ng',1435758837,'user'),
(17,1,99442,'ZTA1ZWVjYmRiYzI3ZDIwZGY5NzVjMjRhODg4MTkzMWViYjY1ZjFiNjdiNDI4MWQ0YmY0MTkzMWMzYjkyN2EwOQ',1435758838,'user'),
(18,1,99441,'MDU3ZWQzMTQ3ZGYwMzRiZWM4NDgyNTQxOTc5MTJjNDcxNTZiYmE3NzA0ZTg2MTgwZDY3NmJhMGZhNjhmMzRjMQ',1435758839,'user'),
(19,1,99440,'Yjk1YTA4ZjBjY2ZhZGE3YmNhNmU5MDFmNDQ0MjNmMDRlYzBkNzkwYmJjZDJlNTc2OTA3YWM3NmY3MWNkOTM2Yg',1435758840,'user'),
(20,1,99447,'YzlmZTY1YTNjMGYzYWNjZGY3ZWNiNTgzYzg3ODQxNTc2YTNkYzdjYmRmODQzNTYyZGUzZjRlYmFhM2NlNDdjOQ',1435758841,'user'),
(21,1,99440,'YzNjMDA5YzI4OWFhOTQwOTBjZWFkOThmODdkOTAzY2NlN2I2YzYwMWFhNDM2NWYxNWJiNTVhZjg5OWYzNTRhZg',1435758841,'user'),
(22,1,99447,'ZDNkZjk0OTIxYzJmNzNjMTMxN2ZlMzQ2ZTY4MjI3NmFiMzg2OWEyNzc5NzYwMDFmZmJlMjE4ZDI1OThjNDg2ZQ',1435758842,'user'),
(23,1,99440,'MzFhNzZjNWRiMzllZDY3NTg2NTc5YmRlMjE0NWRlNjIwOWE4MmM2MzlhOWE1NzAwMDIxNGQ3NWQ5OTk2Y2I5Mg',1435758843,'user'),
(24,1,99447,'ZGIxNTYwMjBkNzE0MzE1MGFkYWI4YjUwZjJiYmVkNWRjNjQ5ODA1Njk5NjU2N2JmYjc4YmQ0NjkxODc4ZDhkMw',1435758844,'user'),
(25,1,99440,'Y2Y1NjhmMWI3YTAyMDJjNTg1YmM1YzVjZDM2MWQxOWNlY2ZhMTc3YzEzZmQxZTRmOWZiY2MwNTBlN2MxOGFhMw',1435758845,'user'),
(26,1,99447,'ZDhiNWI1N2ZjNTgwNjIxN2M0MmM3OTYwNzNmNDQ5NGUwZTVhY2NmYWVhYjRlZjhkODdkZjIxODQ0MmQ3YzU4Mw',1435758845,'user'),
(27,1,99440,'MDg4ZTA2YWZkMTJiZGRmM2Q5ZTEyZGIxOTAzMzgyNTY2ZTIxODI1OWYzMmQ5ZTRkMTY3ZTZjMDQyNDllNGE3Yw',1435758846,'user'),
(28,1,99447,'NWY4NzJhZDMyMDgxNDFmMDEwMzI3YmEwOTdiNzhmZDM1NTQwZmFmNDc1YTdhYTkzZGQ1MDQ2N2I3YmE0OWI5OQ',1435758847,'user'),
(29,1,99440,'Yzg0MjNiMWNlNjk0YjZhMWVmZDlkY2EzN2JjYTgzYTUzYTFjZTViOGFkMDcxMDNkMDJmZGRhZTg0OGIzMDA1Ng',1435758848,'user'),
(30,1,99447,'ODE5ZjEzNTMwOTI3MjhiMzE4ZTRiN2YzOGM2YmNhODQ0N2FmMjRmMmE0OGY0NjY0NzJiMDZiYWUxYmUwZThkZQ',1435758849,'user'),
(31,1,99440,'Y2U4ZmZhNjVlMTIyYzFjMTAxNGI1MjY3ZDk5OTI4M2I1Y2M0NmQzNGE2YTkxYWNiYWNmZTYwMmM4ODQyZGM2ZQ',1435758850,'user'),
(32,1,99447,'YTZlYmMyZWM5NWQ2YmFkMWFhNmNhYWIzYTFiNDRkYzllMDIxNWExMTc0YjNjNTg4MmYxZDdiMTM3NzdjYTZmYg',1435758850,'user'),
(33,1,99440,'NzhkODkyMzcyZDRmNDVhMWVlODNhZjljMTMwM2IyY2I2NjJhMjVmYTY1Y2IwMmIzOWQyNWVkZmVkMmJlZDEyZA',1435758851,'user'),
(34,1,99447,'NTkwNDRjZjRlYTk4MjkxN2NjNGY5MDgzZDFiNzI5ZTBlY2MxNmIzNzkyYTc4ZmFkMzZjNmM2ZGFhOTFlMGM4Mw',1435758852,'user'),
(35,1,99440,'ZWVhY2MyMzI0ZDc1MzZkNGM1YjM5NjJhYzFiYjY3MzVjYTYyY2ViMWNkMmY0MWJjNTUyOWRjZDgyNWYyOWE2MQ',1435758853,'user'),
(36,1,99447,'MjNmZjYxOWUwYzg0NmZhYmIwOWZhNzY3NzAxNGJkZjhhNGUwMzhlN2JiOTRiYzAxZDI2NThjOTU2ZTljMjM0OQ',1435758854,'user'),
(37,1,99440,'OGU0Y2Q4ZDA5ZmE1NGMzYWNmMDU1ZTU3NzQyYTlmMjczMWUzZTU5ZWEzNzk2Y2E1MDdlMGZjZmU5MmZkMzU4Ng',1435758854,'user'),
(38,1,99440,'MTgwYmNkMThmNzk4ZDRmZjgzZWIzNjBhNmU2NzZmODU3N2MxYjJlODlhNWY3MWYzODUzZjIzODg2MzM1Yjc5Ng',1435758855,'user'),
(39,1,99440,'ZjI2ZmQ3MjMwMDk3MWZmMDI0ZWViNjk3MDVmYTNiNTZiOTc0NTExMzczMTc3Y2FiZTA5MTk5YmYyMjI5YjhmMQ',1435758856,'user'),
(40,1,99440,'MTgwMDk0ODg5MmIxMmUwMDEyOTBiOGVhYTlhYmVhYjVhNzE0YjlkNWEyMWI5MDBmY2UzNmE4ODliZTFiM2ZlMQ',1435758857,'user'),
(41,1,99440,'MWYxMTk4NDUwYWEyMjc2MTE1ZjhmNzJlNmVmNGZiYTMyZGIyYjFmOTgxYTg3MzY0Nzg3NWI0NWI5NTgyOTU2Ng',1435758858,'user'),
(42,1,99440,'ZTFhYTM1ZjIzMDJjODY4NDAxNTQ4OGU2MTAwMGZkZGNjY2M1Y2VhMmY3MTJmZDNkYmVlNmRlMmI4MmE1NzM1Mw',1435758859,'user'),
(43,1,99440,'Yzg3ODhkNDBiYjg3YWJhOGMxZjYwYzQxZDIyZGI0Zjk4MzVmOGEyNmU0ZDA3MzIyMWEwN2Y0YTc2M2UxOGFhOA',1435758860,'user'),
(44,1,99440,'ODY4ZTgyYjg0OTUzNjU2MGZkNDg3ZWZhMWY1MjQ0ZjJhY2Y2OGY2M2RmZjVmOTM2ZTk1NjUwMGQ5Yzg5ZWE5Zg',1435758861,'user'),
(45,1,99440,'MTRmMjQyZGYzMjFjMzFkYzQwNWQ3OTE0NTRjMWEzNDY0Mjg0ZjJiZGU1YWU1ZTgzYjIzN2Q4ZjhhN2UxMzM5Mw',1435758861,'user'),
(46,1,99440,'NTI0NTU4NzY5ZjQ3ZmUwMzU3NDk0NDA2MzZhM2U3OGJkMDE1OTllNWZkZTUzY2NjN2Y3Y2VlMDVhYThiZTVjMw',1435758862,'user'),
(47,1,99440,'Nzg1ZDA3MDllNWJmYjZmZTE4MjY5ODMxMDE4NDUwNjM2ZjBkNmViODNkY2EzYzBiYmFmZTM3NzI5ODgxMGJiOA',1435758863,'user'),
(48,1,99440,'MGQxNTVhOWUxMGUzOWQ5ZDcyZWM1Mzk1MjY0M2M1YzU3NGM4NTU2OGEyZTA3MmY1NmQ0MTViYTY3OTFkM2ZmOA',1435758864,'user'),
(49,1,99440,'MTFlN2M0MGVjZjU2MWY4YzY0ZmNlMmY3OGE3NmNlNWI4M2E3ZmZkYmZlMWI5YzEwODUxYWViOTU3MTU4MmIzMg',1435758865,'user'),
(50,1,99440,'ZTIyMmI4YjQzZWU5ZGIzNjE2MTJkZTk5ZTA1NDk5NTE4OTA5YmNlNDFmZmNjYzU5MTQwMjk2MTgyNmViMWM3MA',1435758866,'user'),
(51,1,99440,'OWEzM2I2NzNkOGFmMGMzYzk1N2IyNjU2MjliODAyNjY1N2YyMWY5NTY3MTQ1ZTkzYTkwZGRlMTQzNTIzZDNlNg',1435758867,'user'),
(52,1,99440,'ZjM0OGJkZGE3ZGViY2FhOTliNGVhZTlmN2VmYmQzMDk3MWViMDUyNGZkZjg5NGZjOWU0MzRlZmQwNWRmZDYzZQ',1435758867,'user'),
(53,1,99440,'OTYxYTdhZGYwNzM2MzAzYjM2ZjRhNjZkNTM2Yzg0YjIyYTUzMzU4NGUwYWI4ZTA3NDYxZmQ4ODgyNmIyNDJkZA',1435758868,'user'),
(54,1,99440,'ZjVkNjY2NGJjNDc0ZWI0OThiNDAxZjI3ZjVmNGM1YTdkZDZkNjYxNGUzOTA2ZGYxNmQ4NzZmZGMzMmRhODFhMQ',1435758869,'user'),
(55,1,99440,'NWY1N2NlNmE0NWE2YzIzYjliOTE3ZDQ3ZTMzZGE2ODE0MDY2OTRkNTBkYTAxZTVhNWQ0NzA5MTcyZTFjYWE4ZA',1435758870,'user'),
(56,1,99440,'ZTZjOGUxMGQxNTI0OWZjNzI3MzRiYjE5ODU4NGNhYmZhNjczYmE1MTYyYjZlYWRjMzNmMDU5MWZmNjY3MmVkNg',1435758871,'user'),
(57,1,99440,'YTdiYzlhNTljMjIwNDQ2MzU3Y2Y3MzU4Mjc4ZmFhMmVjZGYzZDIyMDRjMTIzZGJiZDczNGRlNjMzZDI3MjBlMQ',1435758871,'user'),
(58,1,99440,'NWIzYzgyMDNhMTdlZDUwZjU4MjhiMGE3NTZmN2JmYTllYzNhYjQ5NmRkNjFmNTEwM2MwNGI4ODBhMTI3YTVhNA',1435758872,'user'),
(59,1,99440,'NDJjNjJiY2U5YTc3MDAyNDM2OWM0NzI5ZTExNGM3NGU3YTgyMjRjMDZhMmFkZTliZjRhZDI0OTkwNjQzODM3MA',1435758873,'user'),
(60,1,99440,'OWE5OGMxYWYwNGExMDY5YmZjNDEzMGUyODVhYWUyZGRhNGFiMDFhZmNlNzc4YzYyNzI4MzU0ZDQ3YzdhNTRlZQ',1435758874,'user'),
(61,1,99440,'MGRjYWViMzhlMWNhMzJlZDZlZTRkYTY4ZTUyOGRhMmEwMDQ4YTFmMzM4MjQzMzhlYTQ2NzBmYWY2M2Q1ZjRmYg',1435758875,'user'),
(62,1,99440,'NjgyOGI0YzQ3ZDJjOWU0NzI4NDM0OWZiZjE1YmNjNDJlOGJjYmRhNzZlZGRlNGNiNTMwNTkxYzg4MGIzMmZhYQ',1435758876,'user'),
(63,1,99436,'YzkzMWIyYmE4YjQ5NzhiZDBhZTliY2ExMDM2M2ZhZmE5Y2M5MGU5YjdmYjE2ZjMwNDA5OWQ1NjI2NGJkODVmNw',1435758877,'user'),
(64,1,99436,'MmQzYmM5NTBhOGY3MWMyMzA3MTcxY2YzNDliZjgxZTJjMmQxN2IwYTZkYmVhMjAwNjg1NmNkMTE3MjljY2ZmYQ',1435758877,'user'),
(65,1,99436,'ZjcxNDhjOTJjNzU4NWE1ZGY3NWJlMzA3MDNhODIyNTA2OTZkZGVkZWM4YjNjOWFmZmFiMzgyMzYwODZkZjRmZg',1435758878,'user'),
(66,1,99436,'N2FkZWE0OWYxYjFlMDg3ZTAzMmYyZTk2ZGFlNTlmZDBhYjVjOTExNDUzNGVkYjE4ODkzNzljNTA5MDRlMDJiYg',1435758879,'user'),
(67,1,99436,'YzFiODhlZTE1OTE5ZTA0ZTc0MGQ0NDYxZjRjOTAyOTMwMjZlMjZmMzhiYTE2ZDJmYTBiYmFjODRmYjUzMTMyOA',1435758879,'user'),
(68,1,99436,'YjlmMWVlNDQ0MjNhZGQ5OWE1ZGRhYmNiZmE1NzE1ZjE3MWZkOTI0NmExMjJkODUyYTNjZTdmYjkzYjUyYmViYw',1435758880,'user'),
(69,1,99436,'YzQ2NDY3ZWNjZDBiYTA5YjVlODYzMTM2N2I5NmUxNjYyYWYyM2I5Y2IwNzQwMzlmMDVkN2U4OWYwYjIwZWViYw',1435758881,'user'),
(70,1,99436,'MzJkYmNlNmFkNmMxMDU4MWFhZmQ4YzE0MGUyNTUxM2RmZGU3MjE4NjIwNThiODYxMTZiMDRiMDc2Zjk3Y2E3OQ',1435758882,'user'),
(71,1,99436,'MDQyZjI2MTM2YjFhY2UyNjQ1MmQyZDE1NWE5OTdmZmMwMzEwYmJjMmYyMTA1OWYxM2VlNjBiOGNiMmQxZDMwZQ',1435758882,'user'),
(72,1,99436,'ZmE4ZjAzYjA4OWYzOWQ5ZGNjMDM5MzBhMGFlZmI1YmE4YzUzY2RiYWI0ODdjMjZjMmQ4NmJhOGI0YTFmYmJmNA',1435758883,'user'),
(73,1,99436,'MzMyZmY0ZDI2NWNkNjAyZDBhY2UxMTg1YzY2NzE1NzgwYzliMmU0YjM0ZTg3MGQxNTg4M2RjNjVkYTJlOWQxNA',1435758884,'user'),
(74,1,99436,'ZGY0YzZmZGM4N2NiMDhkYTI1NjQyNGVmMzgyYmQ2YjVhYTVlMjY0Y2ViMDA5N2MzYzc0YmQyYmIxZjFjOGY5Yg',1435758885,'user'),
(75,1,99436,'ODI2YzZmMDdkZDE4YzFlYWY5M2Q1YTM0NTFiZjEzN2U1NzZkOTJiMWRhMTY0Y2Y3YjhmYjExOTc2YTdmY2U3MA',1435758885,'user'),
(76,1,99436,'NDkwZjFhMTdmMmIwMTcwMGVjYTY3NTY1YjY5ZjM1NmNmN2M2ZTgzNDgwMTA3NDIwM2E3NGE5MDZmYzEwY2ViZg',1435758886,'user'),
(77,1,99436,'NzFjZWFjYjg3MzBhZTJjYmUzYjQ1ODE0NDUyODk1N2I0NjY1OTU4NjY0NTg1ZjdkZjYxYjRjZTJmOTE1YzY0Yw',1435758887,'user'),
(78,1,99436,'MGFlYTk3OThkMjUwYWVlYjA5YTIzMWM5NWNmYzE0NzE2NzM5YTQ0ZmRmMzcyMWIzNWZjZWNlNDhiN2U1NjJjYg',1435758888,'user'),
(79,1,99441,'ZTk1N2NlM2ZmOTZlZjI5OWM3YzQ1MDliMjBlZGIxN2M3ZmJmZTc4YTgxZDUzNzc3YTg3MmUyNmRjYmE0OTdlOQ',1435758888,'user'),
(80,1,99441,'ZGM3Y2JmNDhlZTI3MjFmYTc3ODUzZDcyNDk5N2Q2MThjN2UyN2ZjN2Q5MzJhMGE4N2ZhYmJhOGY0ZTk1ZmUzMg',1435758889,'user'),
(81,1,99441,'NTMyNTA3OTBkM2VkNTdhMmRiOGE0MmRjYjM1MDFkNDJlOWYxMWE2MTFmYTJiNDk2NGE2MDE1MDUyNGJjNTZjOA',1435758890,'user'),
(82,1,99441,'OGNkZmE4YWRmYzIyNmE3YzlmNjI4NTIxNTMzZTNmZTZlMTk3OTM5MWE2NWVhOTE5YTJhNWFkN2U3ZTIwYzdjMw',1435758891,'user'),
(83,1,99441,'NjhiM2ZiY2VhZTBlOWQ1NjlmYWZlNzdmZWQ0OTQzNjU2MzBlZjMyZmJkNjY2NDhhYzE4MTZmM2Y2NDc3YzgzMg',1435758892,'user'),
(84,1,99441,'YzBmZTg5ZWJjN2FlNTYxOGY5MzE0MWM3YjQwNWI0OTg4ZDNkMGJkZDA2ZDU0ODU2ZGI4YzdmODVmMDEyMzYxMw',1435758893,'user'),
(85,1,99441,'MTYzMjgxYjRjZGQ1NWIyZWMwZmUyZGEwNTllM2FhZjgxZGIxMjNhZWRkNDkyYTNkMGM1MDhmMzY0MWZhNDBkNw',1435758893,'user'),
(86,1,99441,'NTliMDc2NWIzYTBiZjNmYzczMTc1ZWIxNjQ5ZGMwNWZkNGUxMTRhMWEzNThlMjc5OTkzNWFjZjE5YzQyNGE1MA',1435758894,'user'),
(87,1,99441,'NDM3NGY4M2RjOWQzNjU2ODBlYjc1ZDAzYWE4MTYzYTkyZjg5YjE0ZjgyZDhmYzNjZjc4ZGM4NjFlNTliN2UzZQ',1435758895,'user'),
(88,1,99441,'NzBhOTBkZDM2MzQxOTJlMmM0YTM5ZTFlZGI3ZGNlMTA2MmY0Mzc1Zjg0OGE2MTg0ZTk1MjljNWQxNTY0NzQxYw',1435758896,'user'),
(89,1,99704,'NTdlYzQ4MzVmNGM0YWNkODQ3Mjc0OGZiN2Q0ZGJiMzE3NGRkY2EwNzUwNDk3NjUzNTY4Y2ZhNTk4MjdiMjE4YQ',1435769363,'user'),
(90,1,99704,'NWQ1NjM3YTA2MDVjYTZmNzQxODEzMmJhNzNmYmY3MDk5NjJhNTU2OGVkMTBkMmFjYzdkMzAzYWQ3NmMxM2ViMw',1435769628,'user'),
(91,1,99704,'YzQ0NTAwNTYxNjMxMTRmNzg3NDQwZDU0OTVjNGI4YjFiYzQyYzBkOTUzYTY2MDBjNDA0NGIwZTcxMTVhMDRlYQ',1435771016,'user'),
(92,1,99704,'ODJiYjBiN2FiYTdhZjlmMTM1ODFlMzkyYmI3OGU0ZTdiOGQwNTJlNmMwZDkyZTBkMTExNzU4Mzg0NGRlNDc5MA',1435771789,'user'),
(93,1,99704,'ZGI4YjFkMWIxZjU1YjM1N2U5ZjljMzdlYTIzOTlhNjcxNTJmMmRjZDU5MTkwNDk2ZThkYzI2YjY5MzdmN2UwYQ',1435773926,'user'),
(94,1,99441,'NDY1Y2U2NWI4MzFkZDhhN2FmNmJkYWQ2ZTUwYTk5ZDc0YTIyOTQzYjUyYWMwMGE4ZDM2ZTMxNzE3ODllMTYxZg',1435774933,'user'),
(95,1,99704,'ZDM3NDZjMjg0YmRmYWQwY2M2ODBjNDA1OThkZjMzNDYzMTdjMDM5ZTY2OTgyMjZiZDBhZTcxNjMwMDk5ODA1Mw',1435775617,'user'),
(96,1,99441,'YWQ1ZGFlMGZkNDRjZDg2ZWVhNzI2ZTExMTU4OTg3ZWJjZjM1ODI5ODk3ZWYyYTEzM2RiODllZjZjMmM5MzI2MQ',1435776202,'user'),
(97,1,99441,'YWM0ZDRkZGFiMmM5NmU4Y2NkOTM1YWQ4YTYxM2M1ZWJhZmRmMWVhYWJiMWRjNGI0YjYzNzU1ZTcwOGU5NzVmZQ',1435776203,'user'),
(98,1,99441,'YmQ0YWZjMzc0MTI0YjZmNjM4Y2Y5YWZiNzc1ZmEyOGMyNjFmMzc2Njc3N2UwZDlhNmUxYjY2ZWYxMGE1MGMyOA',1435776203,'user'),
(99,1,99441,'Mjg0NDkyMTg4MTNmODczYjdhOTJlNjkxYjM0MThhZGRkNWM1YTk2N2FlNDgwN2RlMWI3NWFmNjk2YzU3MTMzNw',1435776204,'user'),
(100,1,99441,'YmEwYTFmNTgzNWUwYTE3YjRkZjEyMjc0NTU0MDBhYjEyOGQyMTVjOTA5YmUyOTQ0MjkwNTJlNjg2Y2JjNzUwZg',1435776205,'user'),
(101,1,99441,'M2U5NDlmNmE2YmE5MjFkMDhiMTc5NjNkYmIwYzAxMjcxOTFlMGJmMTYxMjc5MTU2MDIxMjQ4ZTQ0OWY5ZWZkOQ',1435776205,'user'),
(102,1,99441,'ZjgzN2RjYjAxNjYyYzk3MjM3YjU0YmQ0NWU4NTk1OTdjNjJkZGY5NzA2Y2M1OWQ4ODM3OWJhNzhmZGMzMmJmMA',1435776206,'user'),
(103,1,99441,'NDIwOTUwY2NmZTgxYzZkNTFiZTExODY2ZmQ4Mzk1OTdmMThhODI3YTE2OGY4NDYyMjEyOTkzMWU4ZDQ0MTFmZg',1435776207,'user'),
(104,1,99441,'MGIzYjM0OGM2MmZkOWEyNzdjNDk5NmFjNjc1Y2ZkMGY5MDQzM2M1NjgxYTRhNTc3YTBjNjU1ZDcyNTlhZWVjMQ',1435776207,'user'),
(105,1,99441,'ZDU3M2YwYTgzYzhmZjE3NjVmNTJhM2VkN2Q1YmNjNjBkNmI2ZTI5MWMzY2I2NDA5NmI4MDQ5MDQwZTdmMTQ3Mw',1435776208,'user'),
(106,1,99441,'OTVjMTA1MWIyMmM0NmQzNDhhZDVmOTE1YmNjZTkxMWI3ZmI1M2JhNzZjMzRmNjFmMjRiYzZlZTgwNDkyYzI5OA',1435776209,'user'),
(107,1,99441,'MDkzMmVjZTkzMjNjMjhjZDczZWU0OTJiYjIwNWY5MWVhNGMzMzIzNDJmYTU2NmFkZGNlYzU0MmYwYjNiNjA3OQ',1435776209,'user'),
(108,1,99441,'ZDlhZGJhYzk2MjVmNjBlMmMzYjA3YmRmOWM5OGVlN2U5ZWVjZTU0MjI4YzNmNWVlNjE3Y2ExMjEwMmYxN2ViNQ',1435776210,'user'),
(109,1,99441,'MWY5NWNlYzljYzBmMzU3MzZhNzllNzY5OGZlMTUxMDcwMWI0MDY3ZWQ4NzU5ZDdlMDQyOTU5YjU2NzY2ZWVhYQ',1435776211,'user'),
(110,1,99441,'NTFjYTYzNGU5MDFkMjUzOGNlYzJjMGY2NWY1MGI3ZmEwMzRmYTIzMjY1MTMzYWUzMDQxYzI4MDFmMDAwMDAyMQ',1435776211,'user'),
(111,1,99441,'ZDA1NDliMDQ1MjM1OTY2ZWM1N2Q2YzhjOWEwYTZjYjkxMGI4NmI0NjY2NDhiMGZiNjhmMjg2MDI3NmRjZWZmMQ',1435776212,'user'),
(112,1,99441,'OGVjNzZlYzRjODJjOTNlYjE5ZWI0NDUzZjQ1M2MxZWFiZDdmYTdmYzIzY2JiNmMzODk2Zjc3OGY4NDczYzMxZQ',1435776213,'user'),
(113,1,99704,'YWE4OTFjYzNmOGE3Njk1NTcyMDNlMzNmNWM0Y2M1ZDRkZGVhN2Q4MWE0NmE4MDA1OTEwNzk3NDYxY2IwMjc4ZA',1435782429,'user'),
(114,1,99436,'ZjRjZjgyMDc5NGFkMGUyOTI0ODkzMDA5MDdhYWYwOWEyY2Y1NThkYmUyNGFiNzRhMmQxZTE5ZjkxZjZlMDA5ZA',1435782430,'user'),
(115,1,99705,'Mzc4NDkzZjU4NDNhNmQ0ZGM4NjRjOTFhZjY4MTMxMWFlMDNmMjBkMTgxNDRmYTdmYmZlMWRlMjM5NzQ5MDYwNw',1435782431,'user'),
(116,1,99440,'NmU0MzFiZGU0YjFkNzg0OGI3MTNhMjE5MDFjYzVmMmM4MmM0NmJiYjZjZDk5YWYwYmUzZjNhMWE3OGZhNzFlYQ',1435782432,'user'),
(117,1,99447,'OWFlYWU1ODIyODQ1MzViNjdmZDlhMDg2NzNlYmI5MmNiNmFmMTI2NDk4NDM2OGVjZTNmOGIyNmE2NTU1NzgwMA',1435782433,'user'),
(118,1,99442,'OWNjMTY0YjE4NDg2ODI4MTUyNDQ3OTc1MTI4OTFlMDhhY2RjZTUzMjA4NGM0ODhhODg1MGYzNGQ1ZTQyZTdjNw',1435782434,'user'),
(119,1,99441,'MzU0NjU1NzUxNWZjZWUzNDIyZmNjNjVmMzAwNzNjNzhlNTBkYTc5NmUyNDg3ZTcyNWZmNzEzNTUwMDRhMTZhZg',1435782435,'user'),
(120,1,99704,'ZDIzNzc5MGZjMjJlNjU5NjgwNDQxOGEyNmE1MDgzYmMxMDE0MWI3MWZjNDlmMTZiYjE1OGFiOTM0ZDFmYWYxNA',1435782482,'user'),
(121,1,99436,'OGE5YWExNDA0Y2I1MTY3MTk2NGZlNWViYTFhNDg5N2Y4N2VhZGE2MjBmMDk5YmVlZWM1N2UzNTQyZmEwMTgyNA',1435782483,'user'),
(122,1,99705,'YWNmMjI0NWE5NmVjMWUyMzVjODJlMWQ2NDZiOTJkNjUyNjkxNjNmNTk5OGI5YjQ0NmRlNDljODM4NWFlMDYzYQ',1435782484,'user'),
(123,1,99440,'NTY1OTVlZGMxNzdiNWUyZmYyNmI4ZmI0NzRkZGFmMTg3MWNhZTUxZjE5M2NjMjNlNTI5YWY0MzE0ZTkxMjU3NA',1435782485,'user'),
(124,1,99447,'YmM2MzQwODRhOTQxYzEyNjQ2OWQwN2QzZWI2OTRmZDUzYTViZDdjMWQyZGJjMzhmZTVlNDVjNDBjODMyOGYwYQ',1435782486,'user'),
(125,1,99442,'N2E5ZjViNmZhMTExMTA3ZjJlOWZkZjg0MTI1NjBkNDMwYWMxZjQ4NjUwY2JlM2I4MzlkNDZjZGRiYTA5MzdkZg',1435782487,'user'),
(126,1,99441,'MmE4ZGU5ZGNlODhhNmU3ZmMzYjk5ZTAwNDdkM2U1MGQ5ZjdiMjhlZWRhMTk3YTMxMDYyNjgyM2EzODQ4NjExNg',1435782488,'user'),
(127,1,99704,'NTMxMjNhOGYyM2RiNDhlZGIyZWZmNGY2OTA2MWIxOWNlNDlhZjkwMGQxODNlNzQ3OGFiNWY5ZGEwNWQ3YTRhMw',1435782612,'user'),
(128,1,99436,'Y2RlMWJiNjFmYTE1YjU0ZGMwODFmZjBlZDAxMDA5YWZhY2UxNzlhNjIwOTE4MWVjNzJjNGFmNTkwMTRiMTZjZQ',1435782613,'user'),
(129,1,99705,'NjU4Y2M1NzJjM2VkZDg3M2JjNTA4MTY0YTk1NGM1ZTBiMTU2N2FiZWYwNmQ0YWE3NzJhNGQzYjVmN2RhYzBlNQ',1435782614,'user'),
(130,1,99440,'NTNjOTIzODNiNjgzNDBmMjNhNDk3OWE0MDJiYTAyNzUxODY4YTM3NjI3NjhiNjFmNzZjZTcwZmM1YTMyZDI1ZQ',1435782615,'user'),
(131,1,99447,'NGJiZTE1MTI5ZDY3ZTdkNTg5NWNlYjBkYjhhY2MzMTljNzZlMTgxZDhjOWY5YzM4NjYyOWI3ZTQyNTRlNWM0OA',1435782616,'user'),
(132,1,99442,'MWYzODdiMGYyZjY2YmM2M2QwZjQyNTRmNGUzYmQ5NDg5ZDE5ZDE0YTY3NWIxYjUxOTJiNWZlMjdkNGJkMmQ1Nw',1435782618,'user'),
(133,1,99441,'Zjg4NzZlYTY5YmIyMTg4OTU2YmQwODZiZWU1MWY4ZDE1YjQ0ZjhkOWEwMWU3NjVhNTMzY2I2M2NjN2FmYzI0OQ',1435782619,'user'),
(134,1,99704,'MDk3MGJmYmNhZjY3ZmI3YWIxYzM1YTYxMzI3YmZmNTBhNjNkMzViZDI1NzM5YWY3YTVlMTJkMzgxNjVkOTQ3OA',1435782656,'user'),
(135,1,99436,'Yjc0MWQwNTRjOWIwMzBhYjY2NDNhMzMxM2RhM2EzNmQxMGQ4ODQwNTVlYjA5YmM2MjNlZGE0MmEzZjkyNDM1Ng',1435782657,'user'),
(136,1,99705,'ZTE2NzIwZTM0YzhhYzJlYjE0M2RiMDJmNTk4YWI5M2NjOGFhMWY1Yzg5ZDdlMDZjZTA5YmIxYTRkMTA5MDdkMQ',1435782658,'user'),
(137,1,99440,'NzVjYjljYmI5YWJhN2Y2NmRhZDBkMGY3MjMwYzY2MzJiYTg4ZDIxNzljNjEzZGYyYTBlNDYyYzFkM2JkOGVjZg',1435782659,'user'),
(138,1,99447,'NjE2OGNjNDU2ODNjYWM2NzhiZjg1YTcwYTc1OWI4Y2ZkZjFlN2IzZjhjOTU2OTMxMWQ1M2YxMjE5YWUyYWI3OQ',1435782661,'user'),
(139,1,99442,'MzczYzYyNzY2NTRmYTg0NjlkNmRhMmQ3YzYyYzMyZWFkMDE4OTljODljNDg2N2U2ZGJmOTJkNzYwMWExYmNlNg',1435782662,'user'),
(140,1,99441,'MTNkYTkyYjZhMjQyZjkzZWJkZTZhMTIwMzk0YTcwNWI1NDg0MGUxMTkwYmE2MzQxOGNlMmZiOTkxNTBjYzBmMA',1435782663,'user'),
(141,1,99443,'NzMyODljZDgzOTZjZjNiMGRmMjAwMjdhMzU0MzdhZWE5NTA4NzQ1YzQxOTFhODhjYjVmZWNhMjZhZDkxYzQ2Ng',1435851718,'user'),
(142,1,99443,'Njc3ODE0OGMxZTg5MzkyYjFlMzYyNjQzY2UwZmQwMWUwNDI4MzQ1ZGY0NDQ2YjNhZGEyZmZmOTQ1OTNkZjAwZg',1435851720,'user'),
(143,1,99443,'OGViNDgxM2E1MzBjOTBlMjIyZmFjZDlkNWEwNjgzOTlkNGJkMTQ2NjM0NzM3NzgzMjc3NTdmYmNlZjMyY2FjMw',1435851721,'user'),
(144,1,99443,'MWM5ZDdhYTY1OGYyODFlMjdkZDhiYzk5ODNkZjZiMDAwNmQ0MWZjYzE2ZTAwOTMwMDc5NWZiNTgwNTE4ZWViMA',1435851722,'user'),
(145,1,99704,'MDM2OTNkNDJkMmVjY2Y0ODNlY2NjNDU1YWE2MDRkMTA0MjE0YzExZDFjZmMwNDc3Zjg3Njk5MmVlODdhZWZiMQ',1435853930,'user'),
(146,1,99704,'ZDVlYjQ3ZGQzNmMxYjA4MjlkNjFkZjQwNWRmMTdiNGFiY2IzMTQ0NzlkMGVkNGJjNzFmYjYzOTRkZDcxMjIyZQ',1435857781,'user'),
(147,1,99704,'YjFlYjZkYjQyZDgxNWQ5ZTRiNTM5YmQ1MWQ4YmE0ODJlYTNmNjI4YzQ1MTg1YzczMjBlM2I1NWNjMjVkZTUyYg',1436218342,'user'),
(148,1,99440,'ZWQ4ODdjZTk3NjJjYTlhOTY1OWExZDg3YzUxOGU2NTNjNGEzY2QwZWRjNjJiODg3ODA3ZjFjYjEzN2U0OTBkYQ',1436218550,'user'),
(149,1,99704,'M2VhODg3N2UzY2JlZmQ2ZjBjNDEzMjZjMmFiNGY4MjE3MTNkODZhMmY0NDg1YWZlOWFmOWFiM2ViMDMyOTQzNQ',1436292599,'user'),
(150,1,99704,'ZjcyNTNhMGUxY2IzMTFhN2M3NjA0OTY3YzlmNjE4Y2E0MzllOTcxZGU2NTAxZDA5NjVhN2VjZDI2ZjdkYmYwZg',1436296443,'user'),
(151,1,99704,'ODExMjYzZDI1ZTlkZTU5OWUzMjhhMDFmYWIyNzU5NWYyYTdhNzBkNjg5NzcwYzNkMjE1NDU5ODBhNmFiZDkxMw',1436453933,'user'),
(152,1,99705,'NGUyOWQwYjZiNWFjMTczNDhkYTVhY2RmNjY4MGEwNzNkNDJiNzQwZTA5M2YzMzBmOTE0Y2YxMWY2YjI3ODUwYw',1436454195,'user'),
(153,1,99441,'NWM5NDExMzI3OGI2MzRlMDI4ZjRmOGUxYWRlZmZkNzgxZjAwNTk5MDQyYWY4YTE5OGI1ODVlODAyYWE2NzM4Yg',1436474269,'user'),
(154,1,99441,'NTQ2OGY5ZjA4MTBhMjdmOGNiMzY0MDRjNTZhMGMwMjRlZWNlZjU0NGJhOTI0ZTMyODY3M2JhNjNjYmY0NjU4OA',1436474464,'user'),
(155,1,99443,'ZTkzNTY1NzZkNDc3NjAzODJmMTU4OGI2OGQ3M2FhNzRhNjdkMzA5YzNjOTY5MjQ3ZTcyZDVlYTRhNjQyZjZmOQ',1436536094,'user'),
(156,1,99440,'MGFiZDNhMTBiNDRlOTQyOWEyODIzYzM0M2UwODI0YmM5MjIxNjU0MDU2YzE5YjU1Mzk3NDIxYzU4NmE4NjVjMA',1436986966,'user'),
(157,1,99704,'OTBmZGQzNDVkZDIzZjQ5YmY4ZDI4NDI3MTk1NzBlZWJmMzRjYThhODgzNjYwN2Y4ZWU3ZTJhZDliMzk4ZmUxYw',1436992801,'user'),
(158,1,99704,'ODBiOTUxMTc4NTlmMTU5MjQ2OWI5YmY1YTUxMzc2YTRjMGQ2YmY5ZTZjMTFiNDViYTRiNzQyY2UzMTU3ZjYyZQ',1436992808,'user'),
(159,1,99440,'M2Q3YjJkZWQyMTVjYTQwZDQ2ODE4ODg1NzAyYzMxNWI5Y2VmMzFiNzBmYzRjNWRhYWY5NTYxMjk1YTk4MmEzMw',1437065345,'user'),
(160,1,99704,'NjBiMDY5ZjFlNWJkNWM5NzQzMDE5YTBjMjQwYWEzYWY2OGU0MzhmMzUxNjk0M2ZmYTVjZjg5ZTJmMjFjZWJjOA',1437067108,'user'),
(161,1,99439,'NjA5MjRhMTU4YjVkZjI3YjNmMWM5YzkyMTY4MzVjNDNiNmFkNjE2NzQ0MzNmN2ZmMDJkMDg5YmNlOWNjM2IwMA',1437067155,'user'),
(162,1,99446,'NDQwMGFjMjIyYTQ3Y2NhZjYxZGQ5MjdkZmU2ZjVjZGVjNTkyMzcwYTU5ODVhOTMyYTM5ZDEzMDc0NmZmNTljOA',1437147859,'user'),
(163,1,99446,'MTA5MmEwZDMwOWY0YzQ3ZjI2NDc4YmU3M2QxYjM4N2MyNmVmMzllYjM0MmVkODgwYWQ0NDViZmY4OTYzOTg0YQ',1437147925,'user'),
(164,1,99704,'NzI5MDczNDI2YjFjNTgwYzdlMThiNmFlZWY0ZTliYjY4ZGZkMjE0MmEzZjI4YjA3NGJmMzU0MjNhNDVjMjAzOA',1437148028,'user'),
(165,1,99704,'MTg4ZGM4NDFjNTIxYTk2MzM3M2U1Y2JmNGM0ZWZmNjFiYjBkYWQ1MGM5OTcwOTAxZmIxOTk4ZWM3MTljNDdjYw',1437148284,'user'),
(166,1,99446,'ZjMwYjFkNjkzNmE4OWJiMjk2OGUzZWE0MmM0MmJhNzIwNGI0YzQzZGYwODNkZDE0NTM5ODY1M2UzNGEwMjNlYQ',1437148365,'user'),
(167,1,99446,'ZjNjNWQyYTU4MTk3NjYzZGEyNDBiNzIxNmYxMTM0NDlhMzZjNWMxOWFkOGYyMTJjM2EwNDIzZDAwMGU2YzRhOA',1437159242,'user'),
(168,1,99437,'NzcxZTk4YzE0ZWVhYmFjMDAyZDdhODA3M2ZiNzU4ZmViN2RmYTIxYTJlNmJmNzdmMjNhZGJhMjc0OWMzYTlmYw',1437401055,'user'),
(169,1,99704,'N2I2YWM4YTMyMzc1ZTY1ZWYwMjAxODczODUyMzlmZGU3ZDk3M2ZlNWUxMGIyZGRkMjMwMTljOTE2NTJjNWQyYQ',1437401351,'user'),
(170,1,99437,'NTJhOGE5NjQ4ZmIyNzkwNjg1NmIwODlhNTcxZjEzZjJlODJhZDcyNzI3MDYxZjZlYzA0M2U3YmZlOGU3MjU3NA',1437401916,'user'),
(171,1,99704,'NjRlZTdmY2EzYTU1YzdmNDI0NmExMmEyYWNiMzZiMzQ4MTUwYjRlNjVlYzFiZTBiNTU5YTdiODc1YWQyYmQ1Mw',1437418109,'user'),
(172,1,99446,'MTkzYzI3ZmMyMmFmOGQ2ODdiM2E2N2JkYzJlNTM3YjE3MmM2ZWY0ODViMDE4YjQ3NDQ2ZmRmN2NmMzAzODNiMA',1437428865,'user'),
(173,1,99704,'NmY5ZDQwZDY0Y2UyOGM2NWZhZmY2ZWUxODEyYWMyOTI1N2M2NzM2Y2JkZDQyOGY2NjNlNTFmYzlhNDg3MGYzMQ',1437428909,'user'),
(174,1,99437,'MTlmMzU4NjFlNDA2ODEyM2EzNGM1NjhhOWRkYWYyZTU0MTEyOWFhNThjNDRlOTcwOGJiMjMyYzNiMDYxYmM1Yw',1437429009,'user'),
(175,1,99446,'YWMzZTc0MGMxYzk4Yzg3MDAwYzFiODE3NTIwMDBmYTcwZDVhNmY2N2U5OGVhZWI2M2FmNmFmZGZhZjE2OGUxOA',1437429720,'user'),
(176,1,99704,'ODk5MWZmODc5ZjRhN2M5N2NlNzY1YTU0YTE0YTM0OTMxZWY3YjkyOTQ1Y2I5NzEyYWZmMWNjNWFjOTJhMjVmNg',1437505788,'user'),
(177,1,99704,'ZWUxN2U5MTZlZDBkNTdkYzliYzk0ODY2ZTI1MGQwNWQ2MzQ2NTgwMjE1YjllZjMwMzFhOTBhOGRlNTlhMTMwNQ',1437505884,'user'),
(178,1,99704,'YWU3MTYxYTM1YWQ1MDhmYTBkYmRhZTg2NjgxZWQ3NjY0NTQ0ODE3ODQwMjg3ODM1OWNkZmM4ZTRjNDRmODRkMg',1437514856,'user'),
(179,1,99704,'M2VlYmNlMDQ3MzQyYTNkOGQ3NTJkMTViYWVhMmRmZDcyOThlNjdhODQxMzRhMDllMDJlMjgwMGZhMTU2NTVjMQ',1437573441,'user'),
(180,1,99704,'NmQ5MWMwZDYzOGVhNGM3ZDVlM2IxZGRmNjc1MDc5YTIyZDljMjYyNjM5NmZhODc5MzUxMTFmZjk3MGZhYWU4Mw',1437592407,'user'),
(181,1,99705,'YzA4OGNiNzcyMjBjMzQyYmIzZDVjMDU5MTM5Yzc0MWRiOWEyYWJmMTcxYjg5MTE4MjgyNTUxYmUyOGM5MzdlMQ',1438008510,'user'),
(182,1,99705,'MTlkZGNiOTYzMmRiY2UxZjNiNzBhMWYyY2MxMzFhNzliODNkZTNjYWMzZmIwMGY1ZGMzYjAzOGRmODVkYWJmNQ',1438008522,'user'),
(183,2,99706,'YzU0YjM5YTYwOTE3NjVmMzJhMDMxNDc1NjA5YWNmMTUyMzk4NTNmNTY5MWUzNDgwZmE1ZWZmMmFkZTEzNDllMw',1438029037,'user'),
(184,2,99706,'MDNjZDFlMWIyYTc1ZmEzMGJkNjg4YzhkZWMzMzA3OTVjZDhmZGMyMmMyMDMxNmUzNzVlZDllZTllOTdlNGZjMw',1438100736,'user'),
(185,1,99704,'MDBlYTNkOGQ0MTNlNDUyYWQ5ZDgyYWQ0ZDhhN2FiNTBjODZmZGM1N2YxOTQzYTYxMDA4OGE3N2U1ZDZmZGE5Yg',1438122218,'user'),
(186,1,99704,'NTQ1MTAyYzJiYzc0YWI4YjJmOTYxN2VhOGQ2MzNiZGRmNjdiYTcxMjM0NjM2ZTQzYjRkZmFiMTllNzkwYjUwZg',1438122417,'user');
/*!40000 ALTER TABLE `AccessToken` ENABLE KEYS */;
UNLOCK TABLES;

--
-- Table structure for table `Appointments`
--

DROP TABLE IF EXISTS `Appointments`;
/*!40101 SET @saved_cs_client     = @@character_set_client */;
/*!40101 SET character_set_client = utf8 */;
CREATE TABLE `Appointments` (
  `id` int(11) NOT NULL AUTO_INCREMENT,
  `organization_id` int(11) DEFAULT NULL,
  `person_id` int(11) DEFAULT NULL,
  `activity_category_id` int(11) DEFAULT NULL,
  `person_id_proxy` int(11) DEFAULT NULL,
  `created_by` int(11) DEFAULT NULL,
  `created_at` datetime DEFAULT NULL,
  `modified_by` int(11) DEFAULT NULL,
  `modified_at` datetime DEFAULT NULL,
  `deleted_by` int(11) DEFAULT NULL,
  `deleted_at` datetime DEFAULT NULL,
  `type` varchar(1) COLLATE utf8_unicode_ci DEFAULT NULL,
  `location` varchar(45) COLLATE utf8_unicode_ci DEFAULT NULL,
  `title` varchar(1000) COLLATE utf8_unicode_ci DEFAULT NULL,
  `description` varchar(5000) COLLATE utf8_unicode_ci DEFAULT NULL,
  `start_date_time` datetime DEFAULT NULL,
  `end_date_time` datetime DEFAULT NULL,
  `attendees` longtext COLLATE utf8_unicode_ci,
  `occurrence_id` varchar(255) COLLATE utf8_unicode_ci DEFAULT NULL,
  `master_occurrence_id` varchar(255) COLLATE utf8_unicode_ci DEFAULT NULL,
  `match_status` tinyint(1) DEFAULT NULL,
  `last_synced` datetime DEFAULT NULL,
  `is_free_standing` tinyint(1) DEFAULT NULL,
  `source` enum('S','G','E') COLLATE utf8_unicode_ci DEFAULT NULL,
  `exchange_appointment_id` varchar(100) COLLATE utf8_unicode_ci DEFAULT NULL,
  `exchange_master_appointment_id` varchar(100) COLLATE utf8_unicode_ci DEFAULT NULL,
  `google_appointment_id` varchar(100) COLLATE utf8_unicode_ci DEFAULT NULL,
  `google_master_appointment_id` varchar(100) COLLATE utf8_unicode_ci DEFAULT NULL,
  `access_private` tinyint(1) DEFAULT NULL,
  `access_public` tinyint(1) DEFAULT NULL,
  `access_team` tinyint(1) DEFAULT NULL,
  PRIMARY KEY (`id`),
  KEY `IDX_7270A98232C8A3DE` (`organization_id`),
  KEY `IDX_7270A982217BBB47` (`person_id`),
  KEY `IDX_7270A9821CC8F7EE` (`activity_category_id`),
  KEY `IDX_7270A9829B12DB9` (`person_id_proxy`),
  KEY `start_date_time_idx` (`start_date_time`),
  KEY `end_date_time_idx` (`end_date_time`),
  CONSTRAINT `FK_7270A9821CC8F7EE` FOREIGN KEY (`activity_category_id`) REFERENCES `activity_category` (`id`),
  CONSTRAINT `FK_7270A982217BBB47` FOREIGN KEY (`person_id`) REFERENCES `person` (`id`),
  CONSTRAINT `FK_7270A98232C8A3DE` FOREIGN KEY (`organization_id`) REFERENCES `organization` (`id`),
  CONSTRAINT `FK_7270A9829B12DB9` FOREIGN KEY (`person_id_proxy`) REFERENCES `person` (`id`)
) ENGINE=InnoDB AUTO_INCREMENT=995 DEFAULT CHARSET=utf8 COLLATE=utf8_unicode_ci;
/*!40101 SET character_set_client = @saved_cs_client */;

--
-- Dumping data for table `Appointments`
--

LOCK TABLES `Appointments` WRITE;
/*!40000 ALTER TABLE `Appointments` DISABLE KEYS */;
INSERT INTO `Appointments` VALUES
(984,542,99445,30,NULL,NULL,'2015-05-20 14:27:05',NULL,'2015-05-20 14:27:05',NULL,NULL,'F','Charms Classroom','Attended meeting / activities','Quidditch Final','2015-05-23 14:00:00','2015-05-23 15:30:00',NULL,NULL,NULL,NULL,NULL,1,'S',NULL,NULL,NULL,NULL,NULL,NULL,NULL),
(985,542,99440,19,NULL,NULL,'2015-06-17 20:08:12',NULL,'2015-06-17 20:08:12',NULL,NULL,'F','somewhere','Class attendance concern ','Appointment created by Minerva McGonagall for Alicia Spinnet.','2015-06-18 09:00:00','2015-06-18 10:00:00',NULL,NULL,NULL,NULL,NULL,1,'S',NULL,NULL,NULL,NULL,NULL,NULL,NULL),
(986,542,99436,30,NULL,NULL,'2015-07-01 13:24:55',NULL,'2015-07-01 13:24:55',NULL,NULL,NULL,'Charms Classroom',NULL,NULL,'2015-05-23 09:00:00','2015-05-23 10:00:00',NULL,NULL,NULL,NULL,NULL,NULL,'S',NULL,NULL,NULL,NULL,NULL,NULL,NULL),
(987,542,99704,21,NULL,NULL,'2015-07-01 17:08:26',NULL,'2015-07-01 17:08:26',NULL,NULL,'F','office','Academic performance concern ','','2015-07-02 21:00:00','2015-07-02 22:00:00',NULL,NULL,NULL,NULL,NULL,1,'S',NULL,NULL,NULL,NULL,NULL,NULL,NULL),
(988,542,99704,20,NULL,NULL,'2015-07-01 17:45:58',NULL,'2015-07-01 17:45:58',NULL,NULL,'F','office','Class attendance positive','','2015-07-02 21:00:00','2015-07-02 22:00:00',NULL,NULL,NULL,NULL,NULL,1,'S',NULL,NULL,NULL,NULL,NULL,NULL,NULL),
(989,542,99441,30,NULL,NULL,'2015-07-01 18:13:32',NULL,'2015-07-01 18:13:32',NULL,NULL,NULL,'Charms Classroom',NULL,NULL,'2015-05-23 09:00:00','2015-05-23 10:00:00',NULL,NULL,NULL,NULL,NULL,NULL,'S',NULL,NULL,NULL,NULL,NULL,NULL,NULL),
(990,542,99443,21,NULL,NULL,'2015-07-10 13:23:31',NULL,'2015-07-10 13:23:31',NULL,NULL,'F','office','Academic performance concern ','','2015-07-11 13:00:00','2015-07-11 14:00:00',NULL,NULL,NULL,NULL,NULL,1,'S',NULL,NULL,NULL,NULL,NULL,NULL,NULL),
(991,542,99446,20,NULL,NULL,'2015-07-17 15:27:45',NULL,'2015-07-17 15:27:45',NULL,NULL,'F','hut','Class attendance positive','','2015-07-18 13:00:00','2015-07-18 14:00:00',NULL,NULL,NULL,NULL,NULL,1,'S',NULL,NULL,NULL,NULL,NULL,NULL,NULL),
(992,542,99446,19,NULL,NULL,'2015-07-17 18:37:02',NULL,'2015-07-17 18:37:02',NULL,NULL,'F','iiiiii','Class attendance concern ','','2015-07-18 13:00:00','2015-07-18 14:00:00',NULL,NULL,NULL,NULL,NULL,1,'S',NULL,NULL,NULL,NULL,NULL,NULL,NULL),
(993,542,99704,19,NULL,NULL,'2015-07-22 13:28:35',NULL,'2015-07-22 13:28:35',NULL,NULL,'F','Black Lake','Class attendance concern ','','2015-07-23 14:00:00','2015-07-23 15:00:00',NULL,NULL,NULL,NULL,NULL,1,'S',NULL,NULL,NULL,NULL,NULL,NULL,NULL),
(994,542,99704,20,NULL,NULL,'2015-07-28 21:56:03',NULL,'2015-07-28 21:56:03',NULL,NULL,'S','Headmaster\'s Office','Class attendance positive','','2015-07-29 13:00:00','2015-07-29 13:30:00',NULL,NULL,NULL,NULL,NULL,0,'S',NULL,NULL,NULL,NULL,NULL,NULL,NULL);
/*!40000 ALTER TABLE `Appointments` ENABLE KEYS */;
UNLOCK TABLES;

--
-- Table structure for table `AuthCode`
--

DROP TABLE IF EXISTS `AuthCode`;
/*!40101 SET @saved_cs_client     = @@character_set_client */;
/*!40101 SET character_set_client = utf8 */;
CREATE TABLE `AuthCode` (
  `id` int(11) NOT NULL AUTO_INCREMENT,
  `client_id` int(11) NOT NULL,
  `user_id` int(11) DEFAULT NULL,
  `token` varchar(255) COLLATE utf8_unicode_ci NOT NULL,
  `redirect_uri` longtext COLLATE utf8_unicode_ci NOT NULL,
  `expires_at` int(11) DEFAULT NULL,
  `scope` varchar(255) COLLATE utf8_unicode_ci DEFAULT NULL,
  PRIMARY KEY (`id`),
  UNIQUE KEY `UNIQ_F1D7D1775F37A13B` (`token`),
  KEY `IDX_F1D7D17719EB6921` (`client_id`),
  KEY `IDX_F1D7D177A76ED395` (`user_id`),
  CONSTRAINT `FK_F1D7D17719EB6921` FOREIGN KEY (`client_id`) REFERENCES `Client` (`id`),
  CONSTRAINT `FK_F1D7D177A76ED395` FOREIGN KEY (`user_id`) REFERENCES `person` (`id`)
) ENGINE=InnoDB DEFAULT CHARSET=utf8 COLLATE=utf8_unicode_ci;
/*!40101 SET character_set_client = @saved_cs_client */;

--
-- Dumping data for table `AuthCode`
--

LOCK TABLES `AuthCode` WRITE;
/*!40000 ALTER TABLE `AuthCode` DISABLE KEYS */;
/*!40000 ALTER TABLE `AuthCode` ENABLE KEYS */;
UNLOCK TABLES;

--
-- Table structure for table `Client`
--

DROP TABLE IF EXISTS `Client`;
/*!40101 SET @saved_cs_client     = @@character_set_client */;
/*!40101 SET character_set_client = utf8 */;
CREATE TABLE `Client` (
  `id` int(11) NOT NULL AUTO_INCREMENT,
  `random_id` varchar(255) COLLATE utf8_unicode_ci NOT NULL,
  `redirect_uris` longtext COLLATE utf8_unicode_ci NOT NULL COMMENT '(DC2Type:array)',
  `secret` varchar(255) COLLATE utf8_unicode_ci NOT NULL,
  `allowed_grant_types` longtext COLLATE utf8_unicode_ci NOT NULL COMMENT '(DC2Type:array)',
  PRIMARY KEY (`id`)
) ENGINE=InnoDB AUTO_INCREMENT=4 DEFAULT CHARSET=utf8 COLLATE=utf8_unicode_ci;
/*!40101 SET character_set_client = @saved_cs_client */;

--
-- Dumping data for table `Client`
--

LOCK TABLES `Client` WRITE;
/*!40000 ALTER TABLE `Client` DISABLE KEYS */;
INSERT INTO `Client` VALUES
(1,'382nwsdkpl44gs84s448w8g00s4okkksc880og40wgkswcgw0s','a:0:{}','3lmdg9u1qj40wkgc0w088o0c00gcwgcgcggwssogccwgk8w480','a:2:{i:0;s:8:\"password\";i:1;s:13:\"refresh_token\";}'),
(2,'14tx5vbsnois4ggg0ok0c4gog8kg0ww488gwkg88044cog4884','a:0:{}','4v5p8idswhs0404owsws48gwwccc4wksw4c8s80wcocwskockg','a:2:{i:0;s:8:\"password\";i:1;s:13:\"refresh_token\";}'),
(3,'2y0ku7f5748wwwskkk84o00ssgwsgkokks8ogs08ckscckcskg','a:0:{}','365m9433y94w40wccow04g8wwkscccg00gsw44skgw0448c8k4','a:2:{i:0;s:8:\"password\";i:1;s:13:\"refresh_token\";}');
/*!40000 ALTER TABLE `Client` ENABLE KEYS */;
UNLOCK TABLES;

--
-- Temporary table structure for view `DASHBOARD_Student_Calculations`
--

DROP TABLE IF EXISTS `DASHBOARD_Student_Calculations`;
/*!50001 DROP VIEW IF EXISTS `DASHBOARD_Student_Calculations`*/;
SET @saved_cs_client     = @@character_set_client;
SET character_set_client = utf8;
/*!50001 CREATE TABLE `DASHBOARD_Student_Calculations` (
  `Calculation Type` tinyint NOT NULL,
  `Calculated Students` tinyint NOT NULL,
  `Students With No Data` tinyint NOT NULL,
  `Flagged For Calculation` tinyint NOT NULL,
  `No Survey Data` tinyint NOT NULL,
  `Total Students` tinyint NOT NULL,
  `Calculated Percentage` tinyint NOT NULL,
  `No Data Percentage` tinyint NOT NULL,
  `Calculating Percentage` tinyint NOT NULL,
  `No Survey Data Percentage` tinyint NOT NULL
) ENGINE=MyISAM */;
SET character_set_client = @saved_cs_client;

--
-- Temporary table structure for view `DASHBOARD_Students_With_Intent_To_Leave`
--

DROP TABLE IF EXISTS `DASHBOARD_Students_With_Intent_To_Leave`;
/*!50001 DROP VIEW IF EXISTS `DASHBOARD_Students_With_Intent_To_Leave`*/;
SET @saved_cs_client     = @@character_set_client;
SET character_set_client = utf8;
/*!50001 CREATE TABLE `DASHBOARD_Students_With_Intent_To_Leave` (
  `org_id` tinyint NOT NULL,
  `person_id` tinyint NOT NULL,
  `survey_id` tinyint NOT NULL,
  `decimal_value` tinyint NOT NULL
) ENGINE=MyISAM */;
SET character_set_client = @saved_cs_client;

--
-- Temporary table structure for view `Factor_Question_Constants`
--

DROP TABLE IF EXISTS `Factor_Question_Constants`;
/*!50001 DROP VIEW IF EXISTS `Factor_Question_Constants`*/;
SET @saved_cs_client     = @@character_set_client;
SET character_set_client = utf8;
/*!50001 CREATE TABLE `Factor_Question_Constants` (
  `datum_type` tinyint NOT NULL
) ENGINE=MyISAM */;
SET character_set_client = @saved_cs_client;

--
-- Temporary table structure for view `Issues_Calculation`
--

DROP TABLE IF EXISTS `Issues_Calculation`;
/*!50001 DROP VIEW IF EXISTS `Issues_Calculation`*/;
SET @saved_cs_client     = @@character_set_client;
SET character_set_client = utf8;
/*!50001 CREATE TABLE `Issues_Calculation` (
  `org_id` tinyint NOT NULL,
  `faculty_id` tinyint NOT NULL,
  `survey_id` tinyint NOT NULL,
  `issue_id` tinyint NOT NULL,
  `cohort` tinyint NOT NULL,
  `student_id` tinyint NOT NULL,
  `has_issue` tinyint NOT NULL,
  `name` tinyint NOT NULL,
  `icon` tinyint NOT NULL
) ENGINE=MyISAM */;
SET character_set_client = @saved_cs_client;

--
-- Temporary table structure for view `Issues_Datum`
--

DROP TABLE IF EXISTS `Issues_Datum`;
/*!50001 DROP VIEW IF EXISTS `Issues_Datum`*/;
SET @saved_cs_client     = @@character_set_client;
SET character_set_client = utf8;
/*!50001 CREATE TABLE `Issues_Datum` (
  `org_id` tinyint NOT NULL,
  `faculty_id` tinyint NOT NULL,
  `survey_id` tinyint NOT NULL,
  `student_id` tinyint NOT NULL,
  `issue_id` tinyint NOT NULL,
  `cohort` tinyint NOT NULL,
  `type` tinyint NOT NULL,
  `source_id` tinyint NOT NULL,
  `source_value` tinyint NOT NULL,
  `modified_at` tinyint NOT NULL
) ENGINE=MyISAM */;
SET character_set_client = @saved_cs_client;

--
-- Temporary table structure for view `Issues_Factors`
--

DROP TABLE IF EXISTS `Issues_Factors`;
/*!50001 DROP VIEW IF EXISTS `Issues_Factors`*/;
SET @saved_cs_client     = @@character_set_client;
SET character_set_client = utf8;
/*!50001 CREATE TABLE `Issues_Factors` (
  `org_id` tinyint NOT NULL,
  `student_id` tinyint NOT NULL,
  `survey_id` tinyint NOT NULL,
  `issue_id` tinyint NOT NULL,
  `cohort` tinyint NOT NULL,
  `factor_id` tinyint NOT NULL,
  `faculty_id` tinyint NOT NULL,
  `permitted_value` tinyint NOT NULL,
  `modified_at` tinyint NOT NULL
) ENGINE=MyISAM */;
SET character_set_client = @saved_cs_client;

--
-- Temporary table structure for view `Issues_Survey_Questions`
--

DROP TABLE IF EXISTS `Issues_Survey_Questions`;
/*!50001 DROP VIEW IF EXISTS `Issues_Survey_Questions`*/;
SET @saved_cs_client     = @@character_set_client;
SET character_set_client = utf8;
/*!50001 CREATE TABLE `Issues_Survey_Questions` (
  `org_id` tinyint NOT NULL,
  `student_id` tinyint NOT NULL,
  `survey_id` tinyint NOT NULL,
  `issue_id` tinyint NOT NULL,
  `cohort` tinyint NOT NULL,
  `survey_question_id` tinyint NOT NULL,
  `ebi_question_id` tinyint NOT NULL,
  `faculty_id` tinyint NOT NULL,
  `permitted_value` tinyint NOT NULL,
  `modified_at` tinyint NOT NULL
) ENGINE=MyISAM */;
SET character_set_client = @saved_cs_client;

--
-- Temporary table structure for view `Logins_count`
--

DROP TABLE IF EXISTS `Logins_count`;
/*!50001 DROP VIEW IF EXISTS `Logins_count`*/;
SET @saved_cs_client     = @@character_set_client;
SET character_set_client = utf8;
/*!50001 CREATE TABLE `Logins_count` (
  `person_id` tinyint NOT NULL,
  `cnt` tinyint NOT NULL
) ENGINE=MyISAM */;
SET character_set_client = @saved_cs_client;

--
-- Table structure for table `RefreshToken`
--

DROP TABLE IF EXISTS `RefreshToken`;
/*!40101 SET @saved_cs_client     = @@character_set_client */;
/*!40101 SET character_set_client = utf8 */;
CREATE TABLE `RefreshToken` (
  `id` int(11) NOT NULL AUTO_INCREMENT,
  `client_id` int(11) NOT NULL,
  `user_id` int(11) DEFAULT NULL,
  `token` varchar(255) COLLATE utf8_unicode_ci NOT NULL,
  `expires_at` int(11) DEFAULT NULL,
  `scope` varchar(255) COLLATE utf8_unicode_ci DEFAULT NULL,
  PRIMARY KEY (`id`),
  UNIQUE KEY `UNIQ_7142379E5F37A13B` (`token`),
  KEY `IDX_7142379E19EB6921` (`client_id`),
  KEY `IDX_7142379EA76ED395` (`user_id`),
  CONSTRAINT `FK_7142379E19EB6921` FOREIGN KEY (`client_id`) REFERENCES `Client` (`id`),
  CONSTRAINT `FK_7142379EA76ED395` FOREIGN KEY (`user_id`) REFERENCES `person` (`id`)
) ENGINE=InnoDB AUTO_INCREMENT=187 DEFAULT CHARSET=utf8 COLLATE=utf8_unicode_ci;
/*!40101 SET character_set_client = @saved_cs_client */;

--
-- Dumping data for table `RefreshToken`
--

LOCK TABLES `RefreshToken` WRITE;
/*!40000 ALTER TABLE `RefreshToken` DISABLE KEYS */;
INSERT INTO `RefreshToken` VALUES
(7,1,99704,'ZGUzNDRjMWRjODYyOWYwNzNjZjgwNjFlNTdhMjkzZTRmOGVhODYwMzkzOTZmNDhiN2Q3OTIwZmZmZTA4YmI3NQ',1435780392,'user'),
(8,1,99440,'YzdhNjlmZTg1ZTZiNTJmNWViMGQ5NTViZmIyYTY4MmU2MzUwNjE4MTZmYmVmYTAzYmNiYzA0YWMzMGQ3OGM1Mw',1435780521,'user'),
(9,1,99704,'OGUyZjliZmQ1MGE1YmE2NGZiN2RkZDlhODJmZWQxZDhjY2Q5ZDY5YTgxZmZmZDkwMTQxYWE1MzA3NzY0MTdkYg',1435939551,'user'),
(10,1,99440,'YTMzNmM5ZDI5ODc1YTUwYmNmYWE0NjY3MTlkZjliZTMzNzIyYjA4MzgwOTdiZjYwOWM4NjhkNjM2MzVkOTIyMg',1435948378,'user'),
(11,1,99704,'MTdiNmMyMWU2NzhlYjU5NDczODU0ZDljZDFiNzMyMWU3MWVlOGNmN2U0YzBkNDQ3YzcyZGQ5NGNhYjUwNzI2OQ',1436812914,'user'),
(12,1,99704,'ZDVlYzAxNjM0MTNmYmJlOGQ5ZTE0NTU0NDk4MzcwN2M5N2UwYmUyZjNjNWQzYjhiMmEyODYyODNjOWVjMjZlOA',1436966632,'user'),
(13,1,99436,'YmNmMTAwODgyZTJiZGRkOTZiYzg4Y2E1MTUyODZiMWM3MTJlNDRjZDVlY2U2YzNlZmNhYjNmNmIzYWRhNjQ0MQ',1436966634,'user'),
(14,1,99705,'ZTVlNjc0ZDJmNjZhMGYyYTQ0MjE2YWRlYjU5YmVhZGZlMzllOTRmMWIzNGZmNTY5NGQwZWMyMTQyZDJiZTYyYQ',1436966635,'user'),
(15,1,99440,'OTVkM2E2ZGZkODdhMjY5MDM4YzhmYWIwZDBjOWQyODQ5Y2I4NzEyOGU2MTI0NmEzNzM0ZGFlNTQ4ZjcyZDM2YQ',1436966636,'user'),
(16,1,99447,'ZDdjNjE1MDhjODBjMmMyMDM3OWNlNDRhMTk2N2FiYjYzYTcwNWViMmUzNDU3NjRiYTI4YjNmMjMzZmNmMjNhMA',1436966637,'user'),
(17,1,99442,'MzBjMGE0MTM3NjM3ZmJmZWU0MjE4MzU2NDU3MzU1Nzg5YjNhNmQ3MzVmNTJiZDkyMmUzNTg2ZmU2OTk0ZWMzNQ',1436966638,'user'),
(18,1,99441,'ODg0MzhhMTM0NDI0YmY3MDhhOTBmZDM2MTg5ZDcxNGQ5ZTRmYmVmMWZhMWQ1MjUzYWE5OTM5MDZjMjJkNmQ0Yg',1436966639,'user'),
(19,1,99440,'OGM1ZDk1MWY2MTBmMGMwZGE1ZmQyMmI0ODM3ODc5ZGVkNWNlMzliMTYwZDI5MWM5YzRiMzgxYmIwODhmYWQxMQ',1436966640,'user'),
(20,1,99447,'ZmM4N2Y3MDQyYTI2MDEzMzg5MzcxZTk4ZTFlMzU3NDE0YWI1NDQ5N2M2ODM1NzdmMmEzODUwYWE1MjRkYTAyZA',1436966641,'user'),
(21,1,99440,'NmNjYzY3NmNiNzI5ZTlmYTgyZTFhZmRlOWY5OTRkMjE0N2ZjYTI5NTdjOGEwMDU3MWQzMjY1NDFlOWMxYjE5OQ',1436966641,'user'),
(22,1,99447,'OTE5YWVkNmRiY2Y1NzI0NGNkM2Q5MjU4ZmJhM2E5ODVjN2RlMzJmOTNhNzkxMTczOWMyZDVhZmIwZGE0NWZhZA',1436966642,'user'),
(23,1,99440,'NDEyMGNmZDdjMzRhMzdjYmJlMGMzYzZmMjI4YWM2NWE2ZTJmZGUyZDNjYTYyZDNhZTYxZTA0NzAxMzg4NTM5Mw',1436966643,'user'),
(24,1,99447,'ZmU3Nzg1NTM5OTUyZjcwZmQwMDFhZjI0NmUxODIzNzVmYWIyZjFlMDJmZDc3MmY5YTU2MjhjYmUzN2RhZTc2Yg',1436966644,'user'),
(25,1,99440,'NzNlOGYyODE3Yzk0ZTViZjQ3YWQ1OGZjOTk4ZjQ2NGE0NGE0MDU2YjViZDdkYTliNmFhNWYzNTliOGE4NTE3Nw',1436966645,'user'),
(26,1,99447,'ZDIwN2ZhZDRhMzFmMTNlZTdjNzM3MzYyZjcyNTZjZGJiMzJmMjJjOTc5NGE0YjM0NjkyYjExZDNlMzFiYWMwMA',1436966645,'user'),
(27,1,99440,'NThkZjk0YjAxYmQ3Y2E3ZmNlYjIzOWM3Yjk2OTEwY2ZjMmYxMTk2OTA5ODFlMDVkZTQzZjU4ODI0ZDY0N2IyYw',1436966646,'user'),
(28,1,99447,'NzdhNTFjMGVhNjcxMDg4ZDU2ZWVhYzQwNWZlNjVkYjEzMjRhMjUyMDg3YTJhNWJkZjIyOTI1YmE4Y2ZkNjlkZQ',1436966647,'user'),
(29,1,99440,'NmFjMzIyYzJhNTI4YTM1MmIyN2JiMTU4NzQwYTM3MjZkZmU3OGYzNWNmYWJmZTJhZjYyY2FjYzcwZGI1ZjliMA',1436966648,'user'),
(30,1,99447,'ZGVmODFhYWQ4Y2QxMTA4MmNmZmVkZGNhZmY1YThjYmM3YzJjZjM0ODU3YzJlODA1NWUzNmRhOTlkYmFlYmIxMw',1436966649,'user'),
(31,1,99440,'YjIxMTUyNjdiOWM1YWM3NDMwYjBiOGY1OGJjYTU0ODk0ZTAwN2ExOTZjNjMyNTIyYmM4MTJkODc4MGVlMThhMQ',1436966650,'user'),
(32,1,99447,'ZjdjMmUyOTMwNTAzM2NhNDMxNGQ5MDRkZmMxMDg5ZTMxNjYyMTQxODliMmUzYzU3ZTFkMDQyNDcxNGY0NDNlZA',1436966650,'user'),
(33,1,99440,'MDhmNjJiYzVjMTI3MGRlZjY0MzhkZTNmZDc5OTNjMzU1YzljYWJmYTJlN2Y3MjA1MWRmN2Y4MDA4ODc0ZTA5NQ',1436966651,'user'),
(34,1,99447,'MDdkOGUxN2U3M2ZlNzIwZDI1MmQwMGVjNThiYWFmZGEwYmFmYTMxYTYxMmZlY2E3MzI4NjNjOWQ5YjBiYzExMw',1436966652,'user'),
(35,1,99440,'NjdhNjBkOTdhYWE4MDc3NjdkNjAxMTUxODU4OTc5MzZiMzQ1Mjk3YWM1MmZiNTQ5ZWYwODg0MzJmYmMzMjgwYg',1436966653,'user'),
(36,1,99447,'OTE5NzY5YjI3YmJmZWJkNTJiOTY4NTcxYjNmNDI3ZjRjNDRmNGEwYzZhM2I0YWRiM2JjYmRlZGJiNWZkNmVmMg',1436966654,'user'),
(37,1,99440,'YjNhNmEwYzgwMzA2MmJkMWVlZTMwOThmNGYzMDQ2MTIzZjVlOTgwMTk3ZDcyMjNmYjM4OGFmZjYyOWE4ZDA3Mw',1436966654,'user'),
(38,1,99440,'YWNjNWE5OWVlYjg0NmI0YTYwOTg3MjJlYzg2NTFmNmM5NTZjODZmZWY5MTAzNWY2NTA3MzExNTZiODFiMDQyOQ',1436966655,'user'),
(39,1,99440,'MjhmNDkzMDcwYmI1YjFhM2ZiNWIxODQ2YTJmMTk3YjAwMmUzODgwMDI4OTFkOTE0ZTEwNWZiY2U3OWQzNjRlMw',1436966656,'user'),
(40,1,99440,'ODFiOTlmMTA1YzljZDFiZjJkMDBkYzNkOTZiMTQyYjRjNjJjY2I0MmRhYWZiNmZlZDNiOTk0NjcxNDM5MGNkMA',1436966657,'user'),
(41,1,99440,'ZDg3MDg1NjJjNDk0YTg2ODg3ZDI0NTRkN2Y5MDVmZDU1OTlhY2Y2YTZhM2QzOGFiZjA2Y2E0MDE2ZmVhYTYwNg',1436966658,'user'),
(42,1,99440,'NTdiMTI0ZGY4MDY0MDg4NTExOWIxODg5N2ZmNTBhOTQzNjZkODM4NzgwNmVhMmM0MTM2ZThmOGM4YmJjY2VlMQ',1436966659,'user'),
(43,1,99440,'ZmM4MDg5NjllYTI1ODE4MjE4ODZkNjFlOTA3NDNiYzNhYzc4NDNkN2JkODdmMTY3ZjA4NGJjNDA1NWVjYmY5NA',1436966660,'user'),
(44,1,99440,'ZjBkYzQzNjdmOTM0YzI3MTMyYzJhNTZhMjQ0ZWQwMjM3MTc1YmZmOTkxNTI5OTBhYTljOGFjM2FhZjIyMzI3Yg',1436966661,'user'),
(45,1,99440,'YjdlYTU3ZjI0Zjg0YzhlMGI0NzNhMDUyZmY1Njg0YjVhYzk0Nzc1M2ExN2U1NDFkMzM4YmYxNTgxMTI0OWZhYw',1436966661,'user'),
(46,1,99440,'YTIzMjFhOTI1MjQ3ZDMyZmQxZDViOWZkNWVjZTEyZjljODViNGQ2MDdiMjAyMjE3MDhhOTg5NDAyZDM1YzEzMA',1436966662,'user'),
(47,1,99440,'Mjk1MWIyN2JjY2JkNWIzYjQzMzc3Y2Y1NTgxNGE3MTY0NmNlNTM2YjZiNThlODA5ZTE0ZTRlODI5YTYwOTAwNQ',1436966663,'user'),
(48,1,99440,'NmYwM2U3NDIzYTY0MGFhZWU2Mzc0MjY0Y2FhNDZkZTNjYWQxMDlkZTA0ZmM0OGY4NmM3YTJlNmNlNGExOGEzYQ',1436966664,'user'),
(49,1,99440,'MWVmMjIzNmRhNmIzYWEwOGNiYzJkMGI3NTM1NTJmZDk3M2NiOWY1NzA3ZjUzN2UxMzc0ZmNlMmUzMjQ4OGMwNQ',1436966665,'user'),
(50,1,99440,'Y2Q2MThkOGJjYjU4YTlmODVmZjljNWFiNTA4N2NmOTgzNmM1MGM5ZWZkYzAzNTY5OWZkOGFhZWUzM2EyMzNiZQ',1436966666,'user'),
(51,1,99440,'MjA4ZDE0ZjI2NGUxZjdkNzU5NGY0YTMzMjU2ZGU1MTZjMTkwNzRlMDUzZWUwOTFkYWQ5NmM1ZmUwNjAzYjE0Yw',1436966667,'user'),
(52,1,99440,'YmEzZGRkMTRhMDU2MDllYjdjZDhkZWE0MjMzZTUxODVjZWY5NTM0MTE3MWExN2I2OTg5MmVhMzRlYzM5YzE4Mw',1436966667,'user'),
(53,1,99440,'ODVhY2JhODRhMDkxNjc1M2RlNTliZjk4ZGJkMTI3MWY0YTQ1YjVhYjI3ZDk5ODhmNWYxOWZmNjIyYmViZmI5Yg',1436966668,'user'),
(54,1,99440,'OTU4N2ZmNDBiNjk2MzhlYmM5YzkwOGYxZDJiNjhlODBkYzZkZjcyZmE3ZjczZWE1MDA2ODlmMDYyOGNlNjY4Zg',1436966669,'user'),
(55,1,99440,'NjBlZjZlNTMwMDA2OGI5OTI0NTM0ZWVlYTZhZWZmZjY5YTU5ZjdmMjcwMGVjM2ViMDBjOGVhNDIyNjRhNjc5Zg',1436966670,'user'),
(56,1,99440,'NzZkOWI2OWYxN2E5YWY0ZGYzN2FmZjFkMmZlN2I4MmNhY2NkZTBjMjU2OGI5YzJmOWU1ZWU0MDIxOGZjM2I4Yg',1436966671,'user'),
(57,1,99440,'NjY1ZjI3N2M5ZDQwODE4NzE5YTg3NzkwNWJlMjczMjExZTMzYTkyYjQ2NzIzMmY3OGEzZjliYTBiNTMwNjAwZA',1436966671,'user'),
(58,1,99440,'MThiZDVjNjI0MDg3OGQ3NzZlNWMyMmRhNDAwMWNkNGQ2ZjcyNmIxM2UzYTg4ZWI1YTMyOWYyY2M2OTQxOTg1Mw',1436966672,'user'),
(59,1,99440,'YTIyN2ZkYWM2MzI0YjYyZTI5NGFkMjAyZmI4MGIyZTgyYzBmNTVmMWQ0ZDg3MWNjNjVlNWY4MWI5OTZiNmI5Ng',1436966673,'user'),
(60,1,99440,'MjgxNTY1N2Q4YzVkYjY4NTJlYTVjZTUxNzdiYWY3OGRkN2Q2ZDczMTBjZDI0MzJlY2MyYTNlZDY3OTEyMzFiNw',1436966674,'user'),
(61,1,99440,'OGUzZDhjNzg1YThmMDhmYmFlNzFlOTgyNmFmYjg1MzU5NGMyZjdhMGNmNmQ2OGUwNTQyMmIxMmU5MzYzYWEzNQ',1436966675,'user'),
(62,1,99440,'MzY3MzM5ZjRiYzBiNzJlNGMyNzRjODVhMDZlNzVlOGRkNDliZmFmODQ5NjY3N2FlMTc1NjM3ZGUxNTExOWEwYg',1436966676,'user'),
(63,1,99436,'NGU4ZTczM2U4YzZiMjBiNGU4OTJjMzFmODIwN2MwNGY5NzZmOWZkNGU1NWQ0NmQ0MmYxMDJlOWJlNjI2ODdkYQ',1436966677,'user'),
(64,1,99436,'M2ZjZmQxY2YzZGI5NWY5ZGI1MTkzYjc3MDI5NGIzNmU5NjFiNzY0YTA2Mjc1MmY2YjJiMjNmYzFmNWYxYjk2Nw',1436966677,'user'),
(65,1,99436,'NjkwYjc2YWU2ZTU3YTFmMDg3MDg0MWQwMmZiNzQ2ZWE3OGM4NjA2NzYxN2Q2OWZmODAyN2I4N2JmMTZjZGM0NA',1436966678,'user'),
(66,1,99436,'OWVlNjgxODljZWI0NmY3NDhjOGM5NjlmNWNjMGIwYWI1MDQ4OGUyNzFkMGIyYzA2M2NlMmY1ZjRiZjUzNDkxZg',1436966679,'user'),
(67,1,99436,'ZDQwY2JjZGJjZjZmMDBiYTc1Mjg4MjRiZjkyZDM5Mzc1NjVmOWEwYjk5ZGFjOTEzOGI0NmRlZWExYWVjNWI5NQ',1436966679,'user'),
(68,1,99436,'YzExOTMyODk2NDVhMGM5NjViNjFkZWVmYTdiZDkxNWQwNTc5Y2E3NmVmNGQ4ZDk0MjljZTZjNGJhOTk1NzI3NQ',1436966680,'user'),
(69,1,99436,'YWYzMzY0OThmYTY2NzA2MWY2OWU1YWY3MTdjY2FmNDJhY2NkYzNjMWEzZjU1MTA1NmIyMmVhZGRlNTI5ZWI1OA',1436966681,'user'),
(70,1,99436,'MjJmZWU0YWYxOWVlMzVhZGJmMmJmNWJkZTViMGE2ZGU2OWQyNmE2MzBiZDM1Y2RhMDRiYWVlZjA3ZWQxMmQ4Mw',1436966682,'user'),
(71,1,99436,'NzdjMjFkMjQ4YTUwMzY4MTM3ZDcwZmUxOTVjY2U4M2Q5OTkyNGQ2MmQ0NjQzMDFmOTk0NThmNzNjN2Q1YzExZA',1436966682,'user'),
(72,1,99436,'NDJkZmEyMDNlYjg0N2M1N2YwZTNlOWQ4N2U0YmUxOWQ4MjZiZDExY2Q5OWZhMTUzMTA3ZTVmZGM2ZWIyYTNiMg',1436966683,'user'),
(73,1,99436,'YThjYjEyNGZmODQyNTgyNjI1ZmE5MjRkYzU2MTEyMmI1MjM4N2U1NDY1NDhiODA2NTY5YjEyYjUxZjQyZjY0Mw',1436966684,'user'),
(74,1,99436,'ZWIwNjZmY2IzMDNjNTNkODM5NzM2YjE3MzU2MGVjMjMzNDRjZmM3MjliNGUxZTcyZTM1ZjRhNWZhYTA4MjNhZA',1436966685,'user'),
(75,1,99436,'ZGU5YmYyODdjNGI4MDBmNDQ0MjY3ZjAzM2E2NzY4YTcyOTM1OTllMmExZjNjOGE2NjM5OTA1NmIxNTg5MDMxNw',1436966685,'user'),
(76,1,99436,'MzhhYmE1ODhiZDAyMWM2NGUyMjQ3MWQzNGIwYzk1MmYxMWRjMWU3YmI1M2VkMmFlYmU0YThjYzA0MTNhMWJjYw',1436966686,'user'),
(77,1,99436,'NTcxNGUwNjQ0ZDI2OTBiOTU2YWM2MzdlMDhkMTI1NTczY2QyMGM5NGY0ZGJjYjEwODQ5YmRhYWVhMzRkODRhZA',1436966687,'user'),
(78,1,99436,'NjBkOWU1ZWYwNmQ0MzIxZWI0NjgwMGMyMmMwZjUwYWZlOGEzNDg0Mzc5NmFmZTQwYTI3NGJjNTM0NjRhZmQ5Nw',1436966688,'user'),
(79,1,99441,'MjNkOWU2ZDA3YzNiM2Q3ZWEzMGZlMmFhMzQ3ZmE0MDNjMjE0MDRiNzk3MDc4MTUxNWM4YjI4OWUzMDM1ZWNhNw',1436966688,'user'),
(80,1,99441,'NTBmZjJlMzI4NjE3YWMyNDNmNjdiNjA4NDAwZWM4ZjY4ODNiYTNhNzIxNTczNzk0Y2FkMTViNjhmY2RmODgxNw',1436966689,'user'),
(81,1,99441,'OTU5NWU4OWE4MDIxMzdlYjk0YzM0NTQ3Y2I2NzQ5OTNhNWVlNzkxNDZlMTBlMGUwNTU1YWUzMWJkNWQ4MTc5OQ',1436966690,'user'),
(82,1,99441,'NWExZWViNmQ5OWFjNjQ4MmQwZDVmOThkMzdiMmE5MjQ0OTNmYTNlODliMTQ4ZmQ2OGM4Njc2ZGFiZTA3NzY1OA',1436966691,'user'),
(83,1,99441,'ZjYwNWJhOTA5ZDIxNDZlMDFmNGFjMzY1MzkwZGY3YmVmMjM2ZTU3NDM2YWM2YmFlMTkyMGQzNDRkM2RmY2NiMA',1436966692,'user'),
(84,1,99441,'NmI4YTQzOGY3ODg0MDk0OGU4YThmYjQxMTM1MTkxNWYyYzRhMDhlNTFmZjk2ZTYxZGJlY2M0MmRmMzc5YTk4Mw',1436966693,'user'),
(85,1,99441,'MzBhNWMzMDZiZWMzNTNlNWJjNjdjZWUyNmI0MmQxYTg5YmE3NmQwYWM5MTc1MDVkNjE5YTM5NzRlZGZkYmExNA',1436966693,'user'),
(86,1,99441,'ZjMzYjUxNmY5NjlmZWMxNTZkNzU3MGZlNDY4NmViNmFjMWQxZDNlOTI4NzQ1ZTMwYjc0OTU0NjhiYzM0NzkwNg',1436966694,'user'),
(87,1,99441,'ZjI1NjgzMGVlZTcwYWU0OWZiZmZmZWFlZTM1ZmQyMDNlODEzZWNhYjdjNGMxNGM1ODg2ZTNkOGQ2OTkxODM1Yg',1436966695,'user'),
(88,1,99441,'NDhmZmNjNDgwZTkzNDFlMzU1MGJkYjdhYWEyY2JmNzdhYWQ3MjI2YjIzMDU2OTUwZmVlOThhNjg5ODhkZWFiMw',1436966696,'user'),
(90,1,99704,'NThjMmMzOWI0MjRhNjVmZjUxM2MwZjM5NTZkODg2ZTIyNGU4M2JhMGQyZTQ3YTMwMTBmZTBjZTU4M2JhMTQ0Yw',1436977428,'user'),
(94,1,99441,'YjMzZDZlNDRmNDRhZDI4YjRjZmE1ZDQ5YjEwYjA2ZTQ1ZjY3MGY1NjcyNzM1NGEwOTFmZGI5MjAyMjJlNzc5NQ',1436982733,'user'),
(95,1,99704,'NzgxNWQwYzNiZmE1YzE4NDQzM2UyZjI5YzExZjRlYzlhMzY4MGM4ZjAzNjU0NDhiYzJlMGM3ZDE5MmZhYTFjZg',1436983417,'user'),
(96,1,99441,'OGFlNzM2MGI5Mjg2MzYwNjgwNjljMjI3YjFlMmNiZWJmNzdmOTUwY2EyYTRkYTllMTU0ZjkwMTU5NGJmZjgyNg',1436984002,'user'),
(97,1,99441,'MDczZTJlODAwNDJkZDNhMDAyMzE0YzhhMDUzZjViMzEzMjA2MzY0ODBkYTc5ODkxNDUyNWIyMzdkNjM0MzExZA',1436984003,'user'),
(98,1,99441,'NTFiZjlkMmE5MzM0MmMwYzBjYTdkZGUyMzRkODIxZDNlMTBiNDA4NzNlNzAxNTVlZDgzZDAzNzZhNjBlMTk2YQ',1436984003,'user'),
(99,1,99441,'NGQzN2FkNzA1YzNlNjFjYWM3NjcxYTUxNjQwZGQ2NGEwMjkyNDQ5OTI5MWFlMjgzZGE3OTNhZmRlNGQ2MDIzNA',1436984004,'user'),
(100,1,99441,'MWE4YTk3NGU4ZTJlODFkZDM2MDYzOTUxMDZhYTk3OGY4NWRhZjQyN2U2NjE5Y2UzM2M0MzZlNmU0YmJmYTc1MA',1436984005,'user'),
(101,1,99441,'NzcyZmQ5ZTI5MmJkYzZmOGUyYjUzZTJjNzkzMzJkMTkyY2UxMjdkYzBmN2FkOWY5OTJjYWIyZmM2M2RhYjJlMQ',1436984005,'user'),
(102,1,99441,'ZTNjYTM3MjYwYjAwNzk0ZDcyNmMzMWQ1MjkzNTg4OTY0ODEwZDE2MzMwY2RlYmE0N2JmMzk4M2M5NmViZjUwYQ',1436984006,'user'),
(103,1,99441,'MWU4YjA4ZDkwM2NiZWZkYmZmNGQ0MjhkMGUzZDU2NjA2YzExZmE2N2YwYmM4NTEzZDhjZDQ0ZWE5MzFiODEzMg',1436984007,'user'),
(104,1,99441,'MmNlNmRmNzc1NDhkYTg5ZWQ1NjNjYzJlMmU2NTMwMzA4MmMzZDAzNWQwOGVlNWIzODgxNDY3ZDM5YzRjZTExZQ',1436984007,'user'),
(105,1,99441,'Y2VkNmQzYjdhYTQ2ZDM1Yzg0YThjZDg4ZDliNzY0ZTQwOTQ0ODg0NjE5ZWYyYzcwOGZiM2E1MjY1ZGVhMjBlNA',1436984008,'user'),
(106,1,99441,'YTY0YmZhZTBhZWM4Zjc4MzkzOWU4YzMxNDdmNGY2NWI3NTYzNjA0YjlkZjliZjc1YzIzMWMwNThmOGNjODg5NA',1436984009,'user'),
(107,1,99441,'Y2YzMzU1MzA5YWNkZmQ4YjEyMDg5M2ZkNWQ2MTgyZjFiNjNjMDI4NjhkYjhkMzY3NmM0NTFjYjBjMDZmYmVhMA',1436984009,'user'),
(108,1,99441,'OTlkMjNlZmExYTZiMTA0ZjJiNWEyZjlhMmQ3Yzc5Njk3MTdhNzNlMjgxZTQxMmNmOGYwNGY1ZWU3YzMzNGZjZg',1436984010,'user'),
(109,1,99441,'ZjJjMmU0YTkwYzA4OTNlMGEyZDUzYTJhNWM5MmQ2OWNhNWU3YzUwZTcwM2M1NWMzNDMzZDFjNzA0N2I4OTM4YQ',1436984011,'user'),
(110,1,99441,'NTFlZmMzMTkzYjBhZjk0OGZmN2FjNThhNGQxOWZlOGNjNzViNzdhYjIxNjE5NDliNWY5MDcwZWNlOWNmMmU5OQ',1436984011,'user'),
(111,1,99441,'NTgyNjUzNTYwYTA5MzEzMmUxZGYzNTVjYzdlYjIyNmNhNWE4ZDI5YTg2OGZjMzRkODQ4MjZlMGM2NzczYzA3Ng',1436984012,'user'),
(112,1,99441,'YjY3YTZlOGY4N2NiM2E4YjMyNjczZjk3NmEwOTRhNmI1YzIzZmU4NzlkMjE1Y2Y3ZGE5NTQyYzI0M2Y0NjhlMw',1436984013,'user'),
(113,1,99704,'MzZlZmUzMzM3OTFkYmJiMzlhMjU2N2JmNjc1NjVhNDg2NWVkYjk3N2Y1MzQyNTkzMmM4NDljM2QyMTQ3MzVkZg',1436990229,'user'),
(114,1,99436,'YTkxMTY2M2YwMDY4YzExZDhkMWI5N2JhNzcyNTdiY2EzM2I1MDI0ODEyNTAxMGYxYjcyMTM3NGM5NjRiYjIyNQ',1436990230,'user'),
(115,1,99705,'ZjY5NjdhOTU1YzAyMjAxODk4OTJhMTE2ZmFiYjc0MjNhYzAzZDNmY2ZiOWZmOWZmOWI0ODEzMDFkOWMyMjg5MA',1436990231,'user'),
(116,1,99440,'MmE3NmZhMTE0Njc2OTBiNDA4NThjZjNiOTc5ZDVjNzc0YWU2ZGE3NDFkMTNkMTAzNzJjMThkODgxYzMyMWRmYw',1436990232,'user'),
(117,1,99447,'MjNlNDFlNDdiZmZiNmM5YWMwMmQ4OGRiNGQ1MWM1MTRhZTgyMjdlZTk0YWFmYTcyNTM2YmE2ZTc5NjRmNDUyOA',1436990233,'user'),
(118,1,99442,'NTIzZjc0MTZiNjIwMWMxNWNlMzFjNTQxOTFhMzYxZTY5NThmYzkwMzBlODI0YjBjZTU1NmE0NzQ1Mzc3MWQ3Mw',1436990234,'user'),
(119,1,99441,'MGU0OWQ1YzI2YzI2YTE3YzhhNjA0YTUxMmViNDJlYWM1Yzg0Nzk4OWMzZmU5MjdlNjcxOTdiZDAxNTQwYjZhNg',1436990235,'user'),
(120,1,99704,'NzI1ZDI3NzU4MjNiMDE5MWI4MzI2ZGI0YjFlYWI2M2NiMmM5ZDZjZGVmZGJkYjEzMDAxMGY0YjUxYjUzY2UzNQ',1436990282,'user'),
(121,1,99436,'Y2Y3OGY0YzhlZmMwZTk3ZDY1MjljZmM1MGIyMmZlMWFkZmQ5ODY5ZGY2NjFhNzQ0NjY1NjdkZmFmMjFhMDc0OA',1436990283,'user'),
(122,1,99705,'NTYyZjFjOWUwMTFmYjYzM2U5ZDNjYmQ3ZWYzY2FiYjAxYjc5OTJmNDFlZjRlYTBkODg5YWFmOGZhNTNlMGQ4OQ',1436990284,'user'),
(123,1,99440,'Yjk5YjAxYjhiZmZjMWZmZTEwMjMxYWYwNGVlMGU3ZTUyZGVkYjllZjdhMmE4ZTVlNGUyZWU4MjRjYTk1YTYxNg',1436990285,'user'),
(124,1,99447,'NGZlYzU4NjEzZThlMTk4ZjRjNmRkYzU4ZDY3N2NiMjcwZTY1YWFiYTMzNjE1ODVjMDdmYmJlOGIzMDQ0ZmJlYQ',1436990286,'user'),
(125,1,99442,'YzlmMWZiYzRmNmNiN2I4MDk2MDUyYzdkMmJlNTIzZTFkNjcyZTg2ZTg0MDFlNzRjYWE2ZDUzNzE5ZDA1NmRiMw',1436990287,'user'),
(126,1,99441,'N2FkYTMwZDU5NjM1NDA5NTlhNDBmYzI1YzkxNTEyOGJjZjI0NjkxMzNjNmZiYTEyNDkwNzJkYTJkZDhkMTZkOQ',1436990288,'user'),
(127,1,99704,'OTgyZjZhZWYwYWRkN2EyZjdkZTY2Mjk0MzRmZTMyYWY0NzdhODdmZmU3ZDk1ZTgwZjM2YTMzYTk5NTQxMzU4Mw',1436990412,'user'),
(128,1,99436,'MmY1NTRiMTA2M2EzY2IzMDE2Y2ExMzI2OTVkOTZkYjg1NDgwZjNjZDFmNzdmN2ViNzdkNWUwYzRkYWQ0ZWMxYg',1436990413,'user'),
(129,1,99705,'MDczZmJmZjgwOWY4NzJkOTY2NDM2OGQ0ZjZiMjJlMTJlNTA3NjE5ODJlNTM4MzZjMTFmMjFlNzM1ZTdmODk2Mw',1436990414,'user'),
(130,1,99440,'N2YxYjZjNTgzNmI4YjAxMmVkNWE0ODhhZDQzZDU5ZDI0ZDgyMjUxZTMwNWRiYmIyNmE4MzBkNmIxYzY1ZjMxNw',1436990415,'user'),
(131,1,99447,'ODg4MDIwZTE3MGRlMzM5MmMxNTBmYzUzMDE0NzkwYjBjZjE1MzZiYjVhZDQ3N2YwNjM0NTFlMTAwYzU3MWNjNw',1436990416,'user'),
(132,1,99442,'NjM3MmQ1NzEwM2ZkMjc4ZTcxYTY0ODg2OTRjZWQyYmVhOGZlZDU2YzU4YWNlZGRmZjFlN2MwN2UzYjg0MGUyMg',1436990418,'user'),
(133,1,99441,'YWRlMTljM2QzNjlhOWUwMGM1YTQ4NGNhMWZmOGRkOWQ5OWU0M2FmMmViMjYzOTk4MmZhZWVmOTM4MzUyY2MyMg',1436990419,'user'),
(134,1,99704,'ZWRjZmNiZTUyZGY5MDIzMDcwMGMyZDJlMjQ0M2U1YmJhMzFhZWYzYThiMjYyMTJkMmU0OTkwYjVlODNmMWI5OA',1436990456,'user'),
(135,1,99436,'Y2VlOTM5MzRhYWY4NzQ1YWQzM2MxYTcxYTdmNTE5MDE2MjUwZjYwM2JmMjJkMTJlODViM2VlOWVlNDBkZWY4ZA',1436990457,'user'),
(136,1,99705,'MTk1MmJiZTljYjA5ZDRjNjJlNGIxNjM1NDc4NzMxMjYwZTQxOGU0Yjk1ZjI1YWUwZmM2NWIxOWJhYzY2ZGNjYw',1436990458,'user'),
(137,1,99440,'NWIyNmNhOTk3MDdhNDk2OGNlZGE5NWFiZmRhNzNiZTcyZjFlZmMzNDQ4MjdlMjdmODZlZWZmYWRkODg4ZDViYw',1436990460,'user'),
(138,1,99447,'NGJmMzY0M2Y0MTRkODBlODVkYjk0OThhMDcwMTI0ZDkzMTIxMjlhOGQ3NzQ2ODY2N2EyMzIwODI0NThlMjFhOQ',1436990461,'user'),
(139,1,99442,'YmM3ZjAwOTk5MWNhYWQyYWRmMGNmM2U4ZmIyZmExYzkxNTFkMDE4MDQ3YWEwNzQxMmQ1MjI3ZTI1ZWYwOGUyNA',1436990462,'user'),
(140,1,99441,'YThjYzJiMzZkYTNlNDRkZDNjMGI3MjViZGFkZjlhZWZhYzM2MmRhMTYzMmU5NDY1MTBkZmQ0NzE5Y2Y4MjUyMA',1436990463,'user'),
(141,1,99443,'OTQ4NDllZjdmM2Y4ZjJhZjc5Y2JmZDc5NzAyZTQwYWU4NGZiMWFjM2EyMjcyYTU3NGViOWVmNTFjMWRhZmRkNA',1437059518,'user'),
(142,1,99443,'ODU2NzVhZGEwMzc2YzRkYWFhNTBhNTkxZjRlNWUzYTVjMjVlMmI0NWM4NDk1YTQxYjFjM2I2YjQzNGI1M2Y4OA',1437059520,'user'),
(143,1,99443,'MTcxYzhjMWI2NzJlMTMyOGY0YmI5MTg1MjZlYWY2OTMxZTdiYmVmMDdmNWMwMDMxODU5ZWFhNmM4NzQwZjZlMA',1437059521,'user'),
(144,1,99443,'Yzc1ZjU3NzQzOGUwNjQ2ODdmNDQzOWNiMTdkYzBmNGZkZmNmZjg1ZmEyOGNmNWE5YmE2NDZhYTk3ZDMyNGM4Yg',1437059522,'user'),
(145,1,99704,'OTBhN2UyODljYzA2NDQ5YmNkMjQ3YmNhOGExMWY4OWRhYzg3NTVhMDM3ZjBkNDliYzUyYzBkODAyYTlhNjBlYw',1437061730,'user'),
(146,1,99704,'OWJkOTEwYWFiNjk0ZDNkODk3MjU2NmNmMzc0MjA4ODU0ZGJhYTY1Y2IzZWI4ODg2Y2EzNjFkNTMyMWMyYWM0NQ',1437065581,'user'),
(147,1,99704,'YzkyYWEzODAyODNmY2I5NjAwYzYxOWU1OTg4ZjY4MTI3OTFhNmFmZGRiOGVhZWM0MTNkNjg4ODlhZWRhMzhiZg',1437426142,'user'),
(148,1,99440,'NTQyODU2YjY5NGM5MmFmNjE3OGMzNmQ5YzMxMmU3MDlkOTRiZDcwMTE3MzgwMWZjNTEzYTQ4Y2M5MTdiYmI3MQ',1437426350,'user'),
(149,1,99704,'YmRjMDRiNTgxNDk1ZDA5NzQzOGNmMDEwMjNmMjUwZjU5YjA1NjI4YTgxMzc4ZjJkOGIxZjYzOTNlMTg5MjRjYg',1437500399,'user'),
(150,1,99704,'YjhiNDMzNmE3YTVjNmYxNGY0NjBiMWNkOWJiOTc1NWRiMWNkZDVlNDE3Yzg3NWM0Yzk4NWJiMjIxZTg2YzNjOQ',1437504243,'user'),
(151,1,99704,'ODIwM2ZkOTdhMTMwYWY0YzIzMDE4MWZkMjRmOTJhMjIwZjdlOTQzNjExYTBjNDU2NmZhMWZkZDc1MTc0YjU2NQ',1437661733,'user'),
(152,1,99705,'ODRkNWY1Y2VjMzU4YTQ5ZDBlZjI5Njc3NjcyZjkyMTZkMzQ1ZWU3N2MzMzMxOTAwNTU3MGI3NTkwZGMyMmQwNg',1437661995,'user'),
(153,1,99441,'ZDg3OTRmYjgyODhlNzdiYWU2ZGViYWExNGJhNzBiOTkxNTFhMzczZDE1ODllYmI3MzYyZDAzYzdlYmY5YTU5Nw',1437682069,'user'),
(154,1,99441,'ZGZjNzgxZWNmNTEzMzE1OTA5ZmIwOWE2OGUyMzMxNjMyZjNmNDczNGMyMzA4NzM4YTcyZjI2NjlkMjBkN2U1Mw',1437682264,'user'),
(155,1,99443,'OGNjMTAxNjczOTI3MTYzMGRhMTc0NGE5MmQ4OTIyMDFjNmNlOGVkZGE4YjgxZTFmMzEzMmQ3YzEwOWQ4YTBiOQ',1437743894,'user'),
(156,1,99440,'Nzg5N2EzNTdlMzA5OTZlOTI3MjcyYWY1OGEyMGY4NjAwM2ZjMWZkYWU1ODNhYjU3MmIwOWQxOGJiMDY0MWQ5ZA',1438194766,'user'),
(158,1,99704,'MTk5OWVmN2I3ZDAxZmUzODIwMGYyODUyODc1OGFmZTc5M2RhZTk1ZTZmNWE1NDgxNGU4MTEzYTM2NTUyYWFjMA',1438200608,'user'),
(159,1,99440,'OGExMDUxYWMzYTljMzM0ODFhMGI3YzIyNWJiODBhOTVlNGY1MGUyYzJkNWVkOTNlYTQ0NmI3Nzk1MTdhZDJjMA',1438273145,'user'),
(160,1,99704,'ZTBkMzkzZjgxOTdjN2E2MzA4MjBjOTIzMWVlM2FmMGMyYTRlZDhjNDg2Njc0MWJjMmM0MGVlY2JiOGEwYzEwNQ',1438274908,'user'),
(161,1,99439,'NjZlZjUyMDA5MjdlNjAxM2UzZDg1MjE4MTA0MGE5M2U5ZTY0ZGE5Yjk1Mjc0ZWY5ZThlNzVlMzVlYjQ3NTY3ZQ',1438274955,'user'),
(162,1,99446,'OGQ2OWE2N2U4ZWYwMDFjNWRiMDk1ZTAyNjRhYTVmODk0MjQzZjgyZGY2MjgxOTFlYTFmMDU1NTYxYTg4OTE3Mg',1438355659,'user'),
(163,1,99446,'Y2Y5MzNkYTA1Zjc5YzlmOTI3ZDQxMzU1YWI5NDQ1YWI0ZTE1ODc4OWRkYjVmNjg2ODZiZWMwOGU3ZDUyYTllMg',1438355725,'user'),
(164,1,99704,'NGI5NjI3OWFhZjNlN2M4YTE1ZDdjOTY0ZTMwOGM5N2VjNDA0ZGUxNGEwNmIwNGI5ZjA1Yjc5M2FkY2FiMzQ5Zg',1438355828,'user'),
(165,1,99704,'OWQxYjcyZTJjNWQ2N2Y4MDViMjg4YTcwMmJmMmJlYWY0MTE4ZWNkZDA4YjM3MGNjZTMwYzU4NTRmZmUwNjQwMQ',1438356084,'user'),
(166,1,99446,'NTAwMDc4ZDA3M2U4YWU2ZWNiYjI3Yzk1NzM1Y2VkYmI2MTRhODJkMDkyNWM2YmU4MDk0ODVhZTQ3YjEwMGUzYw',1438356165,'user'),
(167,1,99446,'M2MxZTk3YmMwMDUzMDUwZjA2MTVmNWNmNDQ4YTQyMzM5YmNhMGYyOGE0NjUxYTNkOWRmMjIzYjg2NTUyNGQxZA',1438367042,'user'),
(168,1,99437,'NTI4MDEwZWZjOTBiMTA1YzU0OTQwNTg4NGU1ODk3MmVhNWNmN2ZjNzM2YzM3MDY2ODg4MjFmMGUwNzEyNTNhZA',1438608855,'user'),
(169,1,99704,'Y2EzMTM2ZWM2NjkxMjA0YTI3ZTAzYjQ5MWMwNzU1YmIwNzdiNjA4ZmYzNDAwNTEzODY1MDYzNTI5MDU3YWZmZA',1438609151,'user'),
(170,1,99437,'MjAxYjFmOTY0MDY2ODBmNjk0YTcyNWQ1NTRjMTA1MjVjYzU2NzcxN2Y0ZmExYWQyMDJhMzhiNDliMjNiYTI1Ng',1438609716,'user'),
(171,1,99704,'ZTcwYjU1ODQ2NTdkZTZkZDY5N2QzYmI3MTc5NGM2OGQxMjQxMmM1NDI3ZmZkOTEyNTBjZmZlMzAxNGYwOTViZQ',1438625909,'user'),
(172,1,99446,'Y2Q1NmNiMzc0MjFlMmFiNTU4ZDBjOGUxYjZkYjA4NzQ5MGVlMDczZjk1NTExMDQ5MGEyMDRhMTBhNjRiZDBiMg',1438636665,'user'),
(173,1,99704,'MGFiYjZlZjU0ODM0OGJlOWQyYmM5NDFlNjA0YTQyYWU3NWM2NjlmYTViYjZiZTdkNWE2NmI5ZGU0YWY3MmVjOA',1438636709,'user'),
(174,1,99437,'ZDNjOWM0YzIxMDIzY2MzZjkwMDZkZTAyYTEzYTBhMWFkODNlY2E5ZGI4M2QxYzI1Zjc2OWEwOGEyZTkyMDIyMA',1438636809,'user'),
(175,1,99446,'YjM5Y2M5ZjNlZjNhMWE5MTUxYzk1MGJhODU2MzNlNDM2NGMxZDUwMTNiNTMxMjNmMDg3NDIyMWM4ODE4NmFhZA',1438637520,'user'),
(176,1,99704,'OGI5MTgxOTU1OTI2NDliOGNkMjBjMzA4ZjcwY2QwMzQyMTFlNzg4YTc5Mzc1ZDI0NDVlYTdjM2Q5MTE0OGU0Yg',1438713588,'user'),
(177,1,99704,'MDIyZmYzYjQ0ZThjNjliZTZiZjI0NWIwYzc3NzE4MGQyZDBjYjRlZDI2ZDk4ZjMxYmZlMDQ3NWQzNGIyYmE0ZQ',1438713684,'user'),
(178,1,99704,'YmVjYjlkOTJkZTUwZWRjZmY1ZjY0ODVmODYyNWUzMzlmOGIxMDdlOTM0YWExZDc3OWU2N2E2ODU0MjZiZjcwZQ',1438722657,'user'),
(179,1,99704,'YmM2NDJhNTk0ZmI5ZjI2ZDdkNzg1ZDM3Zjc1NThmM2ZjMjk1Njg3ZjY4ZTFhZmY0NzIwMjU1ZmVmM2UzMDlhOQ',1438781241,'user'),
(180,1,99704,'OWQ3MTU4OGQ5MjhlNGI2ODIzZjExYTg3MGJhNzEwNzk0OWJkNzRkNWYzMWE5ZjkzMDUxMzY4ZjhlNDcxY2Y1Zg',1438800207,'user'),
(182,1,99705,'M2M2YWEwYzkzYjQ5MTUyYzBhMWZkNWVkM2FhMmMxMWM0ZDliZGMyNmU0YTRhMDAzMzhiYTEyYmIzOWM1M2E2NQ',1439216322,'user'),
(183,2,99706,'ZDAzOWNkYjIyN2RkNjVlODM5OTU0NWIxZTBiZmMyN2M1Y2Y1MTcyYjkzYjJiMWQ1MzBhZDBmMDBlZjJmZGY2Yg',1439235037,'user'),
(184,2,99706,'Mjc2YTUxZmE3N2I0ZDM2YTVkMTc4NmFlNjE2Mzc4ZDJhNTc1ODlkYzliZDUwZDU1NjE2ZmYyZmVmNjk4NTVjNQ',1439306736,'user'),
(186,1,99704,'MWQ2ZTI2ODk5YWRjN2Q4NmQ5YzQwM2ExYTIwYmQzMjM0YTFiYWE0MDliYzAwNTAzZmNjMGU4NDUwNGQ5YzY5Zg',1439330217,'user');
/*!40000 ALTER TABLE `RefreshToken` ENABLE KEYS */;
UNLOCK TABLES;

--
-- Table structure for table `Teams`
--

DROP TABLE IF EXISTS `Teams`;
/*!40101 SET @saved_cs_client     = @@character_set_client */;
/*!40101 SET character_set_client = utf8 */;
CREATE TABLE `Teams` (
  `id` int(11) NOT NULL AUTO_INCREMENT,
  `organization_id` int(11) DEFAULT NULL,
  `created_by` int(11) DEFAULT NULL,
  `created_at` datetime DEFAULT NULL,
  `modified_by` int(11) DEFAULT NULL,
  `modified_at` datetime DEFAULT NULL,
  `deleted_by` int(11) DEFAULT NULL,
  `deleted_at` datetime DEFAULT NULL,
  `team_name` varchar(100) COLLATE utf8_unicode_ci DEFAULT NULL,
  `team_description` varchar(500) COLLATE utf8_unicode_ci DEFAULT NULL,
  PRIMARY KEY (`id`),
  KEY `IDX_57030D5C32C8A3DE` (`organization_id`),
  CONSTRAINT `FK_57030D5C32C8A3DE` FOREIGN KEY (`organization_id`) REFERENCES `organization` (`id`)
) ENGINE=InnoDB AUTO_INCREMENT=381 DEFAULT CHARSET=utf8 COLLATE=utf8_unicode_ci;
/*!40101 SET character_set_client = @saved_cs_client */;

--
-- Dumping data for table `Teams`
--

LOCK TABLES `Teams` WRITE;
/*!40000 ALTER TABLE `Teams` DISABLE KEYS */;
INSERT INTO `Teams` VALUES
(377,542,NULL,'2015-05-13 21:18:20',NULL,'2015-05-13 21:18:20',NULL,NULL,'Athletics',NULL),
(378,542,NULL,'2015-05-13 21:19:03',NULL,'2015-05-13 21:19:03',NULL,NULL,'Residence Halls',NULL),
(379,542,NULL,'2015-06-19 16:09:20',NULL,'2015-06-19 16:09:20',NULL,NULL,'Gryffindor',NULL),
(380,542,NULL,'2015-06-19 16:10:12',NULL,'2015-06-19 16:10:43',NULL,NULL,'Heads of Houses',NULL);
/*!40000 ALTER TABLE `Teams` ENABLE KEYS */;
UNLOCK TABLES;

--
-- Table structure for table `academic_update`
--

DROP TABLE IF EXISTS `academic_update`;
/*!40101 SET @saved_cs_client     = @@character_set_client */;
/*!40101 SET character_set_client = utf8 */;
CREATE TABLE `academic_update` (
  `id` int(11) NOT NULL AUTO_INCREMENT,
  `created_by` int(11) DEFAULT NULL,
  `modified_by` int(11) DEFAULT NULL,
  `deleted_by` int(11) DEFAULT NULL,
  `org_id` int(11) DEFAULT NULL,
  `org_courses_id` int(11) DEFAULT NULL,
  `academic_update_request_id` int(11) DEFAULT NULL,
  `person_id_faculty_responded` int(11) DEFAULT NULL,
  `person_id_student` int(11) DEFAULT NULL,
  `created_at` datetime DEFAULT NULL,
  `modified_at` datetime DEFAULT NULL,
  `deleted_at` datetime DEFAULT NULL,
  `update_type` enum('bulk','targeted','adhoc','ftp') COLLATE utf8_unicode_ci DEFAULT NULL,
  `status` enum('open','closed','cancelled','saved') COLLATE utf8_unicode_ci DEFAULT NULL,
  `request_date` datetime DEFAULT NULL,
  `due_date` datetime DEFAULT NULL,
  `update_date` datetime DEFAULT NULL,
  `failure_risk_level` varchar(10) COLLATE utf8_unicode_ci DEFAULT NULL,
  `grade` varchar(20) COLLATE utf8_unicode_ci DEFAULT NULL,
  `absence` int(11) DEFAULT NULL,
  `comment` varchar(300) COLLATE utf8_unicode_ci DEFAULT NULL,
  `refer_for_assistance` tinyint(1) DEFAULT NULL,
  `send_to_student` tinyint(1) DEFAULT NULL,
  `is_upload` tinyint(1) DEFAULT NULL,
  `is_adhoc` tinyint(1) DEFAULT NULL,
  `final_grade` varchar(20) COLLATE utf8_unicode_ci DEFAULT NULL,
  `is_submitted_without_change` tinyint(1) DEFAULT NULL,
  PRIMARY KEY (`id`),
  KEY `IDX_73DF4B2ADE12AB56` (`created_by`),
  KEY `IDX_73DF4B2A25F94802` (`modified_by`),
  KEY `IDX_73DF4B2A1F6FA0AF` (`deleted_by`),
  KEY `fk_academic_update_org_courses1_idx` (`org_courses_id`),
  KEY `fk_academic_update_academic_update_request1_idx` (`academic_update_request_id`),
  KEY `fk_academic_update_person2_idx` (`person_id_faculty_responded`),
  KEY `fk_academic_update_person3_idx` (`person_id_student`),
  KEY `fk_academic_update_organization1_idx` (`org_id`,`person_id_student`,`modified_at`,`org_courses_id`),
  KEY `student-grade` (`person_id_student`,`grade`),
  CONSTRAINT `FK_73DF4B2A1F6FA0AF` FOREIGN KEY (`deleted_by`) REFERENCES `person` (`id`),
  CONSTRAINT `FK_73DF4B2A25F94802` FOREIGN KEY (`modified_by`) REFERENCES `person` (`id`),
  CONSTRAINT `FK_73DF4B2A5F056556` FOREIGN KEY (`person_id_student`) REFERENCES `person` (`id`),
  CONSTRAINT `FK_73DF4B2A7C751C40` FOREIGN KEY (`org_courses_id`) REFERENCES `org_courses` (`id`),
  CONSTRAINT `FK_73DF4B2A9170E9C9` FOREIGN KEY (`person_id_faculty_responded`) REFERENCES `person` (`id`),
  CONSTRAINT `FK_73DF4B2ACA3D7B42` FOREIGN KEY (`academic_update_request_id`) REFERENCES `academic_update_request` (`id`),
  CONSTRAINT `FK_73DF4B2ADE12AB56` FOREIGN KEY (`created_by`) REFERENCES `person` (`id`),
  CONSTRAINT `FK_73DF4B2AF4837C1B` FOREIGN KEY (`org_id`) REFERENCES `organization` (`id`)
) ENGINE=InnoDB AUTO_INCREMENT=11 DEFAULT CHARSET=utf8 COLLATE=utf8_unicode_ci;
/*!40101 SET character_set_client = @saved_cs_client */;

--
-- Dumping data for table `academic_update`
--

LOCK TABLES `academic_update` WRITE;
/*!40000 ALTER TABLE `academic_update` DISABLE KEYS */;
INSERT INTO `academic_update` VALUES
(1,NULL,NULL,NULL,542,435,NULL,99446,99414,'2015-07-20 21:32:21','2015-07-20 21:33:20',NULL,'adhoc','closed','2015-07-21 02:32:21','2015-07-21 02:32:21','2015-07-21 02:33:20','low','A',1,'wiffle',0,0,NULL,1,NULL,0),
(2,NULL,NULL,NULL,542,435,NULL,99446,99415,'2015-07-20 21:32:21','2015-07-20 21:33:20',NULL,'adhoc','closed','2015-07-21 02:32:21','2015-07-21 02:32:21','2015-07-21 02:33:20','low','A',2,'wiffle',0,0,NULL,1,NULL,0),
(3,NULL,NULL,NULL,542,435,NULL,99446,99413,'2015-07-20 21:32:21','2015-07-20 21:33:20',NULL,'adhoc','closed','2015-07-21 02:32:21','2015-07-21 02:32:21','2015-07-21 02:33:20','low','A',3,'wiffle',0,0,NULL,1,NULL,0),
(4,NULL,NULL,NULL,542,435,NULL,99446,99423,'2015-07-20 21:32:21','2015-07-20 21:33:20',NULL,'adhoc','closed','2015-07-21 02:32:21','2015-07-21 02:32:21','2015-07-21 02:33:20','low','A',4,'wiffle',0,0,NULL,1,NULL,0),
(5,NULL,NULL,NULL,542,435,NULL,99446,99411,'2015-07-20 21:32:21','2015-07-20 21:33:20',NULL,'adhoc','closed','2015-07-21 02:32:21','2015-07-21 02:32:21','2015-07-21 02:33:20','low','B',5,'wiffle',0,0,NULL,1,NULL,0),
(6,NULL,NULL,NULL,542,435,NULL,99446,99422,'2015-07-20 21:32:21','2015-07-20 21:33:20',NULL,'adhoc','closed','2015-07-21 02:32:21','2015-07-21 02:32:21','2015-07-21 02:33:20','low','B',6,'wiffle',0,0,NULL,1,NULL,0),
(7,NULL,NULL,NULL,542,435,NULL,99446,99412,'2015-07-20 21:32:21','2015-07-20 21:33:20',NULL,'adhoc','closed','2015-07-21 02:32:21','2015-07-21 02:32:21','2015-07-21 02:33:20','low','B',7,'wiffle',0,0,NULL,1,NULL,0),
(8,NULL,NULL,NULL,542,435,NULL,99446,99410,'2015-07-20 21:32:21','2015-07-20 21:33:20',NULL,'adhoc','closed','2015-07-21 02:32:21','2015-07-21 02:32:21','2015-07-21 02:33:20','low','B',8,'wiffle',0,0,NULL,1,NULL,0),
(9,NULL,NULL,NULL,542,435,NULL,99446,99432,'2015-07-20 21:32:21','2015-07-20 21:33:20',NULL,'adhoc','closed','2015-07-21 02:32:21','2015-07-21 02:32:21','2015-07-21 02:33:20','high','C',9,'wiffle',0,0,NULL,1,NULL,0),
(10,NULL,NULL,NULL,542,437,NULL,99447,99423,'2015-07-20 21:32:21','2015-07-20 21:33:20',NULL,'adhoc','closed','2015-07-21 02:32:21','2015-07-21 02:32:21','2015-07-21 02:33:20','low','B',0,'wiffle',0,0,NULL,1,'A',0);
/*!40000 ALTER TABLE `academic_update` ENABLE KEYS */;
UNLOCK TABLES;

--
-- Table structure for table `academic_update_assigned_faculty`
--

DROP TABLE IF EXISTS `academic_update_assigned_faculty`;
/*!40101 SET @saved_cs_client     = @@character_set_client */;
/*!40101 SET character_set_client = utf8 */;
CREATE TABLE `academic_update_assigned_faculty` (
  `id` int(11) NOT NULL AUTO_INCREMENT,
  `person_id_faculty_assigned` int(11) NOT NULL,
  `org_id` int(11) NOT NULL,
  `academic_update_id` int(11) NOT NULL,
  PRIMARY KEY (`id`),
  KEY `fk_academic_update_assigned_faculty_person1_idx` (`person_id_faculty_assigned`),
  KEY `fk_academic_update_assigned_faculty_organization1_idx` (`org_id`),
  KEY `fk_academic_update_assigned_faculty_academic_update1_idx` (`academic_update_id`),
  CONSTRAINT `FK_DE7DDC162B8D6DFB` FOREIGN KEY (`person_id_faculty_assigned`) REFERENCES `person` (`id`),
  CONSTRAINT `FK_DE7DDC16567A5FFE` FOREIGN KEY (`academic_update_id`) REFERENCES `academic_update` (`id`),
  CONSTRAINT `FK_DE7DDC16F4837C1B` FOREIGN KEY (`org_id`) REFERENCES `organization` (`id`)
) ENGINE=InnoDB DEFAULT CHARSET=utf8 COLLATE=utf8_unicode_ci;
/*!40101 SET character_set_client = @saved_cs_client */;

--
-- Dumping data for table `academic_update_assigned_faculty`
--

LOCK TABLES `academic_update_assigned_faculty` WRITE;
/*!40000 ALTER TABLE `academic_update_assigned_faculty` DISABLE KEYS */;
/*!40000 ALTER TABLE `academic_update_assigned_faculty` ENABLE KEYS */;
UNLOCK TABLES;

--
-- Table structure for table `academic_update_request`
--

DROP TABLE IF EXISTS `academic_update_request`;
/*!40101 SET @saved_cs_client     = @@character_set_client */;
/*!40101 SET character_set_client = utf8 */;
CREATE TABLE `academic_update_request` (
  `id` int(11) NOT NULL AUTO_INCREMENT,
  `created_by` int(11) DEFAULT NULL,
  `modified_by` int(11) DEFAULT NULL,
  `deleted_by` int(11) DEFAULT NULL,
  `org_id` int(11) DEFAULT NULL,
  `person_id` int(11) DEFAULT NULL,
  `created_at` datetime DEFAULT NULL,
  `modified_at` datetime DEFAULT NULL,
  `deleted_at` datetime DEFAULT NULL,
  `update_type` enum('bulk','targeted') COLLATE utf8_unicode_ci DEFAULT NULL,
  `request_date` datetime DEFAULT NULL,
  `name` varchar(100) COLLATE utf8_unicode_ci DEFAULT NULL,
  `description` varchar(4000) COLLATE utf8_unicode_ci DEFAULT NULL,
  `status` enum('open','closed','cancelled') COLLATE utf8_unicode_ci DEFAULT NULL,
  `start_date` datetime DEFAULT NULL,
  `end_date` datetime DEFAULT NULL,
  `due_date` datetime DEFAULT NULL,
  `subject` varchar(400) COLLATE utf8_unicode_ci DEFAULT NULL,
  `email_optional_msg` mediumtext COLLATE utf8_unicode_ci,
  `select_course` enum('all','individual','none') COLLATE utf8_unicode_ci DEFAULT NULL,
  `select_student` enum('all','individual','none') COLLATE utf8_unicode_ci DEFAULT NULL,
  `select_faculty` enum('all','individual','none') COLLATE utf8_unicode_ci DEFAULT NULL,
  `select_group` enum('all','individual','none') COLLATE utf8_unicode_ci DEFAULT NULL,
  `select_metadata` enum('all','individual','none') COLLATE utf8_unicode_ci DEFAULT NULL,
  `select_static_list` enum('all','individual','none') COLLATE utf8_unicode_ci DEFAULT NULL,
  PRIMARY KEY (`id`),
  KEY `IDX_3C7F051ADE12AB56` (`created_by`),
  KEY `IDX_3C7F051A25F94802` (`modified_by`),
  KEY `IDX_3C7F051A1F6FA0AF` (`deleted_by`),
  KEY `fk_academic_update_request_organization1_idx` (`org_id`),
  KEY `fk_academic_update_request_person1_idx` (`person_id`),
  CONSTRAINT `FK_3C7F051A1F6FA0AF` FOREIGN KEY (`deleted_by`) REFERENCES `person` (`id`),
  CONSTRAINT `FK_3C7F051A217BBB47` FOREIGN KEY (`person_id`) REFERENCES `person` (`id`),
  CONSTRAINT `FK_3C7F051A25F94802` FOREIGN KEY (`modified_by`) REFERENCES `person` (`id`),
  CONSTRAINT `FK_3C7F051ADE12AB56` FOREIGN KEY (`created_by`) REFERENCES `person` (`id`),
  CONSTRAINT `FK_3C7F051AF4837C1B` FOREIGN KEY (`org_id`) REFERENCES `organization` (`id`)
) ENGINE=InnoDB DEFAULT CHARSET=utf8 COLLATE=utf8_unicode_ci;
/*!40101 SET character_set_client = @saved_cs_client */;

--
-- Dumping data for table `academic_update_request`
--

LOCK TABLES `academic_update_request` WRITE;
/*!40000 ALTER TABLE `academic_update_request` DISABLE KEYS */;
/*!40000 ALTER TABLE `academic_update_request` ENABLE KEYS */;
UNLOCK TABLES;

--
-- Table structure for table `academic_update_request_course`
--

DROP TABLE IF EXISTS `academic_update_request_course`;
/*!40101 SET @saved_cs_client     = @@character_set_client */;
/*!40101 SET character_set_client = utf8 */;
CREATE TABLE `academic_update_request_course` (
  `id` int(11) NOT NULL AUTO_INCREMENT,
  `org_courses_id` int(11) NOT NULL,
  `org_id` int(11) NOT NULL,
  `academic_update_request_id` int(11) NOT NULL,
  PRIMARY KEY (`id`),
  KEY `fk_academic_update_request_course_org_courses1_idx` (`org_courses_id`),
  KEY `fk_academic_update_request_course_organization1_idx` (`org_id`),
  KEY `fk_academic_update_request_course_academic_update_request1_idx` (`academic_update_request_id`),
  CONSTRAINT `FK_BDB1EA0E7C751C40` FOREIGN KEY (`org_courses_id`) REFERENCES `org_courses` (`id`),
  CONSTRAINT `FK_BDB1EA0ECA3D7B42` FOREIGN KEY (`academic_update_request_id`) REFERENCES `academic_update_request` (`id`),
  CONSTRAINT `FK_BDB1EA0EF4837C1B` FOREIGN KEY (`org_id`) REFERENCES `organization` (`id`)
) ENGINE=InnoDB DEFAULT CHARSET=utf8 COLLATE=utf8_unicode_ci;
/*!40101 SET character_set_client = @saved_cs_client */;

--
-- Dumping data for table `academic_update_request_course`
--

LOCK TABLES `academic_update_request_course` WRITE;
/*!40000 ALTER TABLE `academic_update_request_course` DISABLE KEYS */;
/*!40000 ALTER TABLE `academic_update_request_course` ENABLE KEYS */;
UNLOCK TABLES;

--
-- Table structure for table `academic_update_request_faculty`
--

DROP TABLE IF EXISTS `academic_update_request_faculty`;
/*!40101 SET @saved_cs_client     = @@character_set_client */;
/*!40101 SET character_set_client = utf8 */;
CREATE TABLE `academic_update_request_faculty` (
  `id` int(11) NOT NULL AUTO_INCREMENT,
  `person_id` int(11) NOT NULL,
  `org_id` int(11) NOT NULL,
  `academic_update_request_id` int(11) NOT NULL,
  PRIMARY KEY (`id`),
  KEY `fk_academic_update_request_faculty_person1_idx` (`person_id`),
  KEY `fk_academic_update_request_faculty_organization1_idx` (`org_id`),
  KEY `fk_academic_update_request_faculty_academic_update_request1_idx` (`academic_update_request_id`),
  CONSTRAINT `FK_423869E9217BBB47` FOREIGN KEY (`person_id`) REFERENCES `person` (`id`),
  CONSTRAINT `FK_423869E9CA3D7B42` FOREIGN KEY (`academic_update_request_id`) REFERENCES `academic_update_request` (`id`),
  CONSTRAINT `FK_423869E9F4837C1B` FOREIGN KEY (`org_id`) REFERENCES `organization` (`id`)
) ENGINE=InnoDB DEFAULT CHARSET=utf8 COLLATE=utf8_unicode_ci;
/*!40101 SET character_set_client = @saved_cs_client */;

--
-- Dumping data for table `academic_update_request_faculty`
--

LOCK TABLES `academic_update_request_faculty` WRITE;
/*!40000 ALTER TABLE `academic_update_request_faculty` DISABLE KEYS */;
/*!40000 ALTER TABLE `academic_update_request_faculty` ENABLE KEYS */;
UNLOCK TABLES;

--
-- Table structure for table `academic_update_request_group`
--

DROP TABLE IF EXISTS `academic_update_request_group`;
/*!40101 SET @saved_cs_client     = @@character_set_client */;
/*!40101 SET character_set_client = utf8 */;
CREATE TABLE `academic_update_request_group` (
  `id` int(11) NOT NULL AUTO_INCREMENT,
  `org_group_id` int(11) NOT NULL,
  `org_id` int(11) NOT NULL,
  `academic_update_request_id` int(11) NOT NULL,
  PRIMARY KEY (`id`),
  KEY `fk_academic_update_request_group_org_group1_idx` (`org_group_id`),
  KEY `fk_academic_update_request_group_organization1_idx` (`org_id`),
  KEY `fk_academic_update_request_group_academic_update_request1_idx` (`academic_update_request_id`),
  CONSTRAINT `FK_9378AAEA82FB49A4` FOREIGN KEY (`org_group_id`) REFERENCES `org_group` (`id`),
  CONSTRAINT `FK_9378AAEACA3D7B42` FOREIGN KEY (`academic_update_request_id`) REFERENCES `academic_update_request` (`id`),
  CONSTRAINT `FK_9378AAEAF4837C1B` FOREIGN KEY (`org_id`) REFERENCES `organization` (`id`)
) ENGINE=InnoDB DEFAULT CHARSET=utf8 COLLATE=utf8_unicode_ci;
/*!40101 SET character_set_client = @saved_cs_client */;

--
-- Dumping data for table `academic_update_request_group`
--

LOCK TABLES `academic_update_request_group` WRITE;
/*!40000 ALTER TABLE `academic_update_request_group` DISABLE KEYS */;
/*!40000 ALTER TABLE `academic_update_request_group` ENABLE KEYS */;
UNLOCK TABLES;

--
-- Table structure for table `academic_update_request_metadata`
--

DROP TABLE IF EXISTS `academic_update_request_metadata`;
/*!40101 SET @saved_cs_client     = @@character_set_client */;
/*!40101 SET character_set_client = utf8 */;
CREATE TABLE `academic_update_request_metadata` (
  `id` int(11) NOT NULL AUTO_INCREMENT,
  `ebi_metadata_id` int(11) DEFAULT NULL,
  `org_metadata_id` int(11) DEFAULT NULL,
  `org_id` int(11) DEFAULT NULL,
  `academic_update_request_id` int(11) DEFAULT NULL,
  `search_value` varchar(2000) COLLATE utf8_unicode_ci DEFAULT NULL,
  PRIMARY KEY (`id`),
  KEY `fk_academic_update_request_metadata_ebi_metadata1_idx` (`ebi_metadata_id`),
  KEY `fk_academic_update_request_metadata_org_metadata1_idx` (`org_metadata_id`),
  KEY `fk_academic_update_request_metadata_organization1_idx` (`org_id`),
  KEY `fk_academic_update_request_metadata_academic_update_request_idx` (`academic_update_request_id`),
  CONSTRAINT `FK_7942D0EB4012B3BF` FOREIGN KEY (`org_metadata_id`) REFERENCES `org_metadata` (`id`),
  CONSTRAINT `FK_7942D0EBBB49FE75` FOREIGN KEY (`ebi_metadata_id`) REFERENCES `ebi_metadata` (`id`),
  CONSTRAINT `FK_7942D0EBCA3D7B42` FOREIGN KEY (`academic_update_request_id`) REFERENCES `academic_update_request` (`id`),
  CONSTRAINT `FK_7942D0EBF4837C1B` FOREIGN KEY (`org_id`) REFERENCES `organization` (`id`)
) ENGINE=InnoDB DEFAULT CHARSET=utf8 COLLATE=utf8_unicode_ci;
/*!40101 SET character_set_client = @saved_cs_client */;

--
-- Dumping data for table `academic_update_request_metadata`
--

LOCK TABLES `academic_update_request_metadata` WRITE;
/*!40000 ALTER TABLE `academic_update_request_metadata` DISABLE KEYS */;
/*!40000 ALTER TABLE `academic_update_request_metadata` ENABLE KEYS */;
UNLOCK TABLES;

--
-- Table structure for table `academic_update_request_static_list`
--

DROP TABLE IF EXISTS `academic_update_request_static_list`;
/*!40101 SET @saved_cs_client     = @@character_set_client */;
/*!40101 SET character_set_client = utf8 */;
CREATE TABLE `academic_update_request_static_list` (
  `id` int(11) NOT NULL AUTO_INCREMENT,
  `created_by` int(11) DEFAULT NULL,
  `modified_by` int(11) DEFAULT NULL,
  `deleted_by` int(11) DEFAULT NULL,
  `org_static_list_id` int(11) DEFAULT NULL,
  `academic_update_request_id` int(11) DEFAULT NULL,
  `organization_id` int(11) DEFAULT NULL,
  `created_at` datetime DEFAULT NULL,
  `modified_at` datetime DEFAULT NULL,
  `deleted_at` datetime DEFAULT NULL,
  PRIMARY KEY (`id`),
  KEY `IDX_D9E4575FDE12AB56` (`created_by`),
  KEY `IDX_D9E4575F25F94802` (`modified_by`),
  KEY `IDX_D9E4575F1F6FA0AF` (`deleted_by`),
  KEY `fk_academic_update_request_static_list_organization1_idx` (`organization_id`),
  KEY `fk_academic_update_request_static_list_academic_update_requ_idx` (`academic_update_request_id`),
  KEY `fk_academic_update_request_static_list_org_static_list1_idx` (`org_static_list_id`),
  CONSTRAINT `FK_D9E4575F1F6FA0AF` FOREIGN KEY (`deleted_by`) REFERENCES `person` (`id`),
  CONSTRAINT `FK_D9E4575F25F94802` FOREIGN KEY (`modified_by`) REFERENCES `person` (`id`),
  CONSTRAINT `FK_D9E4575F32C8A3DE` FOREIGN KEY (`organization_id`) REFERENCES `organization` (`id`),
  CONSTRAINT `FK_D9E4575FAD199442` FOREIGN KEY (`org_static_list_id`) REFERENCES `org_static_list` (`id`),
  CONSTRAINT `FK_D9E4575FCA3D7B42` FOREIGN KEY (`academic_update_request_id`) REFERENCES `academic_update_request` (`id`),
  CONSTRAINT `FK_D9E4575FDE12AB56` FOREIGN KEY (`created_by`) REFERENCES `person` (`id`)
) ENGINE=InnoDB DEFAULT CHARSET=utf8 COLLATE=utf8_unicode_ci;
/*!40101 SET character_set_client = @saved_cs_client */;

--
-- Dumping data for table `academic_update_request_static_list`
--

LOCK TABLES `academic_update_request_static_list` WRITE;
/*!40000 ALTER TABLE `academic_update_request_static_list` DISABLE KEYS */;
/*!40000 ALTER TABLE `academic_update_request_static_list` ENABLE KEYS */;
UNLOCK TABLES;

--
-- Table structure for table `academic_update_request_student`
--

DROP TABLE IF EXISTS `academic_update_request_student`;
/*!40101 SET @saved_cs_client     = @@character_set_client */;
/*!40101 SET character_set_client = utf8 */;
CREATE TABLE `academic_update_request_student` (
  `id` int(11) NOT NULL AUTO_INCREMENT,
  `person_id` int(11) NOT NULL,
  `org_id` int(11) NOT NULL,
  `academic_update_request_id` int(11) NOT NULL,
  PRIMARY KEY (`id`),
  KEY `fk_academic_update_request_student_person1_idx` (`person_id`),
  KEY `fk_academic_update_request_student_organization1_idx` (`org_id`),
  KEY `fk_academic_update_request_student_academic_update_request1_idx` (`academic_update_request_id`),
  CONSTRAINT `FK_E28DA699217BBB47` FOREIGN KEY (`person_id`) REFERENCES `person` (`id`),
  CONSTRAINT `FK_E28DA699CA3D7B42` FOREIGN KEY (`academic_update_request_id`) REFERENCES `academic_update_request` (`id`),
  CONSTRAINT `FK_E28DA699F4837C1B` FOREIGN KEY (`org_id`) REFERENCES `organization` (`id`)
) ENGINE=InnoDB DEFAULT CHARSET=utf8 COLLATE=utf8_unicode_ci;
/*!40101 SET character_set_client = @saved_cs_client */;

--
-- Dumping data for table `academic_update_request_student`
--

LOCK TABLES `academic_update_request_student` WRITE;
/*!40000 ALTER TABLE `academic_update_request_student` DISABLE KEYS */;
/*!40000 ALTER TABLE `academic_update_request_student` ENABLE KEYS */;
UNLOCK TABLES;

--
-- Table structure for table `access_log`
--

DROP TABLE IF EXISTS `access_log`;
/*!40101 SET @saved_cs_client     = @@character_set_client */;
/*!40101 SET character_set_client = utf8 */;
CREATE TABLE `access_log` (
  `id` int(11) NOT NULL AUTO_INCREMENT,
  `organization_id` int(11) DEFAULT NULL,
  `person_id` int(11) DEFAULT NULL,
  `created_by` int(11) DEFAULT NULL,
  `created_at` datetime DEFAULT NULL,
  `modified_by` int(11) DEFAULT NULL,
  `modified_at` datetime DEFAULT NULL,
  `deleted_by` int(11) DEFAULT NULL,
  `deleted_at` datetime DEFAULT NULL,
  `event` varchar(45) COLLATE utf8_unicode_ci DEFAULT NULL,
  `event_id` int(11) DEFAULT NULL,
  `date_time` datetime DEFAULT NULL,
  `source_ip` varchar(20) COLLATE utf8_unicode_ci DEFAULT NULL,
  `browser` varchar(255) COLLATE utf8_unicode_ci DEFAULT NULL,
  `user_token` varchar(255) COLLATE utf8_unicode_ci DEFAULT NULL,
  `api_token` varchar(255) COLLATE utf8_unicode_ci DEFAULT NULL,
  PRIMARY KEY (`id`),
  KEY `IDX_EF7F351032C8A3DE` (`organization_id`),
  KEY `IDX_EF7F3510217BBB47` (`person_id`),
  CONSTRAINT `FK_EF7F3510217BBB47` FOREIGN KEY (`person_id`) REFERENCES `person` (`id`),
  CONSTRAINT `FK_EF7F351032C8A3DE` FOREIGN KEY (`organization_id`) REFERENCES `organization` (`id`)
) ENGINE=InnoDB AUTO_INCREMENT=14969 DEFAULT CHARSET=utf8 COLLATE=utf8_unicode_ci;
/*!40101 SET character_set_client = @saved_cs_client */;

--
-- Dumping data for table `access_log`
--

LOCK TABLES `access_log` WRITE;
/*!40000 ALTER TABLE `access_log` DISABLE KEYS */;
INSERT INTO `access_log` VALUES
(14917,542,99704,NULL,'2015-06-17 19:53:13',NULL,'2015-06-17 19:53:13',NULL,NULL,'Login',NULL,'2015-06-17 19:53:13','10.0.2.2','Mozilla/5.0 (Macintosh; Intel Mac OS X 10_10_0) AppleWebKit/537.36 (KHTML, like Gecko) Chrome/39.0.2171.99 Safari/537.36','c3fe27a868194abf3089e0e4862ef94c','MDliNDdjMGU4ODdjMGNjN2YyYjIzMmRmMGEwMTNlMjhkZDgzNmFkZDE3MjFlZjljYzFlZjY3Nzg0ZGRmN2U0ZQ'),
(14918,542,99440,NULL,'2015-06-17 19:55:21',NULL,'2015-06-17 19:55:21',NULL,NULL,'Login',NULL,'2015-06-17 19:55:21','10.0.2.2','Mozilla/5.0 (Macintosh; Intel Mac OS X 10_10_0) AppleWebKit/537.36 (KHTML, like Gecko) Chrome/39.0.2171.99 Safari/537.36',NULL,'NjdjMmYzOTk2NjVhOGFkYTQ2YmVlYTk4OThlZGFmMmFlMTI2NGVmZmI2MjJlZGI2NzM3Y2QyMWEzOThlMmE4YQ'),
(14919,542,99704,NULL,'2015-06-19 16:05:52',NULL,'2015-06-19 16:05:52',NULL,NULL,'Login',NULL,'2015-06-19 16:05:52','10.0.2.2','Mozilla/5.0 (Macintosh; Intel Mac OS X 10_10_0) AppleWebKit/537.36 (KHTML, like Gecko) Chrome/39.0.2171.99 Safari/537.36','c3fe27a868194abf3089e0e4862ef94c','NTBjNDc3ZGM4M2IxZTA5NDRkMmNiZjEzNWRhYjg4YzY5Y2ViYmNkZGJiYzQ3YTc5ZDM5MDA5YWVmM2M0YWQ4NQ'),
(14920,542,99440,NULL,'2015-06-19 18:32:59',NULL,'2015-06-19 18:32:59',NULL,NULL,'Login',NULL,'2015-06-19 18:32:59','10.0.2.2','Mozilla/5.0 (Macintosh; Intel Mac OS X 10_10_0) AppleWebKit/537.36 (KHTML, like Gecko) Chrome/39.0.2171.99 Safari/537.36',NULL,'YTAxMzIwYzU2MDk5N2FjMGViYWJiMWJlNzJkNDc4NWFlODc1YjBmYTY4ZWZmNjJlNTRjZTFiNzMwMDZkNzU2Nw'),
(14921,542,99440,NULL,'2015-06-23 16:01:04',NULL,'2015-06-23 16:01:04',NULL,NULL,'Login',NULL,'2015-06-23 16:01:04','10.0.2.2','Mozilla/5.0 (Macintosh; Intel Mac OS X 10_10_0) AppleWebKit/537.36 (KHTML, like Gecko) Chrome/39.0.2171.99 Safari/537.36',NULL,'YmMwNWQ4YjNkYmMxZTk5YjU4MTI3YTc5NWVhMzJiOTk3MjIwMTVhOWM3ZDJjZGMyNjM0YjYwMGJkNzg0ZGEzYQ'),
(14922,542,99704,NULL,'2015-06-23 16:06:45',NULL,'2015-06-23 16:06:45',NULL,NULL,'Login',NULL,'2015-06-23 16:06:45','10.0.2.2','Mozilla/5.0 (Macintosh; Intel Mac OS X 10_10_0) AppleWebKit/537.36 (KHTML, like Gecko) Chrome/39.0.2171.99 Safari/537.36','c3fe27a868194abf3089e0e4862ef94c','OTM2NWJkOWYzMWU3YzAxNWNjMDYzMzMxODliOTYxYTc4N2YzNzIyOTE4OGFiZTYzNjAzN2E4YjQzNzYwMWU0ZA'),
(14923,542,99447,NULL,'2015-06-23 16:34:13',NULL,'2015-06-23 16:34:13',NULL,NULL,'Login',NULL,'2015-06-23 16:34:13','10.0.2.2','Mozilla/5.0 (Macintosh; Intel Mac OS X 10_10_0) AppleWebKit/537.36 (KHTML, like Gecko) Chrome/39.0.2171.99 Safari/537.36',NULL,'OWE4NzQ5YTIwNTZkODQwMDI1MDYxMDI4YWNlYjc2OWJlODEwYTJhMjE1YzdhMTQ2ODQ3M2IxYmM3ZDQ1MTMwMA'),
(14924,542,99440,NULL,'2015-06-23 16:43:09',NULL,'2015-06-23 16:43:09',NULL,NULL,'Login',NULL,'2015-06-23 16:43:09','10.0.2.2','Mozilla/5.0 (Macintosh; Intel Mac OS X 10_10_0) AppleWebKit/537.36 (KHTML, like Gecko) Chrome/39.0.2171.99 Safari/537.36',NULL,'ZDIyOWViZjY4MTAzNzE3ZDRkMmFhNDk4YzQ4OWFkODFlYWY0NjgxNzM0ZjQ5OGRiYmE0MDc5YThkZmI5MmI3ZA'),
(14925,542,99704,NULL,'2015-06-23 17:58:07',NULL,'2015-06-23 17:58:07',NULL,NULL,'Login',NULL,'2015-06-23 17:58:07','10.0.2.2','Mozilla/5.0 (Macintosh; Intel Mac OS X 10_10_0) AppleWebKit/537.36 (KHTML, like Gecko) Chrome/39.0.2171.99 Safari/537.36','c3fe27a868194abf3089e0e4862ef94c','MDdlZTQ0YjViNDJiZTFhZDc3MDE5YzVhNGU1N2JhN2QwNWY5NmIzNGQ2YTM1YmRjNWNjMzRlMDIwOTU2Y2U0NA'),
(14926,542,99704,NULL,'2015-06-29 18:41:55',NULL,'2015-06-29 18:41:55',NULL,NULL,'Login',NULL,'2015-06-29 18:41:55','10.0.2.2','Mozilla/5.0 (Macintosh; Intel Mac OS X 10_10_1) AppleWebKit/537.36 (KHTML, like Gecko) Chrome/43.0.2357.130 Safari/537.36','c3fe27a868194abf3089e0e4862ef94c','ZDU1YjRlOTA1NzllMDIyYWE4YmQ2NzQ0ZjU3MzIzNDNjYzg1OTNjNzQ2ZTdiOGIxZjAwZTFmMzAwYzQ2Y2Y2YQ'),
(14927,542,99440,NULL,'2015-07-01 13:24:15',NULL,'2015-07-01 13:24:15',NULL,NULL,'Login',NULL,'2015-07-01 13:24:15','','',NULL,'OGU0Y2Q4ZDA5ZmE1NGMzYWNmMDU1ZTU3NzQyYTlmMjczMWUzZTU5ZWEzNzk2Y2E1MDdlMGZjZmU5MmZkMzU4Ng'),
(14928,542,99704,NULL,'2015-07-01 16:19:24',NULL,'2015-07-01 16:19:24',NULL,NULL,'Login',NULL,'2015-07-01 16:19:24','10.0.2.2','Mozilla/5.0 (Macintosh; Intel Mac OS X 10.10; rv:38.0) Gecko/20100101 Firefox/38.0','2b08d92d4d1f8efe500d7dfcdbb8b848','NTdlYzQ4MzVmNGM0YWNkODQ3Mjc0OGZiN2Q0ZGJiMzE3NGRkY2EwNzUwNDk3NjUzNTY4Y2ZhNTk4MjdiMjE4YQ'),
(14929,542,99441,NULL,'2015-07-01 17:52:13',NULL,'2015-07-01 17:52:13',NULL,NULL,'Login',NULL,'2015-07-01 17:52:13','10.0.2.2','Mozilla/5.0 (Macintosh; Intel Mac OS X 10_10_3) AppleWebKit/537.36 (KHTML, like Gecko) Chrome/43.0.2357.130 Safari/537.36',NULL,'NDY1Y2U2NWI4MzFkZDhhN2FmNmJkYWQ2ZTUwYTk5ZDc0YTIyOTQzYjUyYWMwMGE4ZDM2ZTMxNzE3ODllMTYxZg'),
(14930,542,99704,NULL,'2015-07-02 15:48:51',NULL,'2015-07-02 15:48:51',NULL,NULL,'Login',NULL,'2015-07-02 15:48:51','10.0.2.2','Mozilla/5.0 (Macintosh; Intel Mac OS X 10_10_0) AppleWebKit/537.36 (KHTML, like Gecko) Chrome/39.0.2171.99 Safari/537.36','2b08d92d4d1f8efe500d7dfcdbb8b848','MDM2OTNkNDJkMmVjY2Y0ODNlY2NjNDU1YWE2MDRkMTA0MjE0YzExZDFjZmMwNDc3Zjg3Njk5MmVlODdhZWZiMQ'),
(14931,542,99704,NULL,'2015-07-02 16:53:02',NULL,'2015-07-02 16:53:02',NULL,NULL,'Login',NULL,'2015-07-02 16:53:02','10.0.2.2','Mozilla/5.0 (Macintosh; Intel Mac OS X 10_10_0) AppleWebKit/537.36 (KHTML, like Gecko) Chrome/39.0.2171.99 Safari/537.36','2b08d92d4d1f8efe500d7dfcdbb8b848','ZDVlYjQ3ZGQzNmMxYjA4MjlkNjFkZjQwNWRmMTdiNGFiY2IzMTQ0NzlkMGVkNGJjNzFmYjYzOTRkZDcxMjIyZQ'),
(14932,542,99704,NULL,'2015-07-06 21:02:22',NULL,'2015-07-06 21:02:22',NULL,NULL,'Login',NULL,'2015-07-06 21:02:22','10.0.2.2','Mozilla/5.0 (Macintosh; Intel Mac OS X 10_10_3) AppleWebKit/537.36 (KHTML, like Gecko) Chrome/43.0.2357.130 Safari/537.36','2b08d92d4d1f8efe500d7dfcdbb8b848','YjFlYjZkYjQyZDgxNWQ5ZTRiNTM5YmQ1MWQ4YmE0ODJlYTNmNjI4YzQ1MTg1YzczMjBlM2I1NWNjMjVkZTUyYg'),
(14933,542,99440,NULL,'2015-07-06 21:05:51',NULL,'2015-07-06 21:05:51',NULL,NULL,'Login',NULL,'2015-07-06 21:05:51','10.0.2.2','Mozilla/5.0 (Macintosh; Intel Mac OS X 10_10_3) AppleWebKit/537.36 (KHTML, like Gecko) Chrome/43.0.2357.130 Safari/537.36',NULL,'ZWQ4ODdjZTk3NjJjYTlhOTY1OWExZDg3YzUxOGU2NTNjNGEzY2QwZWRjNjJiODg3ODA3ZjFjYjEzN2U0OTBkYQ'),
(14934,542,99704,NULL,'2015-07-07 17:40:00',NULL,'2015-07-07 17:40:00',NULL,NULL,'Login',NULL,'2015-07-07 17:40:00','10.0.2.2','Mozilla/5.0 (Macintosh; Intel Mac OS X 10_10_3) AppleWebKit/537.36 (KHTML, like Gecko) Chrome/43.0.2357.130 Safari/537.36','2b08d92d4d1f8efe500d7dfcdbb8b848','M2VhODg3N2UzY2JlZmQ2ZjBjNDEzMjZjMmFiNGY4MjE3MTNkODZhMmY0NDg1YWZlOWFmOWFiM2ViMDMyOTQzNQ'),
(14935,542,99704,NULL,'2015-07-07 18:44:04',NULL,'2015-07-07 18:44:04',NULL,NULL,'Login',NULL,'2015-07-07 18:44:04','10.0.2.2','Mozilla/5.0 (Macintosh; Intel Mac OS X 10_10_0) AppleWebKit/537.36 (KHTML, like Gecko) Chrome/39.0.2171.99 Safari/537.36','2b08d92d4d1f8efe500d7dfcdbb8b848','ZjcyNTNhMGUxY2IzMTFhN2M3NjA0OTY3YzlmNjE4Y2E0MzllOTcxZGU2NTAxZDA5NjVhN2VjZDI2ZjdkYmYwZg'),
(14936,542,99704,NULL,'2015-07-09 14:28:53',NULL,'2015-07-09 14:28:53',NULL,NULL,'Login',NULL,'2015-07-09 14:28:53','10.0.2.2','Mozilla/5.0 (Macintosh; Intel Mac OS X 10_10_1) AppleWebKit/537.36 (KHTML, like Gecko) Chrome/43.0.2357.130 Safari/537.36','2b08d92d4d1f8efe500d7dfcdbb8b848','ODExMjYzZDI1ZTlkZTU5OWUzMjhhMDFmYWIyNzU5NWYyYTdhNzBkNjg5NzcwYzNkMjE1NDU5ODBhNmFiZDkxMw'),
(14937,543,99705,NULL,'2015-07-09 14:33:16',NULL,'2015-07-09 14:33:16',NULL,NULL,'Login',NULL,'2015-07-09 14:33:16','10.0.2.2','Mozilla/5.0 (Macintosh; Intel Mac OS X 10_10_1) AppleWebKit/537.36 (KHTML, like Gecko) Chrome/43.0.2357.130 Safari/537.36',NULL,'NGUyOWQwYjZiNWFjMTczNDhkYTVhY2RmNjY4MGEwNzNkNDJiNzQwZTA5M2YzMzBmOTE0Y2YxMWY2YjI3ODUwYw'),
(14938,542,99441,NULL,'2015-07-09 20:07:50',NULL,'2015-07-09 20:07:50',NULL,NULL,'Login',NULL,'2015-07-09 20:07:50','10.0.2.2','Mozilla/5.0 (Macintosh; Intel Mac OS X 10_10_3) AppleWebKit/537.36 (KHTML, like Gecko) Chrome/43.0.2357.132 Safari/537.36',NULL,'NWM5NDExMzI3OGI2MzRlMDI4ZjRmOGUxYWRlZmZkNzgxZjAwNTk5MDQyYWY4YTE5OGI1ODVlODAyYWE2NzM4Yg'),
(14939,542,99441,NULL,'2015-07-09 20:11:05',NULL,'2015-07-09 20:11:05',NULL,NULL,'Login',NULL,'2015-07-09 20:11:05','10.0.2.2','Mozilla/5.0 (Macintosh; Intel Mac OS X 10_10_3) AppleWebKit/537.36 (KHTML, like Gecko) Chrome/43.0.2357.132 Safari/537.36',NULL,'NTQ2OGY5ZjA4MTBhMjdmOGNiMzY0MDRjNTZhMGMwMjRlZWNlZjU0NGJhOTI0ZTMyODY3M2JhNjNjYmY0NjU4OA'),
(14940,542,99443,NULL,'2015-07-10 13:18:15',NULL,'2015-07-10 13:18:15',NULL,NULL,'Login',NULL,'2015-07-10 13:18:15','10.0.2.2','Mozilla/5.0 (Macintosh; Intel Mac OS X 10_10_3) AppleWebKit/537.36 (KHTML, like Gecko) Chrome/43.0.2357.132 Safari/537.36',NULL,'ZTkzNTY1NzZkNDc3NjAzODJmMTU4OGI2OGQ3M2FhNzRhNjdkMzA5YzNjOTY5MjQ3ZTcyZDVlYTRhNjQyZjZmOQ'),
(14941,542,99440,NULL,'2015-07-15 18:32:47',NULL,'2015-07-15 18:32:47',NULL,NULL,'Login',NULL,'2015-07-15 18:32:47','10.0.2.2','Mozilla/5.0 (Macintosh; Intel Mac OS X 10_10_0) AppleWebKit/537.36 (KHTML, like Gecko) Chrome/39.0.2171.99 Safari/537.36',NULL,'MGFiZDNhMTBiNDRlOTQyOWEyODIzYzM0M2UwODI0YmM5MjIxNjU0MDU2YzE5YjU1Mzk3NDIxYzU4NmE4NjVjMA'),
(14942,542,99704,NULL,'2015-07-15 20:10:02',NULL,'2015-07-15 20:10:02',NULL,NULL,'Login',NULL,'2015-07-15 20:10:02','10.0.2.2','Mozilla/5.0 (Macintosh; Intel Mac OS X 10_10_1) AppleWebKit/537.36 (KHTML, like Gecko) Chrome/43.0.2357.134 Safari/537.36','2b08d92d4d1f8efe500d7dfcdbb8b848','OTBmZGQzNDVkZDIzZjQ5YmY4ZDI4NDI3MTk1NzBlZWJmMzRjYThhODgzNjYwN2Y4ZWU3ZTJhZDliMzk4ZmUxYw'),
(14943,542,99440,NULL,'2015-07-16 16:19:06',NULL,'2015-07-16 16:19:06',NULL,NULL,'Login',NULL,'2015-07-16 16:19:06','10.0.2.2','Mozilla/5.0 (Macintosh; Intel Mac OS X 10_10_0) AppleWebKit/537.36 (KHTML, like Gecko) Chrome/39.0.2171.99 Safari/537.36',NULL,'M2Q3YjJkZWQyMTVjYTQwZDQ2ODE4ODg1NzAyYzMxNWI5Y2VmMzFiNzBmYzRjNWRhYWY5NTYxMjk1YTk4MmEzMw'),
(14944,542,99704,NULL,'2015-07-16 16:48:29',NULL,'2015-07-16 16:48:29',NULL,NULL,'Login',NULL,'2015-07-16 16:48:29','10.0.2.2','Mozilla/5.0 (Macintosh; Intel Mac OS X 10_10_4) AppleWebKit/537.36 (KHTML, like Gecko) Chrome/43.0.2357.134 Safari/537.36','2b08d92d4d1f8efe500d7dfcdbb8b848','NjBiMDY5ZjFlNWJkNWM5NzQzMDE5YTBjMjQwYWEzYWY2OGU0MzhmMzUxNjk0M2ZmYTVjZjg5ZTJmMjFjZWJjOA'),
(14945,542,99439,NULL,'2015-07-16 16:49:16',NULL,'2015-07-16 16:49:16',NULL,NULL,'Login',NULL,'2015-07-16 16:49:16','10.0.2.2','Mozilla/5.0 (Macintosh; Intel Mac OS X 10_10_4) AppleWebKit/537.36 (KHTML, like Gecko) Chrome/43.0.2357.134 Safari/537.36',NULL,'NjA5MjRhMTU4YjVkZjI3YjNmMWM5YzkyMTY4MzVjNDNiNmFkNjE2NzQ0MzNmN2ZmMDJkMDg5YmNlOWNjM2IwMA'),
(14946,542,99446,NULL,'2015-07-17 15:14:20',NULL,'2015-07-17 15:14:20',NULL,NULL,'Login',NULL,'2015-07-17 15:14:20','10.0.2.2','Mozilla/5.0 (Macintosh; Intel Mac OS X 10_10_3) AppleWebKit/537.36 (KHTML, like Gecko) Chrome/43.0.2357.134 Safari/537.36',NULL,'NDQwMGFjMjIyYTQ3Y2NhZjYxZGQ5MjdkZmU2ZjVjZGVjNTkyMzcwYTU5ODVhOTMyYTM5ZDEzMDc0NmZmNTljOA'),
(14947,542,99446,NULL,'2015-07-17 15:15:25',NULL,'2015-07-17 15:15:25',NULL,NULL,'Login',NULL,'2015-07-17 15:15:25','10.0.2.2','Mozilla/5.0 (Macintosh; Intel Mac OS X 10_10_3) AppleWebKit/537.36 (KHTML, like Gecko) Chrome/43.0.2357.134 Safari/537.36',NULL,'MTA5MmEwZDMwOWY0YzQ3ZjI2NDc4YmU3M2QxYjM4N2MyNmVmMzllYjM0MmVkODgwYWQ0NDViZmY4OTYzOTg0YQ'),
(14948,542,99704,NULL,'2015-07-17 15:17:09',NULL,'2015-07-17 15:17:09',NULL,NULL,'Login',NULL,'2015-07-17 15:17:09','10.0.2.2','Mozilla/5.0 (Macintosh; Intel Mac OS X 10_10_3) AppleWebKit/537.36 (KHTML, like Gecko) Chrome/43.0.2357.134 Safari/537.36','2b08d92d4d1f8efe500d7dfcdbb8b848','NzI5MDczNDI2YjFjNTgwYzdlMThiNmFlZWY0ZTliYjY4ZGZkMjE0MmEzZjI4YjA3NGJmMzU0MjNhNDVjMjAzOA'),
(14949,542,99704,NULL,'2015-07-17 15:21:25',NULL,'2015-07-17 15:21:25',NULL,NULL,'Login',NULL,'2015-07-17 15:21:25','10.0.2.2','Mozilla/5.0 (Macintosh; Intel Mac OS X 10_10_3) AppleWebKit/537.36 (KHTML, like Gecko) Chrome/43.0.2357.134 Safari/537.36','2b08d92d4d1f8efe500d7dfcdbb8b848','MTg4ZGM4NDFjNTIxYTk2MzM3M2U1Y2JmNGM0ZWZmNjFiYjBkYWQ1MGM5OTcwOTAxZmIxOTk4ZWM3MTljNDdjYw'),
(14950,542,99446,NULL,'2015-07-17 15:22:46',NULL,'2015-07-17 15:22:46',NULL,NULL,'Login',NULL,'2015-07-17 15:22:46','10.0.2.2','Mozilla/5.0 (Macintosh; Intel Mac OS X 10_10_3) AppleWebKit/537.36 (KHTML, like Gecko) Chrome/43.0.2357.134 Safari/537.36',NULL,'ZjMwYjFkNjkzNmE4OWJiMjk2OGUzZWE0MmM0MmJhNzIwNGI0YzQzZGYwODNkZDE0NTM5ODY1M2UzNGEwMjNlYQ'),
(14951,542,99446,NULL,'2015-07-17 18:24:03',NULL,'2015-07-17 18:24:03',NULL,NULL,'Login',NULL,'2015-07-17 18:24:03','10.0.2.2','Mozilla/5.0 (Macintosh; Intel Mac OS X 10_10_3) AppleWebKit/537.36 (KHTML, like Gecko) Chrome/43.0.2357.134 Safari/537.36',NULL,'ZjNjNWQyYTU4MTk3NjYzZGEyNDBiNzIxNmYxMTM0NDlhMzZjNWMxOWFkOGYyMTJjM2EwNDIzZDAwMGU2YzRhOA'),
(14952,542,99437,NULL,'2015-07-20 13:34:16',NULL,'2015-07-20 13:34:16',NULL,NULL,'Login',NULL,'2015-07-20 13:34:16','10.0.2.2','Mozilla/5.0 (Macintosh; Intel Mac OS X 10_10_3) AppleWebKit/537.36 (KHTML, like Gecko) Chrome/43.0.2357.134 Safari/537.36',NULL,'NzcxZTk4YzE0ZWVhYmFjMDAyZDdhODA3M2ZiNzU4ZmViN2RmYTIxYTJlNmJmNzdmMjNhZGJhMjc0OWMzYTlmYw'),
(14953,542,99704,NULL,'2015-07-20 13:39:12',NULL,'2015-07-20 13:39:12',NULL,NULL,'Login',NULL,'2015-07-20 13:39:12','10.0.2.2','Mozilla/5.0 (Macintosh; Intel Mac OS X 10_10_3) AppleWebKit/537.36 (KHTML, like Gecko) Chrome/43.0.2357.134 Safari/537.36','2b08d92d4d1f8efe500d7dfcdbb8b848','N2I2YWM4YTMyMzc1ZTY1ZWYwMjAxODczODUyMzlmZGU3ZDk3M2ZlNWUxMGIyZGRkMjMwMTljOTE2NTJjNWQyYQ'),
(14954,542,99437,NULL,'2015-07-20 13:48:36',NULL,'2015-07-20 13:48:36',NULL,NULL,'Login',NULL,'2015-07-20 13:48:36','10.0.2.2','Mozilla/5.0 (Macintosh; Intel Mac OS X 10_10_3) AppleWebKit/537.36 (KHTML, like Gecko) Chrome/43.0.2357.134 Safari/537.36',NULL,'NTJhOGE5NjQ4ZmIyNzkwNjg1NmIwODlhNTcxZjEzZjJlODJhZDcyNzI3MDYxZjZlYzA0M2U3YmZlOGU3MjU3NA'),
(14955,542,99704,NULL,'2015-07-20 18:18:31',NULL,'2015-07-20 18:18:31',NULL,NULL,'Login',NULL,'2015-07-20 18:18:31','10.0.2.2','Mozilla/5.0 (Macintosh; Intel Mac OS X 10_10_3) AppleWebKit/537.36 (KHTML, like Gecko) Chrome/43.0.2357.134 Safari/537.36','2b08d92d4d1f8efe500d7dfcdbb8b848','NjRlZTdmY2EzYTU1YzdmNDI0NmExMmEyYWNiMzZiMzQ4MTUwYjRlNjVlYzFiZTBiNTU5YTdiODc1YWQyYmQ1Mw'),
(14956,542,99446,NULL,'2015-07-20 21:17:46',NULL,'2015-07-20 21:17:46',NULL,NULL,'Login',NULL,'2015-07-20 21:17:46','10.0.2.2','Mozilla/5.0 (Macintosh; Intel Mac OS X 10_10_3) AppleWebKit/537.36 (KHTML, like Gecko) Chrome/43.0.2357.134 Safari/537.36',NULL,'MTkzYzI3ZmMyMmFmOGQ2ODdiM2E2N2JkYzJlNTM3YjE3MmM2ZWY0ODViMDE4YjQ3NDQ2ZmRmN2NmMzAzODNiMA'),
(14957,542,99704,NULL,'2015-07-20 21:18:30',NULL,'2015-07-20 21:18:30',NULL,NULL,'Login',NULL,'2015-07-20 21:18:30','10.0.2.2','Mozilla/5.0 (Macintosh; Intel Mac OS X 10_10_3) AppleWebKit/537.36 (KHTML, like Gecko) Chrome/43.0.2357.134 Safari/537.36','2b08d92d4d1f8efe500d7dfcdbb8b848','NmY5ZDQwZDY0Y2UyOGM2NWZhZmY2ZWUxODEyYWMyOTI1N2M2NzM2Y2JkZDQyOGY2NjNlNTFmYzlhNDg3MGYzMQ'),
(14958,542,99437,NULL,'2015-07-20 21:20:10',NULL,'2015-07-20 21:20:10',NULL,NULL,'Login',NULL,'2015-07-20 21:20:10','10.0.2.2','Mozilla/5.0 (Macintosh; Intel Mac OS X 10_10_3) AppleWebKit/537.36 (KHTML, like Gecko) Chrome/43.0.2357.134 Safari/537.36',NULL,'MTlmMzU4NjFlNDA2ODEyM2EzNGM1NjhhOWRkYWYyZTU0MTEyOWFhNThjNDRlOTcwOGJiMjMyYzNiMDYxYmM1Yw'),
(14959,542,99446,NULL,'2015-07-20 21:32:01',NULL,'2015-07-20 21:32:01',NULL,NULL,'Login',NULL,'2015-07-20 21:32:01','10.0.2.2','Mozilla/5.0 (Macintosh; Intel Mac OS X 10_10_3) AppleWebKit/537.36 (KHTML, like Gecko) Chrome/43.0.2357.134 Safari/537.36',NULL,'YWMzZTc0MGMxYzk4Yzg3MDAwYzFiODE3NTIwMDBmYTcwZDVhNmY2N2U5OGVhZWI2M2FmNmFmZGZhZjE2OGUxOA'),
(14960,542,99704,NULL,'2015-07-21 18:39:49',NULL,'2015-07-21 18:39:49',NULL,NULL,'Login',NULL,'2015-07-21 18:39:49','10.0.2.2','Mozilla/5.0 (Macintosh; Intel Mac OS X 10_10_0) AppleWebKit/537.36 (KHTML, like Gecko) Chrome/39.0.2171.99 Safari/537.36','2b08d92d4d1f8efe500d7dfcdbb8b848','ODk5MWZmODc5ZjRhN2M5N2NlNzY1YTU0YTE0YTM0OTMxZWY3YjkyOTQ1Y2I5NzEyYWZmMWNjNWFjOTJhMjVmNg'),
(14961,542,99704,NULL,'2015-07-21 18:41:25',NULL,'2015-07-21 18:41:25',NULL,NULL,'Login',NULL,'2015-07-21 18:41:25','10.0.2.2','Mozilla/5.0 (Macintosh; Intel Mac OS X 10_10_0) AppleWebKit/537.36 (KHTML, like Gecko) Chrome/39.0.2171.99 Safari/537.36','2b08d92d4d1f8efe500d7dfcdbb8b848','ZWUxN2U5MTZlZDBkNTdkYzliYzk0ODY2ZTI1MGQwNWQ2MzQ2NTgwMjE1YjllZjMwMzFhOTBhOGRlNTlhMTMwNQ'),
(14962,542,99704,NULL,'2015-07-21 21:10:57',NULL,'2015-07-21 21:10:57',NULL,NULL,'Login',NULL,'2015-07-21 21:10:57','10.0.2.2','Mozilla/5.0 (Macintosh; Intel Mac OS X 10_10_0) AppleWebKit/537.36 (KHTML, like Gecko) Chrome/39.0.2171.99 Safari/537.36','2b08d92d4d1f8efe500d7dfcdbb8b848','YWU3MTYxYTM1YWQ1MDhmYTBkYmRhZTg2NjgxZWQ3NjY0NTQ0ODE3ODQwMjg3ODM1OWNkZmM4ZTRjNDRmODRkMg'),
(14963,542,99704,NULL,'2015-07-22 13:27:22',NULL,'2015-07-22 13:27:22',NULL,NULL,'Login',NULL,'2015-07-22 13:27:22','10.0.2.2','Mozilla/5.0 (Macintosh; Intel Mac OS X 10_10_3) AppleWebKit/537.36 (KHTML, like Gecko) Chrome/43.0.2357.134 Safari/537.36','2b08d92d4d1f8efe500d7dfcdbb8b848','M2VlYmNlMDQ3MzQyYTNkOGQ3NTJkMTViYWVhMmRmZDcyOThlNjdhODQxMzRhMDllMDJlMjgwMGZhMTU2NTVjMQ'),
(14964,542,99704,NULL,'2015-07-22 18:43:28',NULL,'2015-07-22 18:43:28',NULL,NULL,'Login',NULL,'2015-07-22 18:43:28','10.0.2.2','Mozilla/5.0 (Macintosh; Intel Mac OS X 10_10_0) AppleWebKit/537.36 (KHTML, like Gecko) Chrome/39.0.2171.99 Safari/537.36','2b08d92d4d1f8efe500d7dfcdbb8b848','NmQ5MWMwZDYzOGVhNGM3ZDVlM2IxZGRmNjc1MDc5YTIyZDljMjYyNjM5NmZhODc5MzUxMTFmZjk3MGZhYWU4Mw'),
(14965,543,99705,NULL,'2015-07-27 14:18:31',NULL,'2015-07-27 14:18:31',NULL,NULL,'Login',NULL,'2015-07-27 14:18:31','10.0.2.2','Mozilla/5.0 (Macintosh; Intel Mac OS X 10_10_3) AppleWebKit/537.36 (KHTML, like Gecko) Chrome/43.0.2357.134 Safari/537.36',NULL,'YzA4OGNiNzcyMjBjMzQyYmIzZDVjMDU5MTM5Yzc0MWRiOWEyYWJmMTcxYjg5MTE4MjgyNTUxYmUyOGM5MzdlMQ'),
(14966,-1,99706,NULL,'2015-07-27 19:30:38',NULL,'2015-07-27 19:30:38',NULL,NULL,'Login',NULL,'2015-07-27 19:30:38','10.0.2.2','Mozilla/5.0 (Macintosh; Intel Mac OS X 10_10_4) AppleWebKit/537.36 (KHTML, like Gecko) Chrome/44.0.2403.107 Safari/537.36',NULL,'YzU0YjM5YTYwOTE3NjVmMzJhMDMxNDc1NjA5YWNmMTUyMzk4NTNmNTY5MWUzNDgwZmE1ZWZmMmFkZTEzNDllMw'),
(14967,-1,99706,NULL,'2015-07-28 15:25:37',NULL,'2015-07-28 15:25:37',NULL,NULL,'Login',NULL,'2015-07-28 15:25:37','10.0.2.2','Mozilla/5.0 (Macintosh; Intel Mac OS X 10_10_4) AppleWebKit/537.36 (KHTML, like Gecko) Chrome/44.0.2403.107 Safari/537.36',NULL,'MDNjZDFlMWIyYTc1ZmEzMGJkNjg4YzhkZWMzMzA3OTVjZDhmZGMyMmMyMDMxNmUzNzVlZDllZTllOTdlNGZjMw'),
(14968,542,99704,NULL,'2015-07-28 21:53:39',NULL,'2015-07-28 21:53:39',NULL,NULL,'Login',NULL,'2015-07-28 21:53:39','10.0.2.2','Mozilla/5.0 (Macintosh; Intel Mac OS X 10_10_3) AppleWebKit/537.36 (KHTML, like Gecko) Chrome/44.0.2403.107 Safari/537.36','2b08d92d4d1f8efe500d7dfcdbb8b848','MDBlYTNkOGQ0MTNlNDUyYWQ5ZDgyYWQ0ZDhhN2FiNTBjODZmZGM1N2YxOTQzYTYxMDA4OGE3N2U1ZDZmZGE5Yg');
/*!40000 ALTER TABLE `access_log` ENABLE KEYS */;
UNLOCK TABLES;

--
-- Table structure for table `activity_category`
--

DROP TABLE IF EXISTS `activity_category`;
/*!40101 SET @saved_cs_client     = @@character_set_client */;
/*!40101 SET character_set_client = utf8 */;
CREATE TABLE `activity_category` (
  `id` int(11) NOT NULL AUTO_INCREMENT,
  `created_by` int(11) DEFAULT NULL,
  `created_at` datetime DEFAULT NULL,
  `modified_by` int(11) DEFAULT NULL,
  `modified_at` datetime DEFAULT NULL,
  `deleted_by` int(11) DEFAULT NULL,
  `deleted_at` datetime DEFAULT NULL,
  `short_name` varchar(45) COLLATE utf8_unicode_ci DEFAULT NULL,
  `is_active` tinyint(1) DEFAULT NULL,
  `display_seq` int(11) DEFAULT NULL,
  `parent_activity_category_id` int(11) DEFAULT NULL,
  PRIMARY KEY (`id`),
  KEY `fk_activity_category_activity_category1_idx` (`parent_activity_category_id`),
  CONSTRAINT `FK_A646A9CFB8DBAE1C` FOREIGN KEY (`parent_activity_category_id`) REFERENCES `activity_category` (`id`)
) ENGINE=InnoDB AUTO_INCREMENT=43 DEFAULT CHARSET=utf8 COLLATE=utf8_unicode_ci;
/*!40101 SET character_set_client = @saved_cs_client */;

--
-- Dumping data for table `activity_category`
--

LOCK TABLES `activity_category` WRITE;
/*!40000 ALTER TABLE `activity_category` DISABLE KEYS */;
INSERT INTO `activity_category` VALUES
(1,NULL,NULL,NULL,NULL,NULL,NULL,'Academic Issues',NULL,NULL,NULL),
(2,NULL,NULL,NULL,NULL,NULL,NULL,'Personal Issues',NULL,NULL,NULL),
(3,NULL,NULL,NULL,NULL,NULL,NULL,'Financial Issues',NULL,NULL,NULL),
(4,NULL,NULL,NULL,NULL,NULL,NULL,'MAP-Works Issues',NULL,NULL,NULL),
(19,NULL,NULL,NULL,NULL,NULL,NULL,'Class attendance concern',NULL,NULL,1),
(20,NULL,NULL,NULL,NULL,NULL,NULL,'Class attendance positive',NULL,NULL,1),
(21,NULL,NULL,NULL,NULL,NULL,NULL,'Academic performance concern',NULL,NULL,1),
(22,NULL,NULL,NULL,NULL,NULL,NULL,'Academic performance positive',NULL,NULL,1),
(23,NULL,NULL,NULL,NULL,NULL,NULL,'Registration positive',NULL,NULL,1),
(24,NULL,NULL,NULL,NULL,NULL,NULL,'Registration concern',NULL,NULL,1),
(25,NULL,NULL,NULL,NULL,NULL,NULL,'Academic skills',NULL,NULL,1),
(26,NULL,NULL,NULL,NULL,NULL,NULL,'Academic major exploration/selection',NULL,NULL,1),
(27,NULL,NULL,NULL,NULL,NULL,NULL,'Academic action meeting',NULL,NULL,1),
(28,NULL,NULL,NULL,NULL,NULL,NULL,'Academic success planning',NULL,NULL,1),
(29,NULL,NULL,NULL,NULL,NULL,NULL,'Missing required meetings / activities',NULL,NULL,1),
(30,NULL,NULL,NULL,NULL,NULL,NULL,'Attended meeting / activities',NULL,NULL,1),
(31,NULL,NULL,NULL,NULL,NULL,NULL,'Other academic concerns',NULL,NULL,1),
(32,NULL,NULL,NULL,NULL,NULL,NULL,'Living environment concern',NULL,NULL,2),
(33,NULL,NULL,NULL,NULL,NULL,NULL,'Living environment positive',NULL,NULL,2),
(34,NULL,NULL,NULL,NULL,NULL,NULL,'Relationships concern',NULL,NULL,2),
(35,NULL,NULL,NULL,NULL,NULL,NULL,'Relationships positive',NULL,NULL,2),
(36,NULL,NULL,NULL,NULL,NULL,NULL,'Social connections concern',NULL,NULL,2),
(37,NULL,NULL,NULL,NULL,NULL,NULL,'Social connections positive',NULL,NULL,2),
(38,NULL,NULL,NULL,NULL,NULL,NULL,'Medical / mental health',NULL,NULL,2),
(39,NULL,NULL,NULL,NULL,NULL,NULL,'Short term',NULL,NULL,3),
(40,NULL,NULL,NULL,NULL,NULL,NULL,'Long term',NULL,NULL,3),
(41,NULL,NULL,NULL,NULL,NULL,NULL,'Positive financial',NULL,NULL,3),
(42,NULL,NULL,NULL,NULL,NULL,NULL,'MAP-Works related issues',NULL,NULL,4);
/*!40000 ALTER TABLE `activity_category` ENABLE KEYS */;
UNLOCK TABLES;

--
-- Table structure for table `activity_category_lang`
--

DROP TABLE IF EXISTS `activity_category_lang`;
/*!40101 SET @saved_cs_client     = @@character_set_client */;
/*!40101 SET character_set_client = utf8 */;
CREATE TABLE `activity_category_lang` (
  `id` int(11) NOT NULL AUTO_INCREMENT,
  `activity_category_id` int(11) DEFAULT NULL,
  `language_id` int(11) DEFAULT NULL,
  `created_by` int(11) DEFAULT NULL,
  `created_at` datetime DEFAULT NULL,
  `modified_by` int(11) DEFAULT NULL,
  `modified_at` datetime DEFAULT NULL,
  `deleted_by` int(11) DEFAULT NULL,
  `deleted_at` datetime DEFAULT NULL,
  `description` varchar(100) COLLATE utf8_unicode_ci DEFAULT NULL,
  PRIMARY KEY (`id`),
  KEY `IDX_BB4037E11CC8F7EE` (`activity_category_id`),
  KEY `IDX_BB4037E182F1BAF4` (`language_id`),
  CONSTRAINT `FK_BB4037E11CC8F7EE` FOREIGN KEY (`activity_category_id`) REFERENCES `activity_category` (`id`),
  CONSTRAINT `FK_BB4037E182F1BAF4` FOREIGN KEY (`language_id`) REFERENCES `language_master` (`id`)
) ENGINE=InnoDB AUTO_INCREMENT=29 DEFAULT CHARSET=utf8 COLLATE=utf8_unicode_ci;
/*!40101 SET character_set_client = @saved_cs_client */;

--
-- Dumping data for table `activity_category_lang`
--

LOCK TABLES `activity_category_lang` WRITE;
/*!40000 ALTER TABLE `activity_category_lang` DISABLE KEYS */;
INSERT INTO `activity_category_lang` VALUES
(1,1,1,NULL,NULL,NULL,NULL,NULL,NULL,'Academic Issues'),
(2,2,1,NULL,NULL,NULL,NULL,NULL,NULL,'Personal Issues'),
(3,3,1,NULL,NULL,NULL,NULL,NULL,NULL,'Financial Issues'),
(4,4,1,NULL,NULL,NULL,NULL,NULL,NULL,'Mapworks issues'),
(5,19,1,NULL,NULL,NULL,NULL,NULL,NULL,'Class attendance concern '),
(6,20,1,NULL,NULL,NULL,NULL,NULL,NULL,'Class attendance positive'),
(7,21,1,NULL,NULL,NULL,NULL,NULL,NULL,'Academic performance concern '),
(8,22,1,NULL,NULL,NULL,NULL,NULL,NULL,'Academic performance positive'),
(9,23,1,NULL,NULL,NULL,NULL,NULL,NULL,'Registration positive '),
(10,24,1,NULL,NULL,NULL,NULL,NULL,NULL,'Registration concern'),
(11,25,1,NULL,NULL,NULL,NULL,NULL,NULL,'Academic skills'),
(12,26,1,NULL,NULL,NULL,NULL,NULL,NULL,'Academic major exploration/selection'),
(13,27,1,NULL,NULL,NULL,NULL,NULL,NULL,'Academic action meeting'),
(14,28,1,NULL,NULL,NULL,NULL,NULL,NULL,'Academic success planning'),
(15,29,1,NULL,NULL,NULL,NULL,NULL,NULL,'Missing required meetings / activities'),
(16,30,1,NULL,NULL,NULL,NULL,NULL,NULL,'Attended meeting / activities'),
(17,31,1,NULL,NULL,NULL,NULL,NULL,NULL,'Other academic concerns'),
(18,32,1,NULL,NULL,NULL,NULL,NULL,NULL,'Living environment concern'),
(19,33,1,NULL,NULL,NULL,NULL,NULL,NULL,'Living environment positive'),
(20,34,1,NULL,NULL,NULL,NULL,NULL,NULL,'Relationships concern'),
(21,35,1,NULL,NULL,NULL,NULL,NULL,NULL,'Relationships positive'),
(22,36,1,NULL,NULL,NULL,NULL,NULL,NULL,'Social connections concern'),
(23,37,1,NULL,NULL,NULL,NULL,NULL,NULL,'Social connections positive'),
(24,38,1,NULL,NULL,NULL,NULL,NULL,NULL,'Medical / mental health'),
(25,39,1,NULL,NULL,NULL,NULL,NULL,NULL,'Short term'),
(26,40,1,NULL,NULL,NULL,NULL,NULL,NULL,'Long term'),
(27,41,1,NULL,NULL,NULL,NULL,NULL,NULL,'Positive financial'),
(28,42,1,NULL,NULL,NULL,NULL,NULL,NULL,'Mapworks related issues');
/*!40000 ALTER TABLE `activity_category_lang` ENABLE KEYS */;
UNLOCK TABLES;

--
-- Table structure for table `activity_log`
--

DROP TABLE IF EXISTS `activity_log`;
/*!40101 SET @saved_cs_client     = @@character_set_client */;
/*!40101 SET character_set_client = utf8 */;
CREATE TABLE `activity_log` (
  `id` int(11) NOT NULL AUTO_INCREMENT,
  `created_by` int(11) DEFAULT NULL,
  `modified_by` int(11) DEFAULT NULL,
  `deleted_by` int(11) DEFAULT NULL,
  `organization_id` int(11) DEFAULT NULL,
  `person_id_faculty` int(11) DEFAULT NULL,
  `person_id_student` int(11) DEFAULT NULL,
  `referrals_id` int(11) DEFAULT NULL,
  `appointments_id` int(11) DEFAULT NULL,
  `note_id` int(11) DEFAULT NULL,
  `contacts_id` int(11) DEFAULT NULL,
  `created_at` datetime DEFAULT NULL,
  `modified_at` datetime DEFAULT NULL,
  `deleted_at` datetime DEFAULT NULL,
  `activity_type` varchar(1) COLLATE utf8_unicode_ci DEFAULT NULL,
  `activity_date` datetime DEFAULT NULL,
  `reason` varchar(100) COLLATE utf8_unicode_ci DEFAULT NULL,
  `email_id` int(11) DEFAULT NULL,
  PRIMARY KEY (`id`),
  KEY `IDX_FD06F647DE12AB56` (`created_by`),
  KEY `IDX_FD06F64725F94802` (`modified_by`),
  KEY `IDX_FD06F6471F6FA0AF` (`deleted_by`),
  KEY `IDX_FD06F64732C8A3DE` (`organization_id`),
  KEY `IDX_FD06F647FFB0AA26` (`person_id_faculty`),
  KEY `IDX_FD06F6475F056556` (`person_id_student`),
  KEY `IDX_FD06F647B24851AE` (`referrals_id`),
  KEY `IDX_FD06F64723F542AE` (`appointments_id`),
  KEY `IDX_FD06F64726ED0855` (`note_id`),
  KEY `IDX_FD06F647719FB48E` (`contacts_id`),
  KEY `IDX_FD06F647A832C1C9` (`email_id`),
  CONSTRAINT `FK_FD06F6471F6FA0AF` FOREIGN KEY (`deleted_by`) REFERENCES `person` (`id`),
  CONSTRAINT `FK_FD06F64723F542AE` FOREIGN KEY (`appointments_id`) REFERENCES `Appointments` (`id`),
  CONSTRAINT `FK_FD06F64725F94802` FOREIGN KEY (`modified_by`) REFERENCES `person` (`id`),
  CONSTRAINT `FK_FD06F64726ED0855` FOREIGN KEY (`note_id`) REFERENCES `note` (`id`),
  CONSTRAINT `FK_FD06F64732C8A3DE` FOREIGN KEY (`organization_id`) REFERENCES `organization` (`id`),
  CONSTRAINT `FK_FD06F6475F056556` FOREIGN KEY (`person_id_student`) REFERENCES `person` (`id`),
  CONSTRAINT `FK_FD06F647719FB48E` FOREIGN KEY (`contacts_id`) REFERENCES `contacts` (`id`),
  CONSTRAINT `FK_FD06F647A832C1C9` FOREIGN KEY (`email_id`) REFERENCES `email` (`id`),
  CONSTRAINT `FK_FD06F647B24851AE` FOREIGN KEY (`referrals_id`) REFERENCES `referrals` (`id`),
  CONSTRAINT `FK_FD06F647DE12AB56` FOREIGN KEY (`created_by`) REFERENCES `person` (`id`),
  CONSTRAINT `FK_FD06F647FFB0AA26` FOREIGN KEY (`person_id_faculty`) REFERENCES `person` (`id`)
) ENGINE=InnoDB AUTO_INCREMENT=17521 DEFAULT CHARSET=utf8 COLLATE=utf8_unicode_ci;
/*!40101 SET character_set_client = @saved_cs_client */;

--
-- Dumping data for table `activity_log`
--

LOCK TABLES `activity_log` WRITE;
/*!40000 ALTER TABLE `activity_log` DISABLE KEYS */;
INSERT INTO `activity_log` VALUES
(14927,NULL,NULL,NULL,542,99385,NULL,NULL,NULL,NULL,NULL,'2015-05-11 22:01:11','2015-05-11 22:01:11',NULL,'L','2015-05-11 22:01:11','Login',NULL),
(15205,NULL,NULL,NULL,542,99385,NULL,NULL,NULL,NULL,NULL,'2015-05-13 16:02:29','2015-05-13 16:02:29',NULL,'L','2015-05-13 16:02:29','Login',NULL),
(15218,NULL,NULL,NULL,542,99385,NULL,NULL,NULL,NULL,NULL,'2015-05-13 19:24:08','2015-05-13 19:24:08',NULL,'L','2015-05-13 19:24:08','Login',NULL),
(15403,NULL,NULL,NULL,542,99385,NULL,NULL,NULL,NULL,NULL,'2015-05-13 20:46:59','2015-05-13 20:46:59',NULL,'L','2015-05-13 20:46:59','Login',NULL),
(15504,NULL,NULL,NULL,542,99385,NULL,NULL,NULL,NULL,NULL,'2015-05-13 21:17:35','2015-05-13 21:17:35',NULL,'L','2015-05-13 21:17:35','Login',NULL),
(15657,NULL,NULL,NULL,542,99435,NULL,NULL,NULL,NULL,NULL,'2015-05-14 19:45:26','2015-05-14 19:45:26',NULL,'L','2015-05-14 19:45:26','Login',NULL),
(16052,NULL,NULL,NULL,542,99436,NULL,NULL,NULL,NULL,NULL,'2015-05-19 14:35:55','2015-05-19 14:35:55',NULL,'L','2015-05-19 14:35:55','Login',NULL),
(16053,NULL,NULL,NULL,542,99436,NULL,NULL,NULL,NULL,NULL,'2015-05-19 14:55:43','2015-05-19 14:55:43',NULL,'L','2015-05-19 14:55:43','Login',NULL),
(16054,NULL,NULL,NULL,542,99438,NULL,NULL,NULL,NULL,NULL,'2015-05-19 14:57:35','2015-05-19 14:57:35',NULL,'L','2015-05-19 14:57:35','Login',NULL),
(16055,NULL,NULL,NULL,542,99436,NULL,NULL,NULL,NULL,NULL,'2015-05-19 14:58:40','2015-05-19 14:58:40',NULL,'L','2015-05-19 14:58:40','Login',NULL),
(16061,NULL,NULL,NULL,542,99438,NULL,NULL,NULL,NULL,NULL,'2015-05-19 17:24:14','2015-05-19 17:24:14',NULL,'L','2015-05-19 17:24:14','Login',NULL),
(16062,NULL,NULL,NULL,542,99435,NULL,NULL,NULL,NULL,NULL,'2015-05-19 17:32:38','2015-05-19 17:32:38',NULL,'L','2015-05-19 17:32:38','Login',NULL),
(16063,NULL,NULL,NULL,542,99437,NULL,NULL,NULL,NULL,NULL,'2015-05-19 17:59:21','2015-05-19 17:59:21',NULL,'L','2015-05-19 17:59:21','Login',NULL),
(16067,NULL,NULL,NULL,542,99438,NULL,NULL,NULL,NULL,NULL,'2015-05-19 18:32:01','2015-05-19 18:32:01',NULL,'L','2015-05-19 18:32:01','Login',NULL),
(16074,NULL,NULL,NULL,542,99435,NULL,NULL,NULL,NULL,NULL,'2015-05-19 21:29:59','2015-05-19 21:29:59',NULL,'L','2015-05-19 21:29:59','Login',NULL),
(16075,NULL,NULL,NULL,542,99435,NULL,NULL,NULL,NULL,NULL,'2015-05-19 21:39:27','2015-05-19 21:39:27',NULL,'L','2015-05-19 21:39:27','Login',NULL),
(16076,NULL,NULL,NULL,542,99436,NULL,NULL,NULL,NULL,NULL,'2015-05-19 21:43:08','2015-05-19 21:43:08',NULL,'L','2015-05-19 21:43:08','Login',NULL),
(16077,NULL,NULL,NULL,542,99435,NULL,NULL,NULL,NULL,NULL,'2015-05-19 21:43:54','2015-05-19 21:43:54',NULL,'L','2015-05-19 21:43:54','Login',NULL),
(16078,NULL,NULL,NULL,542,99435,NULL,NULL,NULL,NULL,NULL,'2015-05-19 21:44:20','2015-05-19 21:44:20',NULL,'L','2015-05-19 21:44:20','Login',NULL),
(16080,NULL,NULL,NULL,542,99435,99414,NULL,NULL,210,NULL,'2015-05-19 21:52:30','2015-05-19 21:52:30',NULL,'N','2015-05-19 21:52:30','Class attendance concern',NULL),
(16083,NULL,NULL,NULL,542,99435,NULL,NULL,NULL,NULL,NULL,'2015-05-19 22:47:17','2015-05-19 22:47:17',NULL,'L','2015-05-19 22:47:17','Login',NULL),
(16084,NULL,NULL,NULL,542,99435,99417,NULL,NULL,211,NULL,'2015-05-19 22:55:41','2015-05-19 22:55:41',NULL,'N','2015-05-19 22:55:41','Mapworks related issues',NULL),
(16132,NULL,NULL,NULL,542,99435,NULL,NULL,NULL,NULL,NULL,'2015-05-20 13:40:08','2015-05-20 13:40:08',NULL,'L','2015-05-20 13:40:08','Login',NULL),
(16136,NULL,NULL,NULL,542,99435,NULL,NULL,NULL,NULL,NULL,'2015-05-20 14:05:12','2015-05-20 14:05:12',NULL,'L','2015-05-20 14:05:12','Login',NULL),
(16137,NULL,NULL,NULL,542,99445,NULL,NULL,NULL,NULL,NULL,'2015-05-20 14:06:36','2015-05-20 14:06:36',NULL,'L','2015-05-20 14:06:36','Login',NULL),
(16138,NULL,NULL,NULL,542,99435,NULL,NULL,NULL,NULL,NULL,'2015-05-20 14:07:56','2015-05-20 14:07:56',NULL,'L','2015-05-20 14:07:56','Login',NULL),
(16139,NULL,NULL,NULL,542,99435,NULL,NULL,NULL,NULL,NULL,'2015-05-20 14:09:11','2015-05-20 14:09:11',NULL,'L','2015-05-20 14:09:11','Login',NULL),
(16141,NULL,NULL,NULL,542,99385,NULL,NULL,NULL,NULL,NULL,'2015-05-20 14:10:39','2015-05-20 14:10:39',NULL,'L','2015-05-20 14:10:39','Login',NULL),
(16142,NULL,NULL,NULL,542,99445,NULL,NULL,NULL,NULL,NULL,'2015-05-20 14:22:10','2015-05-20 14:22:10',NULL,'L','2015-05-20 14:22:10','Login',NULL),
(16143,NULL,NULL,NULL,542,99445,99422,NULL,984,NULL,NULL,'2015-05-20 14:27:05','2015-05-20 14:27:05',NULL,'A','2015-05-23 09:00:00','Attended meeting / activities',NULL),
(16144,NULL,NULL,NULL,542,99445,99417,NULL,984,NULL,NULL,'2015-05-20 14:27:05','2015-05-20 14:27:05',NULL,'A','2015-05-23 09:00:00','Attended meeting / activities',NULL),
(16145,NULL,NULL,NULL,542,99385,NULL,NULL,NULL,NULL,NULL,'2015-05-20 14:43:23','2015-05-20 14:43:23',NULL,'L','2015-05-20 14:43:23','Login',NULL),
(16147,NULL,NULL,NULL,542,99444,NULL,NULL,NULL,NULL,NULL,'2015-05-20 14:47:01','2015-05-20 14:47:01',NULL,'L','2015-05-20 14:47:01','Login',NULL),
(16148,NULL,NULL,NULL,542,99438,NULL,NULL,NULL,NULL,NULL,'2015-05-20 14:52:04','2015-05-20 14:52:04',NULL,'L','2015-05-20 14:52:04','Login',NULL),
(16151,NULL,NULL,NULL,542,99444,NULL,NULL,NULL,NULL,NULL,'2015-05-20 15:30:30','2015-05-20 15:30:30',NULL,'L','2015-05-20 15:30:30','Login',NULL),
(16153,NULL,NULL,NULL,542,99445,NULL,NULL,NULL,NULL,NULL,'2015-05-20 15:43:24','2015-05-20 15:43:24',NULL,'L','2015-05-20 15:43:24','Login',NULL),
(16155,NULL,NULL,NULL,542,99437,NULL,NULL,NULL,NULL,NULL,'2015-05-20 15:45:22','2015-05-20 15:45:22',NULL,'L','2015-05-20 15:45:22','Login',NULL),
(16156,NULL,NULL,NULL,542,99445,99422,NULL,NULL,212,NULL,'2015-05-20 15:45:33','2015-05-20 15:45:33',NULL,'N','2015-05-20 15:45:33','Mapworks related issues',NULL),
(16157,NULL,NULL,NULL,542,99445,99422,NULL,NULL,213,NULL,'2015-05-20 15:47:17','2015-05-20 15:47:17',NULL,'N','2015-05-20 15:47:17','Academic performance concern',NULL),
(16158,NULL,NULL,NULL,542,99445,99422,NULL,NULL,214,NULL,'2015-05-20 15:48:22','2015-05-20 15:48:22',NULL,'N','2015-05-20 15:48:22','Academic performance concern',NULL),
(16159,NULL,NULL,NULL,542,99440,NULL,NULL,NULL,NULL,NULL,'2015-05-20 15:50:52','2015-05-20 15:50:52',NULL,'L','2015-05-20 15:50:52','Login',NULL),
(16161,NULL,NULL,NULL,542,99445,99422,NULL,NULL,NULL,255,'2015-05-20 16:06:33','2015-05-20 16:06:33',NULL,'C','2015-05-20 16:06:33','Social connections positive',NULL),
(16164,NULL,NULL,NULL,542,99445,99422,NULL,NULL,NULL,256,'2015-05-20 16:13:39','2015-05-20 16:13:39',NULL,'C','2015-05-20 16:13:39','Living environment positive',NULL),
(16165,NULL,NULL,NULL,542,99445,99422,NULL,NULL,NULL,257,'2015-05-20 16:15:37','2015-05-20 16:15:37',NULL,'C','2015-05-20 16:15:37','Class attendance positive',NULL),
(16166,NULL,NULL,NULL,542,99445,99422,670,NULL,NULL,NULL,'2015-05-20 16:50:34','2015-05-20 16:50:34',NULL,'R','2015-05-20 16:50:34','Mapworks related issues',NULL),
(16167,NULL,NULL,NULL,542,99445,99422,671,NULL,NULL,NULL,'2015-05-20 16:54:28','2015-05-20 16:54:28',NULL,'R','2015-05-20 16:54:28','Class attendance concern',NULL),
(16169,NULL,NULL,NULL,542,99445,NULL,NULL,NULL,NULL,NULL,'2015-05-20 17:47:02','2015-05-20 17:47:02',NULL,'L','2015-05-20 17:47:02','Login',NULL),
(16170,NULL,NULL,NULL,542,99445,99422,672,NULL,NULL,NULL,'2015-05-20 17:47:58','2015-05-20 17:47:58',NULL,'R','2015-05-20 17:47:58','Mapworks related issues',NULL),
(16172,NULL,NULL,NULL,542,99437,NULL,NULL,NULL,NULL,NULL,'2015-05-20 18:29:52','2015-05-20 18:29:52',NULL,'L','2015-05-20 18:29:52','Login',NULL),
(16173,NULL,NULL,NULL,542,99436,NULL,NULL,NULL,NULL,NULL,'2015-05-20 18:40:38','2015-05-20 18:40:38',NULL,'L','2015-05-20 18:40:38','Login',NULL),
(16177,NULL,NULL,NULL,542,99385,NULL,NULL,NULL,NULL,NULL,'2015-05-20 19:37:46','2015-05-20 19:37:46',NULL,'L','2015-05-20 19:37:46','Login',NULL),
(16178,NULL,NULL,NULL,542,99442,NULL,NULL,NULL,NULL,NULL,'2015-05-20 19:38:14','2015-05-20 19:38:14',NULL,'L','2015-05-20 19:38:14','Login',NULL),
(17404,NULL,NULL,NULL,542,99704,NULL,NULL,NULL,NULL,NULL,'2015-06-17 19:53:13','2015-06-17 19:53:13',NULL,'L','2015-06-17 19:53:13','Login',NULL),
(17405,NULL,NULL,NULL,542,99440,NULL,NULL,NULL,NULL,NULL,'2015-06-17 19:55:22','2015-06-17 19:55:22',NULL,'L','2015-06-17 19:55:21','Login',NULL),
(17406,NULL,NULL,NULL,542,99440,99410,NULL,NULL,215,NULL,'2015-06-17 20:04:48','2015-06-17 20:04:48',NULL,'N','2015-06-17 20:04:48','Class attendance concern',NULL),
(17407,NULL,NULL,NULL,542,99440,99410,NULL,NULL,216,NULL,'2015-06-17 20:05:18','2015-06-17 20:05:18',NULL,'N','2015-06-17 20:05:18','Academic performance concern',NULL),
(17408,NULL,NULL,NULL,542,99440,99410,NULL,NULL,NULL,258,'2015-06-17 20:06:20','2015-06-17 20:06:20',NULL,'C','2015-06-17 20:06:20','Class attendance concern',NULL),
(17409,NULL,NULL,NULL,542,99440,99410,NULL,NULL,NULL,259,'2015-06-17 20:07:04','2015-06-17 20:07:04',NULL,'C','2015-06-17 20:07:03','Academic performance concern',NULL),
(17410,NULL,NULL,NULL,542,99440,99410,NULL,985,NULL,NULL,'2015-06-17 20:08:12','2015-06-17 20:08:12',NULL,'A','2015-06-18 09:00:00','Class attendance concern',NULL),
(17411,NULL,NULL,NULL,542,99440,99410,673,NULL,NULL,NULL,'2015-06-17 20:10:16','2015-06-17 20:10:16',NULL,'R','2015-06-17 20:10:16','Class attendance concern',NULL),
(17412,NULL,NULL,NULL,542,99440,99410,674,NULL,NULL,NULL,'2015-06-17 20:11:04','2015-06-17 20:11:04',NULL,'R','2015-06-17 20:11:04','Academic performance concern',NULL),
(17413,NULL,NULL,NULL,542,99704,NULL,NULL,NULL,NULL,NULL,'2015-06-19 16:05:52','2015-06-19 16:05:52',NULL,'L','2015-06-19 16:05:52','Login',NULL),
(17414,NULL,NULL,NULL,542,99440,NULL,NULL,NULL,NULL,NULL,'2015-06-19 18:32:59','2015-06-19 18:32:59',NULL,'L','2015-06-19 18:32:59','Login',NULL),
(17415,NULL,NULL,NULL,542,99440,99410,NULL,NULL,217,NULL,'2015-06-19 18:34:42','2015-06-19 18:34:42',NULL,'N','2015-06-19 18:34:42','Class attendance concern',NULL),
(17416,NULL,NULL,NULL,542,99440,99410,NULL,NULL,218,NULL,'2015-06-19 18:35:27','2015-06-19 18:35:27',NULL,'N','2015-06-19 18:35:27','Academic performance concern',NULL),
(17417,NULL,NULL,NULL,542,99440,99410,NULL,NULL,NULL,260,'2015-06-19 18:36:42','2015-06-19 18:36:42',NULL,'C','2015-06-19 18:36:42','Academic action meeting',NULL),
(17418,NULL,NULL,NULL,542,99440,99410,NULL,NULL,NULL,261,'2015-06-19 18:37:40','2015-06-19 18:37:40',NULL,'C','2015-06-19 18:37:39','Living environment concern',NULL),
(17419,NULL,NULL,NULL,542,99440,99410,675,NULL,NULL,NULL,'2015-06-19 18:38:24','2015-06-19 18:38:24',NULL,'R','2015-06-19 18:38:24','Social connections concern',NULL),
(17420,NULL,NULL,NULL,542,99440,99410,676,NULL,NULL,NULL,'2015-06-19 18:39:04','2015-06-19 18:39:04',NULL,'R','2015-06-19 18:39:03','Academic skills',NULL),
(17421,NULL,NULL,NULL,542,99440,NULL,NULL,NULL,NULL,NULL,'2015-06-23 16:01:05','2015-06-23 16:01:05',NULL,'L','2015-06-23 16:01:05','Login',NULL),
(17422,NULL,NULL,NULL,542,99704,NULL,NULL,NULL,NULL,NULL,'2015-06-23 16:06:45','2015-06-23 16:06:45',NULL,'L','2015-06-23 16:06:45','Login',NULL),
(17423,NULL,NULL,NULL,542,99447,NULL,NULL,NULL,NULL,NULL,'2015-06-23 16:34:13','2015-06-23 16:34:13',NULL,'L','2015-06-23 16:34:13','Login',NULL),
(17424,NULL,NULL,NULL,542,99440,NULL,NULL,NULL,NULL,NULL,'2015-06-23 16:43:09','2015-06-23 16:43:09',NULL,'L','2015-06-23 16:43:09','Login',NULL),
(17425,NULL,NULL,NULL,542,99440,99411,NULL,NULL,219,NULL,'2015-06-23 16:48:51','2015-06-23 16:48:51',NULL,'N','2015-06-23 16:48:51','Academic performance concern',NULL),
(17426,NULL,NULL,NULL,542,99440,99411,NULL,NULL,NULL,262,'2015-06-23 16:50:18','2015-06-23 16:50:18',NULL,'C','2015-06-23 16:50:18','Academic performance concern',NULL),
(17427,NULL,NULL,NULL,542,99440,99411,677,NULL,NULL,NULL,'2015-06-23 16:51:10','2015-06-23 16:51:10',NULL,'R','2015-06-23 16:51:10','Academic performance concern',NULL),
(17428,NULL,NULL,NULL,542,99704,NULL,NULL,NULL,NULL,NULL,'2015-06-23 17:58:07','2015-06-23 17:58:07',NULL,'L','2015-06-23 17:58:07','Login',NULL),
(17429,NULL,NULL,NULL,542,99704,NULL,NULL,NULL,NULL,NULL,'2015-06-29 18:41:55','2015-06-29 18:41:55',NULL,'L','2015-06-29 18:41:55','Login',NULL),
(17430,NULL,NULL,NULL,542,99440,NULL,NULL,NULL,NULL,NULL,'2015-07-01 13:24:15','2015-07-01 13:24:15',NULL,'L','2015-07-01 13:24:15','Login',NULL),
(17431,NULL,NULL,NULL,542,99436,99422,NULL,NULL,220,NULL,'2015-07-01 13:24:51','2015-07-01 13:24:51',NULL,'N','2015-07-01 13:24:51','Class attendance concern',NULL),
(17432,NULL,NULL,NULL,542,99436,99422,NULL,NULL,221,NULL,'2015-07-01 13:24:52','2015-07-01 13:24:52',NULL,'N','2015-07-01 13:24:52','Class attendance concern',NULL),
(17433,NULL,NULL,NULL,542,99436,99422,NULL,986,NULL,NULL,'2015-07-01 13:24:55','2015-07-01 13:24:55',NULL,'A','2015-05-23 09:00:00','Attended meeting / activities',NULL),
(17434,NULL,NULL,NULL,542,99436,99422,678,NULL,NULL,NULL,'2015-07-01 13:24:56','2015-07-01 13:24:56',NULL,'R','2015-07-01 13:24:56','Class attendance concern',NULL),
(17435,NULL,NULL,NULL,542,99440,99422,679,NULL,NULL,NULL,'2015-07-01 13:24:57','2015-07-01 13:24:57',NULL,'R','2015-07-01 13:24:57','Class attendance concern',NULL),
(17436,NULL,NULL,NULL,542,99704,NULL,NULL,NULL,NULL,NULL,'2015-07-01 16:19:24','2015-07-01 16:19:24',NULL,'L','2015-07-01 16:19:24','Login',NULL),
(17437,NULL,NULL,NULL,542,99704,99429,680,NULL,NULL,NULL,'2015-07-01 17:07:03','2015-07-01 17:07:03',NULL,'R','2015-07-01 17:07:02','Academic skills',NULL),
(17438,NULL,NULL,NULL,542,99704,99429,NULL,987,NULL,NULL,'2015-07-01 17:08:26','2015-07-01 17:08:26',NULL,'A','2015-07-02 21:00:00','Academic performance concern',NULL),
(17439,NULL,NULL,NULL,542,99704,99429,NULL,NULL,NULL,263,'2015-07-01 17:08:51','2015-07-01 17:08:51',NULL,'C','2015-07-01 17:08:51','Class attendance concern',NULL),
(17440,NULL,NULL,NULL,542,99704,99429,NULL,NULL,222,NULL,'2015-07-01 17:09:18','2015-07-01 17:09:18',NULL,'N','2015-07-01 17:09:18','Academic performance positive',NULL),
(17441,NULL,NULL,NULL,542,99704,99429,681,NULL,NULL,NULL,'2015-07-01 17:45:16','2015-07-01 17:45:16',NULL,'R','2015-07-01 17:45:15','Class attendance positive',NULL),
(17442,NULL,NULL,NULL,542,99704,99429,NULL,988,NULL,NULL,'2015-07-01 17:45:58','2015-07-01 17:45:58',NULL,'A','2015-07-02 21:00:00','Class attendance positive',NULL),
(17443,NULL,NULL,NULL,542,99704,99429,NULL,NULL,NULL,264,'2015-07-01 17:46:32','2015-07-01 17:46:32',NULL,'C','2015-07-01 17:46:31','Class attendance concern',NULL),
(17444,NULL,NULL,NULL,542,99704,99429,NULL,NULL,223,NULL,'2015-07-01 17:46:47','2015-07-01 17:46:47',NULL,'N','2015-07-01 17:46:47','Class attendance positive',NULL),
(17445,NULL,NULL,NULL,542,99441,NULL,NULL,NULL,NULL,NULL,'2015-07-01 17:52:13','2015-07-01 17:52:13',NULL,'L','2015-07-01 17:52:13','Login',NULL),
(17449,NULL,NULL,NULL,542,99704,NULL,NULL,NULL,NULL,NULL,'2015-07-02 15:48:51','2015-07-02 15:48:51',NULL,'L','2015-07-02 15:48:51','Login',NULL),
(17450,NULL,NULL,NULL,542,99704,NULL,NULL,NULL,NULL,NULL,'2015-07-02 16:53:02','2015-07-02 16:53:02',NULL,'L','2015-07-02 16:53:02','Login',NULL),
(17451,NULL,NULL,NULL,542,99704,NULL,NULL,NULL,NULL,NULL,'2015-07-06 21:02:22','2015-07-06 21:02:22',NULL,'L','2015-07-06 21:02:22','Login',NULL),
(17452,NULL,NULL,NULL,542,99440,NULL,NULL,NULL,NULL,NULL,'2015-07-06 21:05:51','2015-07-06 21:05:51',NULL,'L','2015-07-06 21:05:51','Login',NULL),
(17453,NULL,NULL,NULL,542,99704,NULL,NULL,NULL,NULL,NULL,'2015-07-07 17:40:00','2015-07-07 17:40:00',NULL,'L','2015-07-07 17:40:00','Login',NULL),
(17454,NULL,NULL,NULL,542,99704,NULL,NULL,NULL,NULL,NULL,'2015-07-07 18:44:04','2015-07-07 18:44:04',NULL,'L','2015-07-07 18:44:04','Login',NULL),
(17455,NULL,NULL,NULL,542,99704,NULL,NULL,NULL,NULL,NULL,'2015-07-09 14:28:53','2015-07-09 14:28:53',NULL,'L','2015-07-09 14:28:53','Login',NULL),
(17456,NULL,NULL,NULL,542,99704,99422,684,NULL,NULL,NULL,'2015-07-09 14:30:04','2015-07-09 14:30:04',NULL,'R','2015-07-09 14:30:04','Class attendance concern',NULL),
(17457,NULL,NULL,NULL,542,99704,99422,685,NULL,NULL,NULL,'2015-07-09 14:30:34','2015-07-09 14:30:34',NULL,'R','2015-07-09 14:30:34','Class attendance concern',NULL),
(17458,NULL,NULL,NULL,542,99704,99422,NULL,NULL,224,NULL,'2015-07-09 14:31:32','2015-07-09 14:31:32',NULL,'N','2015-07-09 14:31:32','Class attendance concern',NULL),
(17459,NULL,NULL,NULL,542,99704,99422,NULL,NULL,225,NULL,'2015-07-09 14:32:19','2015-07-09 14:32:19',NULL,'N','2015-07-09 14:32:19','Class attendance concern',NULL),
(17460,NULL,NULL,NULL,543,99705,NULL,NULL,NULL,NULL,NULL,'2015-07-09 14:33:16','2015-07-09 14:33:16',NULL,'L','2015-07-09 14:33:16','Login',NULL),
(17461,NULL,NULL,NULL,542,99441,NULL,NULL,NULL,NULL,NULL,'2015-07-09 20:07:50','2015-07-09 20:07:50',NULL,'L','2015-07-09 20:07:50','Login',NULL),
(17462,NULL,NULL,NULL,542,99441,99422,NULL,NULL,NULL,265,'2015-07-09 20:09:12','2015-07-09 20:09:12',NULL,'C','2015-07-09 20:09:12','Class attendance concern',NULL),
(17463,NULL,NULL,NULL,542,99441,99422,NULL,NULL,226,NULL,'2015-07-09 20:09:34','2015-07-09 20:09:34',NULL,'N','2015-07-09 20:09:34','Class attendance concern',NULL),
(17464,NULL,NULL,NULL,542,99441,99422,686,NULL,NULL,NULL,'2015-07-09 20:10:13','2015-07-09 20:10:13',NULL,'R','2015-07-09 20:10:13','Class attendance concern',NULL),
(17465,NULL,NULL,NULL,542,99441,NULL,NULL,NULL,NULL,NULL,'2015-07-09 20:11:05','2015-07-09 20:11:05',NULL,'L','2015-07-09 20:11:05','Login',NULL),
(17466,NULL,NULL,NULL,542,99443,NULL,NULL,NULL,NULL,NULL,'2015-07-10 13:18:15','2015-07-10 13:18:15',NULL,'L','2015-07-10 13:18:15','Login',NULL),
(17467,NULL,NULL,NULL,542,99443,99413,NULL,NULL,NULL,266,'2015-07-10 13:21:06','2015-07-10 13:21:06',NULL,'C','2015-07-10 13:21:05','Class attendance positive',NULL),
(17468,NULL,NULL,NULL,542,99443,99413,NULL,NULL,NULL,267,'2015-07-10 13:21:25','2015-07-10 13:21:25',NULL,'C','2015-07-10 13:21:25','Class attendance positive',NULL),
(17469,NULL,NULL,NULL,542,99443,99413,NULL,NULL,227,NULL,'2015-07-10 13:21:42','2015-07-10 13:21:42',NULL,'N','2015-07-10 13:21:42','Academic performance concern',NULL),
(17470,NULL,NULL,NULL,542,99443,99413,NULL,NULL,228,NULL,'2015-07-10 13:22:10','2015-07-10 13:22:10',NULL,'N','2015-07-10 13:22:10','Class attendance concern',NULL),
(17471,NULL,NULL,NULL,542,99443,99413,687,NULL,NULL,NULL,'2015-07-10 13:22:39','2015-07-10 13:22:39',NULL,'R','2015-07-10 13:22:38','Academic performance concern',NULL),
(17472,NULL,NULL,NULL,542,99443,99413,688,NULL,NULL,NULL,'2015-07-10 13:23:01','2015-07-10 13:23:01',NULL,'R','2015-07-10 13:23:01','Class attendance positive',NULL),
(17473,NULL,NULL,NULL,542,99443,99413,NULL,990,NULL,NULL,'2015-07-10 13:23:31','2015-07-10 13:23:31',NULL,'A','2015-07-11 08:00:00','Academic performance concern',NULL),
(17474,NULL,NULL,NULL,542,99440,NULL,NULL,NULL,NULL,NULL,'2015-07-15 18:32:47','2015-07-15 18:32:47',NULL,'L','2015-07-15 18:32:47','Login',NULL),
(17475,NULL,NULL,NULL,542,99704,NULL,NULL,NULL,NULL,NULL,'2015-07-15 20:10:02','2015-07-15 20:10:02',NULL,'L','2015-07-15 20:10:02','Login',NULL),
(17476,NULL,NULL,NULL,542,99440,NULL,NULL,NULL,NULL,NULL,'2015-07-16 16:19:06','2015-07-16 16:19:06',NULL,'L','2015-07-16 16:19:06','Login',NULL),
(17477,NULL,NULL,NULL,542,99704,NULL,NULL,NULL,NULL,NULL,'2015-07-16 16:48:29','2015-07-16 16:48:29',NULL,'L','2015-07-16 16:48:29','Login',NULL),
(17478,NULL,NULL,NULL,542,99439,NULL,NULL,NULL,NULL,NULL,'2015-07-16 16:49:16','2015-07-16 16:49:16',NULL,'L','2015-07-16 16:49:16','Login',NULL),
(17479,NULL,NULL,NULL,542,99446,NULL,NULL,NULL,NULL,NULL,'2015-07-17 15:14:20','2015-07-17 15:14:20',NULL,'L','2015-07-17 15:14:20','Login',NULL),
(17480,NULL,NULL,NULL,542,99446,NULL,NULL,NULL,NULL,NULL,'2015-07-17 15:15:25','2015-07-17 15:15:25',NULL,'L','2015-07-17 15:15:25','Login',NULL),
(17481,NULL,NULL,NULL,542,99704,NULL,NULL,NULL,NULL,NULL,'2015-07-17 15:17:09','2015-07-17 15:17:09',NULL,'L','2015-07-17 15:17:09','Login',NULL),
(17482,NULL,NULL,NULL,542,99704,NULL,NULL,NULL,NULL,NULL,'2015-07-17 15:21:25','2015-07-17 15:21:25',NULL,'L','2015-07-17 15:21:25','Login',NULL),
(17483,NULL,NULL,NULL,542,99446,NULL,NULL,NULL,NULL,NULL,'2015-07-17 15:22:46','2015-07-17 15:22:46',NULL,'L','2015-07-17 15:22:46','Login',NULL),
(17484,NULL,NULL,NULL,542,99446,99422,NULL,NULL,229,NULL,'2015-07-17 15:24:20','2015-07-17 15:24:20',NULL,'N','2015-07-17 15:24:20','Class attendance concern',NULL),
(17485,NULL,NULL,NULL,542,99446,99422,NULL,NULL,230,NULL,'2015-07-17 15:24:42','2015-07-17 15:24:42',NULL,'N','2015-07-17 15:24:41','Class attendance concern',NULL),
(17486,NULL,NULL,NULL,542,99446,99422,NULL,NULL,NULL,268,'2015-07-17 15:25:03','2015-07-17 15:25:03',NULL,'C','2015-07-17 15:25:03','Class attendance concern',NULL),
(17487,NULL,NULL,NULL,542,99446,99422,NULL,NULL,NULL,269,'2015-07-17 15:25:20','2015-07-17 15:25:20',NULL,'C','2015-07-17 15:25:20','Academic performance concern',NULL),
(17488,NULL,NULL,NULL,542,99446,99422,689,NULL,NULL,NULL,'2015-07-17 15:25:50','2015-07-17 15:25:50',NULL,'R','2015-07-17 15:25:50','Class attendance positive',NULL),
(17489,NULL,NULL,NULL,542,99446,99422,690,NULL,NULL,NULL,'2015-07-17 15:26:59','2015-07-17 15:26:59',NULL,'R','2015-07-17 15:26:59','Registration positive',NULL),
(17490,NULL,NULL,NULL,542,99446,99422,NULL,991,NULL,NULL,'2015-07-17 15:27:45','2015-07-17 15:27:45',NULL,'A','2015-07-18 08:00:00','Class attendance positive',NULL),
(17491,NULL,NULL,NULL,542,99446,NULL,NULL,NULL,NULL,NULL,'2015-07-17 18:24:03','2015-07-17 18:24:03',NULL,'L','2015-07-17 18:24:03','Login',NULL),
(17492,NULL,NULL,NULL,542,99446,99432,NULL,NULL,NULL,270,'2015-07-17 18:24:49','2015-07-17 18:24:49',NULL,'C','2015-07-17 18:24:49','Class attendance concern',NULL),
(17493,NULL,NULL,NULL,542,99446,99432,NULL,NULL,NULL,271,'2015-07-17 18:25:13','2015-07-17 18:25:13',NULL,'C','2015-07-17 18:25:13','Class attendance concern',NULL),
(17494,NULL,NULL,NULL,542,99446,99432,NULL,NULL,231,NULL,'2015-07-17 18:25:28','2015-07-17 18:25:28',NULL,'N','2015-07-17 18:25:27','Class attendance concern',NULL),
(17495,NULL,NULL,NULL,542,99446,99432,NULL,NULL,232,NULL,'2015-07-17 18:26:03','2015-07-17 18:26:03',NULL,'N','2015-07-17 18:26:03','Class attendance concern',NULL),
(17496,NULL,NULL,NULL,542,99446,99432,691,NULL,NULL,NULL,'2015-07-17 18:28:13','2015-07-17 18:28:13',NULL,'R','2015-07-17 18:28:12','Class attendance concern',NULL),
(17497,NULL,NULL,NULL,542,99446,99432,692,NULL,NULL,NULL,'2015-07-17 18:36:14','2015-07-17 18:36:14',NULL,'R','2015-07-17 18:36:14','Class attendance concern',NULL),
(17498,NULL,NULL,NULL,542,99446,99432,NULL,992,NULL,NULL,'2015-07-17 18:37:03','2015-07-17 18:37:03',NULL,'A','2015-07-18 08:00:00','Class attendance concern',NULL),
(17499,NULL,NULL,NULL,542,99437,NULL,NULL,NULL,NULL,NULL,'2015-07-20 13:34:16','2015-07-20 13:34:16',NULL,'L','2015-07-20 13:34:16','Login',NULL),
(17500,NULL,NULL,NULL,542,99704,NULL,NULL,NULL,NULL,NULL,'2015-07-20 13:39:12','2015-07-20 13:39:12',NULL,'L','2015-07-20 13:39:12','Login',NULL),
(17501,NULL,NULL,NULL,542,99437,NULL,NULL,NULL,NULL,NULL,'2015-07-20 13:48:36','2015-07-20 13:48:36',NULL,'L','2015-07-20 13:48:36','Login',NULL),
(17502,NULL,NULL,NULL,542,99704,NULL,NULL,NULL,NULL,NULL,'2015-07-20 18:18:31','2015-07-20 18:18:31',NULL,'L','2015-07-20 18:18:31','Login',NULL),
(17503,NULL,NULL,NULL,542,99446,NULL,NULL,NULL,NULL,NULL,'2015-07-20 21:17:46','2015-07-20 21:17:46',NULL,'L','2015-07-20 21:17:46','Login',NULL),
(17504,NULL,NULL,NULL,542,99704,NULL,NULL,NULL,NULL,NULL,'2015-07-20 21:18:30','2015-07-20 21:18:30',NULL,'L','2015-07-20 21:18:30','Login',NULL),
(17505,NULL,NULL,NULL,542,99437,NULL,NULL,NULL,NULL,NULL,'2015-07-20 21:20:10','2015-07-20 21:20:10',NULL,'L','2015-07-20 21:20:10','Login',NULL),
(17506,NULL,NULL,NULL,542,99437,99422,NULL,NULL,NULL,272,'2015-07-20 21:28:28','2015-07-20 21:28:28',NULL,'C','2015-07-20 21:28:28','Class attendance concern',NULL),
(17507,NULL,NULL,NULL,542,99437,99422,NULL,NULL,233,NULL,'2015-07-20 21:28:40','2015-07-20 21:28:40',NULL,'N','2015-07-20 21:28:40','Class attendance concern',NULL),
(17508,NULL,NULL,NULL,542,99437,99422,693,NULL,NULL,NULL,'2015-07-20 21:29:09','2015-07-20 21:29:09',NULL,'R','2015-07-20 21:29:09','Class attendance concern',NULL),
(17509,NULL,NULL,NULL,542,99446,NULL,NULL,NULL,NULL,NULL,'2015-07-20 21:32:01','2015-07-20 21:32:01',NULL,'L','2015-07-20 21:32:01','Login',NULL),
(17510,NULL,NULL,NULL,542,99704,NULL,NULL,NULL,NULL,NULL,'2015-07-21 18:39:49','2015-07-21 18:39:49',NULL,'L','2015-07-21 18:39:49','Login',NULL),
(17511,NULL,NULL,NULL,542,99704,NULL,NULL,NULL,NULL,NULL,'2015-07-21 18:41:25','2015-07-21 18:41:25',NULL,'L','2015-07-21 18:41:25','Login',NULL),
(17512,NULL,NULL,NULL,542,99704,NULL,NULL,NULL,NULL,NULL,'2015-07-21 21:10:57','2015-07-21 21:10:57',NULL,'L','2015-07-21 21:10:57','Login',NULL),
(17513,NULL,NULL,NULL,542,99704,NULL,NULL,NULL,NULL,NULL,'2015-07-22 13:27:22','2015-07-22 13:27:22',NULL,'L','2015-07-22 13:27:22','Login',NULL),
(17514,NULL,NULL,NULL,542,99704,99422,NULL,993,NULL,NULL,'2015-07-22 13:28:35','2015-07-22 13:28:35',NULL,'A','2015-07-23 09:00:00','Class attendance concern',NULL),
(17515,NULL,NULL,NULL,542,99704,NULL,NULL,NULL,NULL,NULL,'2015-07-22 18:43:28','2015-07-22 18:43:28',NULL,'L','2015-07-22 18:43:28','Login',NULL),
(17516,NULL,NULL,NULL,543,99705,NULL,NULL,NULL,NULL,NULL,'2015-07-27 14:18:32','2015-07-27 14:18:32',NULL,'L','2015-07-27 14:18:31','Login',NULL),
(17517,NULL,NULL,NULL,-1,99706,NULL,NULL,NULL,NULL,NULL,'2015-07-27 19:30:38','2015-07-27 19:30:38',NULL,'L','2015-07-27 19:30:38','Login',NULL),
(17518,NULL,NULL,NULL,-1,99706,NULL,NULL,NULL,NULL,NULL,'2015-07-28 15:25:37','2015-07-28 15:25:37',NULL,'L','2015-07-28 15:25:37','Login',NULL),
(17519,NULL,NULL,NULL,542,99704,NULL,NULL,NULL,NULL,NULL,'2015-07-28 21:53:39','2015-07-28 21:53:39',NULL,'L','2015-07-28 21:53:39','Login',NULL),
(17520,NULL,NULL,NULL,542,99704,99422,NULL,994,NULL,NULL,'2015-07-28 21:56:04','2015-07-28 21:56:04',NULL,'A','2015-07-29 08:00:00','Class attendance positive',NULL);
/*!40000 ALTER TABLE `activity_log` ENABLE KEYS */;
UNLOCK TABLES;

--
-- Table structure for table `activity_reference`
--

DROP TABLE IF EXISTS `activity_reference`;
/*!40101 SET @saved_cs_client     = @@character_set_client */;
/*!40101 SET character_set_client = utf8 */;
CREATE TABLE `activity_reference` (
  `id` int(11) NOT NULL AUTO_INCREMENT,
  `short_name` varchar(45) COLLATE utf8_unicode_ci DEFAULT NULL,
  `is_active` tinyblob,
  `display_seq` int(11) DEFAULT NULL,
  PRIMARY KEY (`id`)
) ENGINE=InnoDB AUTO_INCREMENT=4 DEFAULT CHARSET=utf8 COLLATE=utf8_unicode_ci;
/*!40101 SET character_set_client = @saved_cs_client */;

--
-- Dumping data for table `activity_reference`
--

LOCK TABLES `activity_reference` WRITE;
/*!40000 ALTER TABLE `activity_reference` DISABLE KEYS */;
INSERT INTO `activity_reference` VALUES
(1,'Academic Concerns',NULL,NULL),
(2,'Personal Issue',NULL,NULL),
(3,'Financial Issues',NULL,NULL);
/*!40000 ALTER TABLE `activity_reference` ENABLE KEYS */;
UNLOCK TABLES;

--
-- Table structure for table `activity_reference_lang`
--

DROP TABLE IF EXISTS `activity_reference_lang`;
/*!40101 SET @saved_cs_client     = @@character_set_client */;
/*!40101 SET character_set_client = utf8 */;
CREATE TABLE `activity_reference_lang` (
  `id` int(11) NOT NULL AUTO_INCREMENT,
  `language_master_id` int(11) DEFAULT NULL,
  `activity_reference_id` int(11) DEFAULT NULL,
  `heading` varchar(100) COLLATE utf8_unicode_ci DEFAULT NULL,
  `description` varchar(100) COLLATE utf8_unicode_ci DEFAULT NULL,
  PRIMARY KEY (`id`),
  KEY `IDX_DAC2A8A2D5D3A0FB` (`language_master_id`),
  KEY `IDX_DAC2A8A21FFD1CE8` (`activity_reference_id`),
  CONSTRAINT `FK_DAC2A8A21FFD1CE8` FOREIGN KEY (`activity_reference_id`) REFERENCES `activity_reference` (`id`),
  CONSTRAINT `FK_DAC2A8A2D5D3A0FB` FOREIGN KEY (`language_master_id`) REFERENCES `language_master` (`id`)
) ENGINE=InnoDB AUTO_INCREMENT=4 DEFAULT CHARSET=utf8 COLLATE=utf8_unicode_ci;
/*!40101 SET character_set_client = @saved_cs_client */;

--
-- Dumping data for table `activity_reference_lang`
--

LOCK TABLES `activity_reference_lang` WRITE;
/*!40000 ALTER TABLE `activity_reference_lang` DISABLE KEYS */;
INSERT INTO `activity_reference_lang` VALUES
(1,1,1,'Academic Concerns',NULL),
(2,1,2,'Personal Issue',NULL),
(3,1,3,'Financial Issues',NULL);
/*!40000 ALTER TABLE `activity_reference_lang` ENABLE KEYS */;
UNLOCK TABLES;

--
-- Table structure for table `activity_reference_unassigned`
--

DROP TABLE IF EXISTS `activity_reference_unassigned`;
/*!40101 SET @saved_cs_client     = @@character_set_client */;
/*!40101 SET character_set_client = utf8 */;
CREATE TABLE `activity_reference_unassigned` (
  `id` int(11) NOT NULL AUTO_INCREMENT,
  `person_id` int(11) DEFAULT NULL,
  `organization_id` int(11) DEFAULT NULL,
  `activity_reference_id` int(11) DEFAULT NULL,
  `is_primary_coordinator` tinyint(1) DEFAULT NULL,
  PRIMARY KEY (`id`),
  KEY `IDX_18D1E598217BBB47` (`person_id`),
  KEY `IDX_18D1E59832C8A3DE` (`organization_id`),
  KEY `IDX_18D1E5981FFD1CE8` (`activity_reference_id`),
  CONSTRAINT `FK_18D1E5981FFD1CE8` FOREIGN KEY (`activity_reference_id`) REFERENCES `activity_reference` (`id`),
  CONSTRAINT `FK_18D1E598217BBB47` FOREIGN KEY (`person_id`) REFERENCES `person` (`id`),
  CONSTRAINT `FK_18D1E59832C8A3DE` FOREIGN KEY (`organization_id`) REFERENCES `organization` (`id`)
) ENGINE=InnoDB AUTO_INCREMENT=313 DEFAULT CHARSET=utf8 COLLATE=utf8_unicode_ci;
/*!40101 SET character_set_client = @saved_cs_client */;

--
-- Dumping data for table `activity_reference_unassigned`
--

LOCK TABLES `activity_reference_unassigned` WRITE;
/*!40000 ALTER TABLE `activity_reference_unassigned` DISABLE KEYS */;
INSERT INTO `activity_reference_unassigned` VALUES
(307,NULL,542,1,1),
(308,NULL,542,2,1),
(309,NULL,542,3,1),
(310,NULL,543,1,NULL),
(311,NULL,543,2,NULL),
(312,NULL,543,3,NULL);
/*!40000 ALTER TABLE `activity_reference_unassigned` ENABLE KEYS */;
UNLOCK TABLES;

--
-- Table structure for table `alert_notifications`
--

DROP TABLE IF EXISTS `alert_notifications`;
/*!40101 SET @saved_cs_client     = @@character_set_client */;
/*!40101 SET character_set_client = utf8 */;
CREATE TABLE `alert_notifications` (
  `id` int(11) NOT NULL AUTO_INCREMENT,
  `organization_id` int(11) DEFAULT NULL,
  `referrals_id` int(11) DEFAULT NULL,
  `appointments_id` int(11) DEFAULT NULL,
  `person_id` int(11) DEFAULT NULL,
  `created_by` int(11) DEFAULT NULL,
  `created_at` datetime DEFAULT NULL,
  `modified_by` int(11) DEFAULT NULL,
  `modified_at` datetime DEFAULT NULL,
  `deleted_by` int(11) DEFAULT NULL,
  `deleted_at` datetime DEFAULT NULL,
  `event` varchar(45) COLLATE utf8_unicode_ci DEFAULT NULL,
  `is_viewed` tinyint(1) DEFAULT NULL,
  `reason` varchar(100) COLLATE utf8_unicode_ci DEFAULT NULL,
  `org_search_id` int(11) DEFAULT NULL,
  `org_course_upload_file` varchar(255) COLLATE utf8_unicode_ci DEFAULT NULL,
  `academic_update_id` int(11) DEFAULT NULL,
  `org_static_list_id` int(11) DEFAULT NULL,
  `org_announcements_id` int(11) DEFAULT NULL,
  `reports_running_status_id` int(11) DEFAULT NULL,
  PRIMARY KEY (`id`),
  KEY `IDX_16328CC532C8A3DE` (`organization_id`),
  KEY `IDX_16328CC5B24851AE` (`referrals_id`),
  KEY `IDX_16328CC523F542AE` (`appointments_id`),
  KEY `IDX_16328CC5217BBB47` (`person_id`),
  KEY `fk_alert_notifications_org_search1_idx` (`org_search_id`),
  KEY `fk_alert_notifications_academic_update1_idx` (`academic_update_id`),
  KEY `IDX_D012795CAD199442` (`org_static_list_id`),
  KEY `IDX_D012795C52CCF843` (`org_announcements_id`),
  KEY `is_viewed_idx` (`is_viewed`),
  KEY `fk_alert_notifications_report_running_status1_idx` (`reports_running_status_id`),
  CONSTRAINT `FK_16328CC5217BBB47` FOREIGN KEY (`person_id`) REFERENCES `person` (`id`),
  CONSTRAINT `FK_16328CC523F542AE` FOREIGN KEY (`appointments_id`) REFERENCES `Appointments` (`id`),
  CONSTRAINT `FK_16328CC532C8A3DE` FOREIGN KEY (`organization_id`) REFERENCES `organization` (`id`),
  CONSTRAINT `FK_16328CC5B24851AE` FOREIGN KEY (`referrals_id`) REFERENCES `referrals` (`id`),
  CONSTRAINT `FK_D012795C52CCF843` FOREIGN KEY (`org_announcements_id`) REFERENCES `org_announcements` (`id`),
  CONSTRAINT `FK_D012795C567A5FFE` FOREIGN KEY (`academic_update_id`) REFERENCES `academic_update` (`id`),
  CONSTRAINT `FK_D012795C5C787CFB` FOREIGN KEY (`org_search_id`) REFERENCES `org_search` (`id`),
  CONSTRAINT `FK_D012795C7FDAE991` FOREIGN KEY (`reports_running_status_id`) REFERENCES `reports_running_status` (`id`),
  CONSTRAINT `FK_D012795CAD199442` FOREIGN KEY (`org_static_list_id`) REFERENCES `org_static_list` (`id`)
) ENGINE=InnoDB AUTO_INCREMENT=2817 DEFAULT CHARSET=utf8 COLLATE=utf8_unicode_ci;
/*!40101 SET character_set_client = @saved_cs_client */;

--
-- Dumping data for table `alert_notifications`
--

LOCK TABLES `alert_notifications` WRITE;
/*!40000 ALTER TABLE `alert_notifications` DISABLE KEYS */;
INSERT INTO `alert_notifications` VALUES
(2660,542,NULL,NULL,99385,NULL,'2015-05-13 17:02:59',NULL,'2015-05-13 17:02:59',NULL,NULL,'Course_Import',0,'course import',NULL,'https://ebi-synapse-bucket.s3.amazonaws.com/course-uploads/errors/542-3376-upload-errors.csv',NULL,NULL,NULL,NULL),
(2661,542,NULL,NULL,99385,NULL,'2015-05-13 21:06:54',NULL,'2015-05-13 21:06:54',NULL,NULL,'Course-faculty_Import',0,'course faculty import',NULL,'https://ebi-synapse-bucket.s3.amazonaws.com/course-faculty/errors/542-3390-upload-errors.csv',NULL,NULL,NULL,NULL),
(2724,542,NULL,984,99445,NULL,'2015-05-20 14:27:05',NULL,'2015-05-20 14:27:05',NULL,NULL,'Appointment_Created',0,'Attended meeting / activities',NULL,NULL,NULL,NULL,NULL,NULL),
(2727,542,670,NULL,99704,NULL,'2015-05-20 16:50:34',NULL,'2015-05-20 16:50:34',NULL,NULL,'Referral_Interested_Party',1,'Mapworks related issues',NULL,NULL,NULL,NULL,NULL,NULL),
(2728,542,670,NULL,99440,NULL,'2015-05-20 16:50:34',NULL,'2015-05-20 16:50:34',NULL,NULL,'Referral_Assigned',0,'Mapworks related issues',NULL,NULL,NULL,NULL,NULL,NULL),
(2729,542,671,NULL,99704,NULL,'2015-05-20 16:54:28',NULL,'2015-05-20 16:54:28',NULL,NULL,'Referral_Interested_Party',1,'Class attendance concern ',NULL,NULL,NULL,NULL,NULL,NULL),
(2730,542,671,NULL,99440,NULL,'2015-05-20 16:54:28',NULL,'2015-05-20 16:54:28',NULL,NULL,'Referral_Assigned',0,'Class attendance concern ',NULL,NULL,NULL,NULL,NULL,NULL),
(2731,542,672,NULL,99704,NULL,'2015-05-20 17:47:58',NULL,'2015-05-20 17:47:58',NULL,NULL,'Referral_Interested_Party',1,'Mapworks related issues',NULL,NULL,NULL,NULL,NULL,NULL),
(2732,542,672,NULL,99440,NULL,'2015-05-20 17:47:58',NULL,'2015-05-20 17:47:58',NULL,NULL,'Referral_Assigned',0,'Mapworks related issues',NULL,NULL,NULL,NULL,NULL,NULL),
(2733,542,NULL,985,99440,NULL,'2015-06-17 20:08:12',NULL,'2015-06-17 20:08:12',NULL,NULL,'Appointment_Created',0,'Class attendance concern',NULL,NULL,NULL,NULL,NULL,NULL),
(2734,542,NULL,985,99410,NULL,'2015-06-17 20:08:12',NULL,'2015-06-17 20:08:12',NULL,NULL,'Appointment_Created',0,'Class attendance concern',NULL,NULL,NULL,NULL,NULL,NULL),
(2735,542,673,NULL,99410,NULL,'2015-06-17 20:10:16',NULL,'2015-06-17 20:10:16',NULL,NULL,'Referral_Assigned',0,'Class attendance concern ',NULL,NULL,NULL,NULL,NULL,NULL),
(2736,542,673,NULL,99440,NULL,'2015-06-17 20:10:16',NULL,'2015-06-17 20:10:16',NULL,NULL,'Referral_Assigned',0,'Class attendance concern ',NULL,NULL,NULL,NULL,NULL,NULL),
(2737,542,673,NULL,99440,NULL,'2015-06-17 20:10:16',NULL,'2015-06-17 20:10:16',NULL,NULL,'Referral_Assigned',0,'Class attendance concern ',NULL,NULL,NULL,NULL,NULL,NULL),
(2738,542,674,NULL,99410,NULL,'2015-06-17 20:11:04',NULL,'2015-06-17 20:11:04',NULL,NULL,'Referral_Assigned',0,'Academic performance concern ',NULL,NULL,NULL,NULL,NULL,NULL),
(2739,542,674,NULL,99440,NULL,'2015-06-17 20:11:04',NULL,'2015-06-17 20:11:04',NULL,NULL,'Referral_Assigned',0,'Academic performance concern ',NULL,NULL,NULL,NULL,NULL,NULL),
(2740,542,674,NULL,99440,NULL,'2015-06-17 20:11:04',NULL,'2015-06-17 20:11:04',NULL,NULL,'Referral_Assigned',0,'Academic performance concern ',NULL,NULL,NULL,NULL,NULL,NULL),
(2741,542,675,NULL,99410,NULL,'2015-06-19 18:38:24',NULL,'2015-06-19 18:38:24',NULL,NULL,'Referral_Assigned',0,'Social connections concern',NULL,NULL,NULL,NULL,NULL,NULL),
(2742,542,675,NULL,99440,NULL,'2015-06-19 18:38:24',NULL,'2015-06-19 18:38:24',NULL,NULL,'Referral_Assigned',0,'Social connections concern',NULL,NULL,NULL,NULL,NULL,NULL),
(2743,542,675,NULL,99440,NULL,'2015-06-19 18:38:24',NULL,'2015-06-19 18:38:24',NULL,NULL,'Referral_Assigned',0,'Social connections concern',NULL,NULL,NULL,NULL,NULL,NULL),
(2744,542,676,NULL,99410,NULL,'2015-06-19 18:39:03',NULL,'2015-06-19 18:39:03',NULL,NULL,'Referral_Assigned',0,'Academic skills',NULL,NULL,NULL,NULL,NULL,NULL),
(2745,542,676,NULL,99440,NULL,'2015-06-19 18:39:03',NULL,'2015-06-19 18:39:03',NULL,NULL,'Referral_Assigned',0,'Academic skills',NULL,NULL,NULL,NULL,NULL,NULL),
(2746,542,676,NULL,99440,NULL,'2015-06-19 18:39:03',NULL,'2015-06-19 18:39:03',NULL,NULL,'Referral_Assigned',0,'Academic skills',NULL,NULL,NULL,NULL,NULL,NULL),
(2747,542,677,NULL,99411,NULL,'2015-06-23 16:51:10',NULL,'2015-06-23 16:51:10',NULL,NULL,'Referral_Assigned',0,'Academic performance concern ',NULL,NULL,NULL,NULL,NULL,NULL),
(2748,542,677,NULL,99440,NULL,'2015-06-23 16:51:10',NULL,'2015-06-23 16:51:10',NULL,NULL,'Referral_Assigned',0,'Academic performance concern ',NULL,NULL,NULL,NULL,NULL,NULL),
(2749,542,677,NULL,99440,NULL,'2015-06-23 16:51:10',NULL,'2015-06-23 16:51:10',NULL,NULL,'Referral_Assigned',0,'Academic performance concern ',NULL,NULL,NULL,NULL,NULL,NULL),
(2750,542,NULL,986,99436,NULL,'2015-07-01 13:24:55',NULL,'2015-07-01 13:24:55',NULL,NULL,'Appointment_Created',0,'Attended meeting / activities',NULL,NULL,NULL,NULL,NULL,NULL),
(2751,542,NULL,986,99422,NULL,'2015-07-01 13:24:55',NULL,'2015-07-01 13:24:55',NULL,NULL,'Appointment_Created',0,'Attended meeting / activities',NULL,NULL,NULL,NULL,NULL,NULL),
(2752,542,678,NULL,99422,NULL,'2015-07-01 13:24:56',NULL,'2015-07-01 13:24:56',NULL,NULL,'Referral_Assigned',0,'Class attendance concern ',NULL,NULL,NULL,NULL,NULL,NULL),
(2753,542,678,NULL,99436,NULL,'2015-07-01 13:24:56',NULL,'2015-07-01 13:24:56',NULL,NULL,'Referral_Assigned',0,'Class attendance concern ',NULL,NULL,NULL,NULL,NULL,NULL),
(2754,542,678,NULL,99436,NULL,'2015-07-01 13:24:56',NULL,'2015-07-01 13:24:56',NULL,NULL,'Referral_Assigned',0,'Class attendance concern ',NULL,NULL,NULL,NULL,NULL,NULL),
(2755,542,679,NULL,99422,NULL,'2015-07-01 13:24:57',NULL,'2015-07-01 13:24:57',NULL,NULL,'Referral_Assigned',0,'Class attendance concern ',NULL,NULL,NULL,NULL,NULL,NULL),
(2756,542,679,NULL,99440,NULL,'2015-07-01 13:24:57',NULL,'2015-07-01 13:24:57',NULL,NULL,'Referral_Assigned',0,'Class attendance concern ',NULL,NULL,NULL,NULL,NULL,NULL),
(2757,542,679,NULL,99440,NULL,'2015-07-01 13:24:57',NULL,'2015-07-01 13:24:57',NULL,NULL,'Referral_Assigned',0,'Class attendance concern ',NULL,NULL,NULL,NULL,NULL,NULL),
(2758,542,680,NULL,99704,NULL,'2015-07-01 17:07:02',NULL,'2015-07-01 17:07:02',NULL,NULL,'Referral_Interested_Party',0,'Academic skills',NULL,NULL,NULL,NULL,NULL,NULL),
(2759,542,680,NULL,99429,NULL,'2015-07-01 17:07:03',NULL,'2015-07-01 17:07:03',NULL,NULL,'Referral_Assigned',0,'Academic skills',NULL,NULL,NULL,NULL,NULL,NULL),
(2760,542,680,NULL,99704,NULL,'2015-07-01 17:07:03',NULL,'2015-07-01 17:07:03',NULL,NULL,'Referral_Assigned',0,'Academic skills',NULL,NULL,NULL,NULL,NULL,NULL),
(2761,542,680,NULL,99440,NULL,'2015-07-01 17:07:03',NULL,'2015-07-01 17:07:03',NULL,NULL,'Referral_Assigned',0,'Academic skills',NULL,NULL,NULL,NULL,NULL,NULL),
(2762,542,NULL,987,99704,NULL,'2015-07-01 17:08:26',NULL,'2015-07-01 17:08:26',NULL,NULL,'Appointment_Created',0,'Academic performance concern',NULL,NULL,NULL,NULL,NULL,NULL),
(2763,542,NULL,987,99429,NULL,'2015-07-01 17:08:26',NULL,'2015-07-01 17:08:26',NULL,NULL,'Appointment_Created',0,'Academic performance concern',NULL,NULL,NULL,NULL,NULL,NULL),
(2764,542,681,NULL,99704,NULL,'2015-07-01 17:45:15',NULL,'2015-07-01 17:45:15',NULL,NULL,'Referral_Interested_Party',0,'Class attendance positive',NULL,NULL,NULL,NULL,NULL,NULL),
(2765,542,681,NULL,99429,NULL,'2015-07-01 17:45:16',NULL,'2015-07-01 17:45:16',NULL,NULL,'Referral_Assigned',0,'Class attendance positive',NULL,NULL,NULL,NULL,NULL,NULL),
(2766,542,681,NULL,99704,NULL,'2015-07-01 17:45:16',NULL,'2015-07-01 17:45:16',NULL,NULL,'Referral_Assigned',0,'Class attendance positive',NULL,NULL,NULL,NULL,NULL,NULL),
(2767,542,681,NULL,99440,NULL,'2015-07-01 17:45:16',NULL,'2015-07-01 17:45:16',NULL,NULL,'Referral_Assigned',0,'Class attendance positive',NULL,NULL,NULL,NULL,NULL,NULL),
(2768,542,NULL,988,99704,NULL,'2015-07-01 17:45:58',NULL,'2015-07-01 17:45:58',NULL,NULL,'Appointment_Created',0,'Class attendance positive',NULL,NULL,NULL,NULL,NULL,NULL),
(2769,542,NULL,988,99429,NULL,'2015-07-01 17:45:58',NULL,'2015-07-01 17:45:58',NULL,NULL,'Appointment_Created',0,'Class attendance positive',NULL,NULL,NULL,NULL,NULL,NULL),
(2770,542,NULL,989,99441,NULL,'2015-07-01 18:13:32',NULL,'2015-07-01 18:13:32',NULL,NULL,'Appointment_Created',0,'Attended meeting / activities',NULL,NULL,NULL,NULL,NULL,NULL),
(2771,542,NULL,989,99429,NULL,'2015-07-01 18:13:32',NULL,'2015-07-01 18:13:32',NULL,NULL,'Appointment_Created',0,'Attended meeting / activities',NULL,NULL,NULL,NULL,NULL,NULL),
(2772,542,682,NULL,99429,NULL,'2015-07-01 18:13:33',NULL,'2015-07-01 18:13:33',NULL,NULL,'Referral_Assigned',0,'Class attendance concern ',NULL,NULL,NULL,NULL,NULL,NULL),
(2773,542,682,NULL,99441,NULL,'2015-07-01 18:13:33',NULL,'2015-07-01 18:13:33',NULL,NULL,'Referral_Assigned',0,'Class attendance concern ',NULL,NULL,NULL,NULL,NULL,NULL),
(2774,542,682,NULL,99704,NULL,'2015-07-01 18:13:33',NULL,'2015-07-01 18:13:33',NULL,NULL,'Referral_Assigned',0,'Class attendance concern ',NULL,NULL,NULL,NULL,NULL,NULL),
(2775,542,683,NULL,99429,NULL,'2015-07-01 18:13:34',NULL,'2015-07-01 18:13:34',NULL,NULL,'Referral_Assigned',0,'Class attendance concern ',NULL,NULL,NULL,NULL,NULL,NULL),
(2776,542,683,NULL,99441,NULL,'2015-07-01 18:13:34',NULL,'2015-07-01 18:13:34',NULL,NULL,'Referral_Assigned',0,'Class attendance concern ',NULL,NULL,NULL,NULL,NULL,NULL),
(2777,542,683,NULL,99441,NULL,'2015-07-01 18:13:34',NULL,'2015-07-01 18:13:34',NULL,NULL,'Referral_Assigned',0,'Class attendance concern ',NULL,NULL,NULL,NULL,NULL,NULL),
(2778,542,NULL,NULL,99440,NULL,'2015-07-06 21:05:42',NULL,'2015-07-06 21:05:42',NULL,NULL,'StaticList_Shared',0,'Shared static list from  Albus Dumbledore',NULL,NULL,NULL,5,NULL,NULL),
(2779,542,684,NULL,99422,NULL,'2015-07-09 14:30:04',NULL,'2015-07-09 14:30:04',NULL,NULL,'Referral_Assigned',0,'Class attendance concern ',NULL,NULL,NULL,NULL,NULL,NULL),
(2780,542,684,NULL,99704,NULL,'2015-07-09 14:30:04',NULL,'2015-07-09 14:30:04',NULL,NULL,'Referral_Assigned',0,'Class attendance concern ',NULL,NULL,NULL,NULL,NULL,NULL),
(2781,542,684,NULL,99704,NULL,'2015-07-09 14:30:04',NULL,'2015-07-09 14:30:04',NULL,NULL,'Referral_Assigned',0,'Class attendance concern ',NULL,NULL,NULL,NULL,NULL,NULL),
(2782,542,685,NULL,99422,NULL,'2015-07-09 14:30:34',NULL,'2015-07-09 14:30:34',NULL,NULL,'Referral_Assigned',0,'Class attendance concern ',NULL,NULL,NULL,NULL,NULL,NULL),
(2783,542,685,NULL,99704,NULL,'2015-07-09 14:30:34',NULL,'2015-07-09 14:30:34',NULL,NULL,'Referral_Assigned',0,'Class attendance concern ',NULL,NULL,NULL,NULL,NULL,NULL),
(2784,542,685,NULL,99704,NULL,'2015-07-09 14:30:34',NULL,'2015-07-09 14:30:34',NULL,NULL,'Referral_Assigned',0,'Class attendance concern ',NULL,NULL,NULL,NULL,NULL,NULL),
(2785,542,686,NULL,99422,NULL,'2015-07-09 20:10:13',NULL,'2015-07-09 20:10:13',NULL,NULL,'Referral_Assigned',0,'Class attendance concern ',NULL,NULL,NULL,NULL,NULL,NULL),
(2786,542,686,NULL,99441,NULL,'2015-07-09 20:10:13',NULL,'2015-07-09 20:10:13',NULL,NULL,'Referral_Assigned',0,'Class attendance concern ',NULL,NULL,NULL,NULL,NULL,NULL),
(2787,542,686,NULL,99704,NULL,'2015-07-09 20:10:13',NULL,'2015-07-09 20:10:13',NULL,NULL,'Referral_Assigned',0,'Class attendance concern ',NULL,NULL,NULL,NULL,NULL,NULL),
(2788,542,687,NULL,99413,NULL,'2015-07-10 13:22:38',NULL,'2015-07-10 13:22:38',NULL,NULL,'Referral_Assigned',0,'Academic performance concern ',NULL,NULL,NULL,NULL,NULL,NULL),
(2789,542,687,NULL,99443,NULL,'2015-07-10 13:22:38',NULL,'2015-07-10 13:22:38',NULL,NULL,'Referral_Assigned',0,'Academic performance concern ',NULL,NULL,NULL,NULL,NULL,NULL),
(2790,542,687,NULL,99443,NULL,'2015-07-10 13:22:38',NULL,'2015-07-10 13:22:38',NULL,NULL,'Referral_Assigned',0,'Academic performance concern ',NULL,NULL,NULL,NULL,NULL,NULL),
(2791,542,688,NULL,99413,NULL,'2015-07-10 13:23:01',NULL,'2015-07-10 13:23:01',NULL,NULL,'Referral_Assigned',0,'Class attendance positive',NULL,NULL,NULL,NULL,NULL,NULL),
(2792,542,688,NULL,99443,NULL,'2015-07-10 13:23:01',NULL,'2015-07-10 13:23:01',NULL,NULL,'Referral_Assigned',0,'Class attendance positive',NULL,NULL,NULL,NULL,NULL,NULL),
(2793,542,688,NULL,99443,NULL,'2015-07-10 13:23:01',NULL,'2015-07-10 13:23:01',NULL,NULL,'Referral_Assigned',0,'Class attendance positive',NULL,NULL,NULL,NULL,NULL,NULL),
(2794,542,NULL,990,99443,NULL,'2015-07-10 13:23:31',NULL,'2015-07-10 13:23:31',NULL,NULL,'Appointment_Created',0,'Academic performance concern',NULL,NULL,NULL,NULL,NULL,NULL),
(2795,542,NULL,990,99413,NULL,'2015-07-10 13:23:31',NULL,'2015-07-10 13:23:31',NULL,NULL,'Appointment_Created',0,'Academic performance concern',NULL,NULL,NULL,NULL,NULL,NULL),
(2796,542,NULL,NULL,99447,NULL,'2015-07-15 18:36:47',NULL,'2015-07-15 18:36:47',NULL,NULL,'SHARED_SEARCH',0,'Gryffindor',2,NULL,NULL,NULL,NULL,NULL),
(2797,542,NULL,NULL,99436,NULL,'2015-07-16 16:32:39',NULL,'2015-07-16 16:32:39',NULL,NULL,'SHARED_SEARCH',0,'Gryffindor1',4,NULL,NULL,NULL,NULL,NULL),
(2798,542,NULL,NULL,99710,NULL,'2015-07-16 16:37:11',NULL,'2015-07-16 16:37:11',NULL,NULL,'SHARED_SEARCH',0,'Gryffindor2',6,NULL,NULL,NULL,NULL,NULL),
(2799,542,689,NULL,99446,NULL,'2015-07-17 15:25:50',NULL,'2015-07-17 15:25:50',NULL,NULL,'Referral_Assigned',0,'Class attendance positive',NULL,NULL,NULL,NULL,NULL,NULL),
(2800,542,689,NULL,99445,NULL,'2015-07-17 15:25:50',NULL,'2015-07-17 15:25:50',NULL,NULL,'Referral_Assigned',0,'Class attendance positive',NULL,NULL,NULL,NULL,NULL,NULL),
(2801,542,690,NULL,99446,NULL,'2015-07-17 15:26:59',NULL,'2015-07-17 15:26:59',NULL,NULL,'Referral_Assigned',0,'Registration positive ',NULL,NULL,NULL,NULL,NULL,NULL),
(2802,542,690,NULL,99441,NULL,'2015-07-17 15:26:59',NULL,'2015-07-17 15:26:59',NULL,NULL,'Referral_Assigned',0,'Registration positive ',NULL,NULL,NULL,NULL,NULL,NULL),
(2803,542,NULL,991,99446,NULL,'2015-07-17 15:27:45',NULL,'2015-07-17 15:27:45',NULL,NULL,'Appointment_Created',0,'Class attendance positive',NULL,NULL,NULL,NULL,NULL,NULL),
(2804,542,NULL,991,99422,NULL,'2015-07-17 15:27:45',NULL,'2015-07-17 15:27:45',NULL,NULL,'Appointment_Created',0,'Class attendance positive',NULL,NULL,NULL,NULL,NULL,NULL),
(2805,542,691,NULL,99446,NULL,'2015-07-17 18:28:12',NULL,'2015-07-17 18:28:12',NULL,NULL,'Referral_Assigned',0,'Class attendance concern ',NULL,NULL,NULL,NULL,NULL,NULL),
(2806,542,691,NULL,99704,NULL,'2015-07-17 18:28:12',NULL,'2015-07-17 18:28:12',NULL,NULL,'Referral_Assigned',0,'Class attendance concern ',NULL,NULL,NULL,NULL,NULL,NULL),
(2807,542,692,NULL,99446,NULL,'2015-07-17 18:36:14',NULL,'2015-07-17 18:36:14',NULL,NULL,'Referral_Assigned',0,'Class attendance concern ',NULL,NULL,NULL,NULL,NULL,NULL),
(2808,542,692,NULL,99704,NULL,'2015-07-17 18:36:14',NULL,'2015-07-17 18:36:14',NULL,NULL,'Referral_Assigned',0,'Class attendance concern ',NULL,NULL,NULL,NULL,NULL,NULL),
(2809,542,NULL,992,99446,NULL,'2015-07-17 18:37:03',NULL,'2015-07-17 18:37:03',NULL,NULL,'Appointment_Created',0,'Class attendance concern',NULL,NULL,NULL,NULL,NULL,NULL),
(2810,542,NULL,992,99432,NULL,'2015-07-17 18:37:03',NULL,'2015-07-17 18:37:03',NULL,NULL,'Appointment_Created',0,'Class attendance concern',NULL,NULL,NULL,NULL,NULL,NULL),
(2811,542,693,NULL,99437,NULL,'2015-07-20 21:29:09',NULL,'2015-07-20 21:29:09',NULL,NULL,'Referral_Assigned',0,'Class attendance concern ',NULL,NULL,NULL,NULL,NULL,NULL),
(2812,542,693,NULL,99704,NULL,'2015-07-20 21:29:09',NULL,'2015-07-20 21:29:09',NULL,NULL,'Referral_Assigned',0,'Class attendance concern ',NULL,NULL,NULL,NULL,NULL,NULL),
(2813,542,NULL,993,99704,NULL,'2015-07-22 13:28:35',NULL,'2015-07-22 13:28:35',NULL,NULL,'Appointment_Created',0,'Class attendance concern',NULL,NULL,NULL,NULL,NULL,NULL),
(2814,542,NULL,993,99422,NULL,'2015-07-22 13:28:35',NULL,'2015-07-22 13:28:35',NULL,NULL,'Appointment_Created',0,'Class attendance concern',NULL,NULL,NULL,NULL,NULL,NULL),
(2815,542,NULL,994,99704,NULL,'2015-07-28 21:56:04',NULL,'2015-07-28 21:56:04',NULL,NULL,'Appointment_Created',0,'Class attendance positive',NULL,NULL,NULL,NULL,NULL,NULL),
(2816,542,NULL,994,99422,NULL,'2015-07-28 21:56:04',NULL,'2015-07-28 21:56:04',NULL,NULL,'Appointment_Created',0,'Class attendance positive',NULL,NULL,NULL,NULL,NULL,NULL);
/*!40000 ALTER TABLE `alert_notifications` ENABLE KEYS */;
UNLOCK TABLES;

--
-- Table structure for table `appointment_connection_info`
--

DROP TABLE IF EXISTS `appointment_connection_info`;
/*!40101 SET @saved_cs_client     = @@character_set_client */;
/*!40101 SET character_set_client = utf8 */;
CREATE TABLE `appointment_connection_info` (
  `id` int(11) NOT NULL AUTO_INCREMENT,
  `created_by` int(11) DEFAULT NULL,
  `modified_by` int(11) DEFAULT NULL,
  `deleted_by` int(11) DEFAULT NULL,
  `organization_id` int(11) DEFAULT NULL,
  `created_at` datetime DEFAULT NULL,
  `modified_at` datetime DEFAULT NULL,
  `deleted_at` datetime DEFAULT NULL,
  `type` enum('G','E') COLLATE utf8_unicode_ci DEFAULT NULL,
  `server_url` varchar(255) COLLATE utf8_unicode_ci DEFAULT NULL,
  `server_port` varchar(45) COLLATE utf8_unicode_ci DEFAULT NULL,
  `auth_key` varchar(255) COLLATE utf8_unicode_ci DEFAULT NULL,
  `parameter1` varchar(1000) COLLATE utf8_unicode_ci DEFAULT NULL,
  `parameter2` varchar(1000) COLLATE utf8_unicode_ci DEFAULT NULL,
  `parameter3` varchar(1000) COLLATE utf8_unicode_ci DEFAULT NULL,
  `parameter4` varchar(1000) COLLATE utf8_unicode_ci DEFAULT NULL,
  `parameter5` varchar(1000) COLLATE utf8_unicode_ci DEFAULT NULL,
  PRIMARY KEY (`id`),
  KEY `IDX_75A882CDDE12AB56` (`created_by`),
  KEY `IDX_75A882CD25F94802` (`modified_by`),
  KEY `IDX_75A882CD1F6FA0AF` (`deleted_by`),
  KEY `fk_appointment_connection_info_organization1_idx` (`organization_id`),
  CONSTRAINT `FK_75A882CD1F6FA0AF` FOREIGN KEY (`deleted_by`) REFERENCES `person` (`id`),
  CONSTRAINT `FK_75A882CD25F94802` FOREIGN KEY (`modified_by`) REFERENCES `person` (`id`),
  CONSTRAINT `FK_75A882CD32C8A3DE` FOREIGN KEY (`organization_id`) REFERENCES `organization` (`id`),
  CONSTRAINT `FK_75A882CDDE12AB56` FOREIGN KEY (`created_by`) REFERENCES `person` (`id`)
) ENGINE=InnoDB DEFAULT CHARSET=utf8 COLLATE=utf8_unicode_ci;
/*!40101 SET character_set_client = @saved_cs_client */;

--
-- Dumping data for table `appointment_connection_info`
--

LOCK TABLES `appointment_connection_info` WRITE;
/*!40000 ALTER TABLE `appointment_connection_info` DISABLE KEYS */;
/*!40000 ALTER TABLE `appointment_connection_info` ENABLE KEYS */;
UNLOCK TABLES;

--
-- Table structure for table `appointment_recepient_and_status`
--

DROP TABLE IF EXISTS `appointment_recepient_and_status`;
/*!40101 SET @saved_cs_client     = @@character_set_client */;
/*!40101 SET character_set_client = utf8 */;
CREATE TABLE `appointment_recepient_and_status` (
  `id` int(11) NOT NULL AUTO_INCREMENT,
  `organization_id` int(11) DEFAULT NULL,
  `appointments_id` int(11) DEFAULT NULL,
  `person_id_faculty` int(11) DEFAULT NULL,
  `person_id_student` int(11) DEFAULT NULL,
  `created_by` int(11) DEFAULT NULL,
  `created_at` datetime DEFAULT NULL,
  `modified_by` int(11) DEFAULT NULL,
  `modified_at` datetime DEFAULT NULL,
  `deleted_by` int(11) DEFAULT NULL,
  `deleted_at` datetime DEFAULT NULL,
  `has_attended` tinyint(1) DEFAULT NULL,
  PRIMARY KEY (`id`),
  KEY `IDX_CF90B68332C8A3DE` (`organization_id`),
  KEY `IDX_CF90B68323F542AE` (`appointments_id`),
  KEY `IDX_CF90B683FFB0AA26` (`person_id_faculty`),
  KEY `IDX_CF90B6835F056556` (`person_id_student`),
  CONSTRAINT `FK_CF90B68323F542AE` FOREIGN KEY (`appointments_id`) REFERENCES `Appointments` (`id`),
  CONSTRAINT `FK_CF90B68332C8A3DE` FOREIGN KEY (`organization_id`) REFERENCES `organization` (`id`),
  CONSTRAINT `FK_CF90B6835F056556` FOREIGN KEY (`person_id_student`) REFERENCES `person` (`id`),
  CONSTRAINT `FK_CF90B683FFB0AA26` FOREIGN KEY (`person_id_faculty`) REFERENCES `person` (`id`)
) ENGINE=InnoDB AUTO_INCREMENT=1802 DEFAULT CHARSET=utf8 COLLATE=utf8_unicode_ci;
/*!40101 SET character_set_client = @saved_cs_client */;

--
-- Dumping data for table `appointment_recepient_and_status`
--

LOCK TABLES `appointment_recepient_and_status` WRITE;
/*!40000 ALTER TABLE `appointment_recepient_and_status` DISABLE KEYS */;
INSERT INTO `appointment_recepient_and_status` VALUES
(1792,542,984,99445,99422,NULL,'2015-05-20 14:27:05',NULL,'2015-05-20 14:27:05',NULL,NULL,0),
(1793,542,984,99445,99417,NULL,'2015-05-20 14:27:05',NULL,'2015-05-20 14:27:05',NULL,NULL,0),
(1794,542,985,99440,99410,NULL,'2015-06-17 20:08:12',NULL,'2015-06-17 20:08:12',NULL,NULL,0),
(1795,542,987,99704,99429,NULL,'2015-07-01 17:08:26',NULL,'2015-07-01 17:08:26',NULL,NULL,0),
(1796,542,988,99704,99429,NULL,'2015-07-01 17:45:58',NULL,'2015-07-01 17:45:58',NULL,NULL,0),
(1797,542,990,99443,99413,NULL,'2015-07-10 13:23:31',NULL,'2015-07-10 13:23:31',NULL,NULL,0),
(1798,542,991,99446,99422,NULL,'2015-07-17 15:27:45',NULL,'2015-07-17 15:27:45',NULL,NULL,0),
(1799,542,992,99446,99432,NULL,'2015-07-17 18:37:02',NULL,'2015-07-17 18:37:02',NULL,NULL,0),
(1800,542,993,99704,99422,NULL,'2015-07-22 13:28:35',NULL,'2015-07-22 13:28:35',NULL,NULL,0),
(1801,542,994,99704,99422,NULL,'2015-07-28 21:56:03',NULL,'2015-07-28 21:56:03',NULL,NULL,0);
/*!40000 ALTER TABLE `appointment_recepient_and_status` ENABLE KEYS */;
UNLOCK TABLES;

--
-- Table structure for table `appointments_teams`
--

DROP TABLE IF EXISTS `appointments_teams`;
/*!40101 SET @saved_cs_client     = @@character_set_client */;
/*!40101 SET character_set_client = utf8 */;
CREATE TABLE `appointments_teams` (
  `id` int(11) NOT NULL AUTO_INCREMENT,
  `created_by` int(11) DEFAULT NULL,
  `modified_by` int(11) DEFAULT NULL,
  `deleted_by` int(11) DEFAULT NULL,
  `appointments_id` int(11) DEFAULT NULL,
  `teams_id` int(11) DEFAULT NULL,
  `created_at` datetime DEFAULT NULL,
  `modified_at` datetime DEFAULT NULL,
  `deleted_at` datetime DEFAULT NULL,
  PRIMARY KEY (`id`),
  KEY `IDX_53B92262DE12AB56` (`created_by`),
  KEY `IDX_53B9226225F94802` (`modified_by`),
  KEY `IDX_53B922621F6FA0AF` (`deleted_by`),
  KEY `fk_appointments_teams_appointments1_idx` (`appointments_id`),
  KEY `fk_appointments_teams_teams1_idx` (`teams_id`),
  CONSTRAINT `FK_53B922621F6FA0AF` FOREIGN KEY (`deleted_by`) REFERENCES `person` (`id`),
  CONSTRAINT `FK_53B9226223F542AE` FOREIGN KEY (`appointments_id`) REFERENCES `Appointments` (`id`),
  CONSTRAINT `FK_53B9226225F94802` FOREIGN KEY (`modified_by`) REFERENCES `person` (`id`),
  CONSTRAINT `FK_53B92262D6365F12` FOREIGN KEY (`teams_id`) REFERENCES `Teams` (`id`),
  CONSTRAINT `FK_53B92262DE12AB56` FOREIGN KEY (`created_by`) REFERENCES `person` (`id`)
) ENGINE=InnoDB DEFAULT CHARSET=utf8 COLLATE=utf8_unicode_ci;
/*!40101 SET character_set_client = @saved_cs_client */;

--
-- Dumping data for table `appointments_teams`
--

LOCK TABLES `appointments_teams` WRITE;
/*!40000 ALTER TABLE `appointments_teams` DISABLE KEYS */;
/*!40000 ALTER TABLE `appointments_teams` ENABLE KEYS */;
UNLOCK TABLES;

--
-- Table structure for table `audit_trail`
--

DROP TABLE IF EXISTS `audit_trail`;
/*!40101 SET @saved_cs_client     = @@character_set_client */;
/*!40101 SET character_set_client = utf8 */;
CREATE TABLE `audit_trail` (
  `id` int(11) NOT NULL AUTO_INCREMENT,
  `created_by` int(11) DEFAULT NULL,
  `modified_by` int(11) DEFAULT NULL,
  `deleted_by` int(11) DEFAULT NULL,
  `created_at` datetime DEFAULT NULL,
  `modified_at` datetime DEFAULT NULL,
  `deleted_at` datetime DEFAULT NULL,
  `route` varchar(255) COLLATE utf8_unicode_ci NOT NULL,
  `class` varchar(255) COLLATE utf8_unicode_ci NOT NULL,
  `method` varchar(255) COLLATE utf8_unicode_ci NOT NULL,
  `request` longtext COLLATE utf8_unicode_ci NOT NULL COMMENT '(DC2Type:json_array)',
  `unit_of_work` longtext COLLATE utf8_unicode_ci NOT NULL COMMENT '(DC2Type:json_array)',
  `status` enum('SUCCESS','FAIL') COLLATE utf8_unicode_ci DEFAULT NULL,
  `person_id` int(11) DEFAULT NULL,
  `audited_at` datetime NOT NULL,
  `proxy_by` int(11) DEFAULT NULL,
  PRIMARY KEY (`id`),
  KEY `IDX_B523E178DE12AB56` (`created_by`),
  KEY `IDX_B523E17825F94802` (`modified_by`),
  KEY `IDX_B523E1781F6FA0AF` (`deleted_by`),
  KEY `IDX_B523E178217BBB47` (`person_id`),
  KEY `IDX_B523E1788D40DF5C` (`proxy_by`),
  CONSTRAINT `FK_B523E1781F6FA0AF` FOREIGN KEY (`deleted_by`) REFERENCES `person` (`id`),
  CONSTRAINT `FK_B523E178217BBB47` FOREIGN KEY (`person_id`) REFERENCES `person` (`id`),
  CONSTRAINT `FK_B523E17825F94802` FOREIGN KEY (`modified_by`) REFERENCES `person` (`id`),
  CONSTRAINT `FK_B523E1788D40DF5C` FOREIGN KEY (`proxy_by`) REFERENCES `person` (`id`),
  CONSTRAINT `FK_B523E178DE12AB56` FOREIGN KEY (`created_by`) REFERENCES `person` (`id`)
) ENGINE=InnoDB DEFAULT CHARSET=utf8 COLLATE=utf8_unicode_ci;
/*!40101 SET character_set_client = @saved_cs_client */;

--
-- Dumping data for table `audit_trail`
--

LOCK TABLES `audit_trail` WRITE;
/*!40000 ALTER TABLE `audit_trail` DISABLE KEYS */;
/*!40000 ALTER TABLE `audit_trail` ENABLE KEYS */;
UNLOCK TABLES;

--
-- Table structure for table `calendar_sharing`
--

DROP TABLE IF EXISTS `calendar_sharing`;
/*!40101 SET @saved_cs_client     = @@character_set_client */;
/*!40101 SET character_set_client = utf8 */;
CREATE TABLE `calendar_sharing` (
  `id` int(11) NOT NULL AUTO_INCREMENT,
  `organization_id` int(11) DEFAULT NULL,
  `person_id_sharedby` int(11) DEFAULT NULL,
  `person_id_sharedto` int(11) DEFAULT NULL,
  `created_by` int(11) DEFAULT NULL,
  `created_at` datetime DEFAULT NULL,
  `modified_by` int(11) DEFAULT NULL,
  `modified_at` datetime DEFAULT NULL,
  `deleted_by` int(11) DEFAULT NULL,
  `deleted_at` datetime DEFAULT NULL,
  `shared_on` datetime DEFAULT NULL,
  `is_selected` tinyint(1) DEFAULT NULL,
  PRIMARY KEY (`id`),
  KEY `IDX_CCF697AF32C8A3DE` (`organization_id`),
  KEY `IDX_CCF697AFBF1A33A5` (`person_id_sharedby`),
  KEY `IDX_CCF697AF57563323` (`person_id_sharedto`),
  CONSTRAINT `FK_CCF697AF32C8A3DE` FOREIGN KEY (`organization_id`) REFERENCES `organization` (`id`),
  CONSTRAINT `FK_CCF697AF57563323` FOREIGN KEY (`person_id_sharedto`) REFERENCES `person` (`id`),
  CONSTRAINT `FK_CCF697AFBF1A33A5` FOREIGN KEY (`person_id_sharedby`) REFERENCES `person` (`id`)
) ENGINE=InnoDB AUTO_INCREMENT=4 DEFAULT CHARSET=utf8 COLLATE=utf8_unicode_ci;
/*!40101 SET character_set_client = @saved_cs_client */;

--
-- Dumping data for table `calendar_sharing`
--

LOCK TABLES `calendar_sharing` WRITE;
/*!40000 ALTER TABLE `calendar_sharing` DISABLE KEYS */;
INSERT INTO `calendar_sharing` VALUES
(1,542,99704,99439,NULL,'2015-07-16 16:48:58',NULL,'2015-07-16 16:48:58',NULL,NULL,'2015-07-16 16:48:58',1),
(2,542,99704,99440,NULL,'2015-07-16 16:48:58',NULL,'2015-07-16 16:48:58',NULL,NULL,'2015-07-16 16:48:58',1),
(3,542,99439,99440,NULL,'2015-07-16 16:49:32',NULL,'2015-07-16 16:49:32',NULL,NULL,'2015-07-16 16:49:32',1);
/*!40000 ALTER TABLE `calendar_sharing` ENABLE KEYS */;
UNLOCK TABLES;

--
-- Table structure for table `contact_info`
--

DROP TABLE IF EXISTS `contact_info`;
/*!40101 SET @saved_cs_client     = @@character_set_client */;
/*!40101 SET character_set_client = utf8 */;
CREATE TABLE `contact_info` (
  `id` int(11) NOT NULL AUTO_INCREMENT,
  `address_1` varchar(200) COLLATE utf8_unicode_ci DEFAULT NULL,
  `address_2` varchar(200) COLLATE utf8_unicode_ci DEFAULT NULL,
  `city` varchar(200) COLLATE utf8_unicode_ci DEFAULT NULL,
  `zip` varchar(20) COLLATE utf8_unicode_ci DEFAULT NULL,
  `state` varchar(100) COLLATE utf8_unicode_ci DEFAULT NULL,
  `country` varchar(100) COLLATE utf8_unicode_ci DEFAULT NULL,
  `primary_mobile` varchar(15) COLLATE utf8_unicode_ci DEFAULT NULL,
  `alternate_mobile` varchar(15) COLLATE utf8_unicode_ci DEFAULT NULL,
  `home_phone` varchar(50) COLLATE utf8_unicode_ci DEFAULT NULL,
  `office_phone` varchar(50) COLLATE utf8_unicode_ci DEFAULT NULL,
  `primary_email` varchar(200) COLLATE utf8_unicode_ci DEFAULT NULL,
  `alternate_email` varchar(200) COLLATE utf8_unicode_ci DEFAULT NULL,
  `primary_mobile_provider` varchar(45) COLLATE utf8_unicode_ci DEFAULT NULL,
  `alternate_mobile_provider` varchar(45) COLLATE utf8_unicode_ci DEFAULT NULL,
  `created_by` int(11) DEFAULT NULL,
  `created_at` datetime DEFAULT NULL,
  `modified_by` int(11) DEFAULT NULL,
  `modified_at` datetime DEFAULT NULL,
  `deleted_by` int(11) DEFAULT NULL,
  `deleted_at` datetime DEFAULT NULL,
  PRIMARY KEY (`id`),
  KEY `primary_email_idx` (`primary_email`(15))
) ENGINE=InnoDB AUTO_INCREMENT=99726 DEFAULT CHARSET=utf8 COLLATE=utf8_unicode_ci;
/*!40101 SET character_set_client = @saved_cs_client */;

--
-- Dumping data for table `contact_info`
--

LOCK TABLES `contact_info` WRITE;
/*!40000 ALTER TABLE `contact_info` DISABLE KEYS */;
INSERT INTO `contact_info` VALUES
(99395,NULL,NULL,NULL,NULL,NULL,NULL,'8165555555',NULL,NULL,NULL,'andrew.wilson@mailinator.com',NULL,NULL,NULL,NULL,'2015-05-11 21:54:11',NULL,'2015-05-11 21:54:11',NULL,NULL),
(99420,NULL,NULL,NULL,NULL,NULL,NULL,NULL,NULL,NULL,NULL,'alicia.spinnet@mailinator.com',NULL,NULL,NULL,NULL,'2015-05-13 17:01:48',NULL,'2015-05-13 17:01:48',NULL,NULL),
(99421,NULL,NULL,NULL,NULL,NULL,NULL,NULL,NULL,NULL,NULL,'angelina.johnson@mailinator.com',NULL,NULL,NULL,NULL,'2015-05-13 17:01:48',NULL,'2015-05-13 17:01:48',NULL,NULL),
(99422,NULL,NULL,NULL,NULL,NULL,NULL,NULL,NULL,NULL,NULL,'arian.pucey@mailinator.com',NULL,NULL,NULL,NULL,'2015-05-13 17:01:49',NULL,'2015-05-13 17:01:49',NULL,NULL),
(99423,NULL,NULL,NULL,NULL,NULL,NULL,NULL,NULL,NULL,NULL,'cedric.diggory@mailinator.com',NULL,NULL,NULL,NULL,'2015-05-13 17:01:49',NULL,'2015-05-13 17:01:49',NULL,NULL),
(99424,NULL,NULL,NULL,NULL,NULL,NULL,NULL,NULL,NULL,NULL,'cho.chang@mailinator.com',NULL,NULL,NULL,NULL,'2015-05-13 17:01:49',NULL,'2015-05-13 17:01:49',NULL,NULL),
(99425,NULL,NULL,NULL,NULL,NULL,NULL,NULL,NULL,NULL,NULL,'colin.creevey@mailinator.com',NULL,NULL,NULL,NULL,'2015-05-13 17:01:49',NULL,'2015-05-13 17:01:49',NULL,NULL),
(99426,NULL,NULL,NULL,NULL,NULL,NULL,NULL,NULL,NULL,NULL,'draco.malfoy@mailinator.com',NULL,NULL,NULL,NULL,'2015-05-13 17:01:49',NULL,'2015-05-13 17:01:49',NULL,NULL),
(99427,NULL,NULL,NULL,NULL,NULL,NULL,NULL,NULL,NULL,NULL,'fred.weasley@mailinator.com',NULL,NULL,NULL,NULL,'2015-05-13 17:01:50',NULL,'2015-05-13 17:01:50',NULL,NULL),
(99428,NULL,NULL,NULL,NULL,NULL,NULL,NULL,NULL,NULL,NULL,'george.weasley@mailinator.com',NULL,NULL,NULL,NULL,'2015-05-13 17:01:50',NULL,'2015-05-13 17:01:50',NULL,NULL),
(99429,NULL,NULL,NULL,NULL,NULL,NULL,NULL,NULL,NULL,NULL,'ginny.weasley@mailinator.com',NULL,NULL,NULL,NULL,'2015-05-13 17:01:50',NULL,'2015-05-13 17:01:50',NULL,NULL),
(99430,NULL,NULL,NULL,NULL,NULL,NULL,NULL,NULL,NULL,NULL,'gregory.goyle@mailinator.com',NULL,NULL,NULL,NULL,'2015-05-13 17:01:50',NULL,'2015-05-13 17:01:50',NULL,NULL),
(99431,NULL,NULL,NULL,NULL,NULL,NULL,NULL,NULL,NULL,NULL,'hannah.abbott@mailinator.com',NULL,NULL,NULL,NULL,'2015-05-13 17:01:50',NULL,'2015-05-13 17:01:50',NULL,NULL),
(99432,NULL,NULL,NULL,NULL,NULL,NULL,NULL,NULL,NULL,NULL,'harry.potter@mailinator.com',NULL,NULL,NULL,NULL,'2015-05-13 17:01:51',NULL,'2015-05-13 17:01:51',NULL,NULL),
(99433,NULL,NULL,NULL,NULL,NULL,NULL,NULL,NULL,NULL,NULL,'hermione.granger@mailinator.com',NULL,NULL,NULL,NULL,'2015-05-13 17:01:51',NULL,'2015-05-13 17:01:51',NULL,NULL),
(99434,NULL,NULL,NULL,NULL,NULL,NULL,NULL,NULL,NULL,NULL,'justin.finch-fletchley@mailinator.com',NULL,NULL,NULL,NULL,'2015-05-13 17:01:51',NULL,'2015-05-13 17:01:51',NULL,NULL),
(99435,NULL,NULL,NULL,NULL,NULL,NULL,NULL,NULL,NULL,NULL,'katie.bell@mailinator.com',NULL,NULL,NULL,NULL,'2015-05-13 17:01:51',NULL,'2015-05-13 17:01:51',NULL,NULL),
(99436,NULL,NULL,NULL,NULL,NULL,NULL,NULL,NULL,NULL,NULL,'luna.lovegood@mailinator.com',NULL,NULL,NULL,NULL,'2015-05-13 17:01:51',NULL,'2015-05-13 17:01:51',NULL,NULL),
(99437,NULL,NULL,NULL,NULL,NULL,NULL,NULL,NULL,NULL,NULL,'miles.bletchley@mailinator.com',NULL,NULL,NULL,NULL,'2015-05-13 17:01:52',NULL,'2015-05-13 17:01:52',NULL,NULL),
(99438,NULL,NULL,NULL,NULL,NULL,NULL,NULL,NULL,NULL,NULL,'millicent.bulstrode@mailinator.com',NULL,NULL,NULL,NULL,'2015-05-13 17:01:52',NULL,'2015-05-13 17:01:52',NULL,NULL),
(99439,NULL,NULL,NULL,NULL,NULL,NULL,NULL,NULL,NULL,NULL,'neville.longbottom@mailinator.com',NULL,NULL,NULL,NULL,'2015-05-13 17:01:52',NULL,'2015-05-13 17:01:52',NULL,NULL),
(99440,NULL,NULL,NULL,NULL,NULL,NULL,NULL,NULL,NULL,NULL,'padma.patil@mailinator.com',NULL,NULL,NULL,NULL,'2015-05-13 17:01:52',NULL,'2015-05-13 17:01:52',NULL,NULL),
(99441,NULL,NULL,NULL,NULL,NULL,NULL,NULL,NULL,NULL,NULL,'pansy.parkinson@mailinator.com',NULL,NULL,NULL,NULL,'2015-05-13 17:01:52',NULL,'2015-05-13 17:01:52',NULL,NULL),
(99442,NULL,NULL,NULL,NULL,NULL,NULL,NULL,NULL,NULL,NULL,'ron.weasley@mailinator.com',NULL,NULL,NULL,NULL,'2015-05-13 17:01:53',NULL,'2015-05-13 17:01:53',NULL,NULL),
(99443,NULL,NULL,NULL,NULL,NULL,NULL,NULL,NULL,NULL,NULL,'seamus.finnigan@mailinator.com',NULL,NULL,NULL,NULL,'2015-05-13 17:01:53',NULL,'2015-05-13 17:01:53',NULL,NULL),
(99444,NULL,NULL,NULL,NULL,NULL,NULL,NULL,NULL,NULL,NULL,'vincent.crabbe@mailinator.com',NULL,NULL,NULL,NULL,'2015-05-13 17:01:53',NULL,'2015-05-13 17:01:53',NULL,NULL),
(99445,NULL,NULL,NULL,NULL,NULL,NULL,NULL,NULL,NULL,NULL,'fred.dumbledore@mailinator.com',NULL,NULL,NULL,NULL,'2015-05-13 17:02:17',NULL,'2015-05-13 17:02:17',NULL,NULL),
(99446,NULL,NULL,NULL,NULL,NULL,NULL,NULL,NULL,NULL,NULL,'argus.filch@mailinator.com',NULL,NULL,NULL,NULL,'2015-05-13 17:02:17',NULL,'2015-05-13 17:02:17',NULL,NULL),
(99447,NULL,NULL,NULL,NULL,NULL,NULL,NULL,NULL,NULL,NULL,'cuthbert.binns@mailinator.com',NULL,NULL,NULL,NULL,'2015-05-13 17:02:17',NULL,'2015-05-13 17:02:17',NULL,NULL),
(99448,NULL,NULL,NULL,NULL,NULL,NULL,NULL,NULL,NULL,NULL,'filius.flitwick@mailinator.com',NULL,NULL,NULL,NULL,'2015-05-13 17:02:17',NULL,'2015-05-13 17:02:17',NULL,NULL),
(99449,NULL,NULL,NULL,NULL,NULL,NULL,NULL,NULL,NULL,NULL,'marcus.flint@mailinator.com',NULL,NULL,NULL,NULL,'2015-05-13 17:02:18',NULL,'2015-05-13 17:02:18',NULL,NULL),
(99450,NULL,NULL,NULL,NULL,NULL,NULL,NULL,NULL,NULL,NULL,'minerva.mcgonagall@mailinator.com',NULL,NULL,NULL,NULL,'2015-05-13 17:02:18',NULL,'2015-05-13 17:02:18',NULL,NULL),
(99451,NULL,NULL,NULL,NULL,NULL,NULL,NULL,NULL,NULL,NULL,'oliver.wood@mailinator.com',NULL,NULL,NULL,NULL,'2015-05-13 17:02:18',NULL,'2015-05-13 17:02:18',NULL,NULL),
(99452,NULL,NULL,NULL,NULL,NULL,NULL,NULL,NULL,NULL,NULL,'percy.weasley@mailinator.com',NULL,NULL,NULL,NULL,'2015-05-13 17:02:18',NULL,'2015-05-13 17:02:18',NULL,NULL),
(99453,NULL,NULL,NULL,NULL,NULL,NULL,NULL,NULL,NULL,NULL,'pomona.sprout@mailinator.com',NULL,NULL,NULL,NULL,'2015-05-13 17:02:18',NULL,'2015-05-13 17:02:18',NULL,NULL),
(99454,NULL,NULL,NULL,NULL,NULL,NULL,NULL,NULL,NULL,NULL,'poppy.pomfrey@mailinator.com',NULL,NULL,NULL,NULL,'2015-05-13 17:02:19',NULL,'2015-05-13 17:02:19',NULL,NULL),
(99455,NULL,NULL,NULL,NULL,NULL,NULL,NULL,NULL,NULL,NULL,'rolanda.hooch@mailinator.com',NULL,NULL,NULL,NULL,'2015-05-13 17:02:19',NULL,'2015-05-13 17:02:19',NULL,NULL),
(99456,NULL,NULL,NULL,NULL,NULL,NULL,NULL,NULL,NULL,NULL,'rubeus.hagrid@mailinator.com',NULL,NULL,NULL,NULL,'2015-05-13 17:02:19',NULL,'2015-05-13 17:02:19',NULL,NULL),
(99457,NULL,NULL,NULL,NULL,NULL,NULL,NULL,NULL,NULL,NULL,'severus.snape@mailinator.com',NULL,NULL,NULL,NULL,'2015-05-13 17:02:19',NULL,'2015-05-13 17:02:19',NULL,NULL),
(99714,NULL,NULL,NULL,NULL,NULL,NULL,'(816)555-5555',NULL,NULL,NULL,'albus.dumbledore@mailinator.com',NULL,NULL,NULL,NULL,'2015-05-20 14:23:11',NULL,'2015-05-20 14:23:11',NULL,NULL),
(99715,NULL,NULL,NULL,NULL,NULL,NULL,NULL,NULL,NULL,NULL,'bad.guy@mailinator.com',NULL,NULL,NULL,NULL,'2015-06-15 17:31:01',NULL,'2015-06-15 17:31:01',NULL,NULL),
(99716,NULL,NULL,NULL,NULL,NULL,NULL,'9591900663',NULL,NULL,NULL,'david.warner@gmail.com',NULL,'9224852114',NULL,NULL,NULL,NULL,'2014-10-15 12:34:01',NULL,NULL),
(99717,NULL,NULL,NULL,NULL,NULL,NULL,NULL,NULL,'555-555-5555',NULL,'armando.dippet@mailinator.com',NULL,NULL,NULL,NULL,'2015-06-23 18:03:48',NULL,'2015-06-23 18:03:48',NULL,NULL),
(99718,NULL,NULL,NULL,NULL,NULL,NULL,NULL,NULL,'555-555-5555',NULL,'phineas.nigellus.black@mailinator.com',NULL,NULL,NULL,NULL,'2015-06-23 18:05:47',NULL,'2015-06-23 18:05:47',NULL,NULL),
(99719,NULL,NULL,NULL,NULL,NULL,NULL,NULL,NULL,'555-555-5555',NULL,'professor.everard@mailinator.com',NULL,NULL,NULL,NULL,'2015-06-23 18:09:21',NULL,'2015-06-23 18:09:21',NULL,NULL),
(99720,NULL,NULL,NULL,NULL,NULL,NULL,NULL,NULL,NULL,NULL,'remus.lupin@mailinator.com',NULL,NULL,NULL,NULL,'2015-07-02 15:55:30',NULL,'2015-07-02 15:55:30',NULL,NULL),
(99721,NULL,NULL,NULL,NULL,NULL,NULL,NULL,NULL,NULL,NULL,'kingsley.shacklebolt@mailinator.com',NULL,NULL,NULL,NULL,'2015-07-15 20:12:04',NULL,'2015-07-15 20:12:04',NULL,NULL),
(99722,NULL,NULL,NULL,NULL,NULL,NULL,NULL,NULL,NULL,NULL,'dedalus.diggle@mailinator.com',NULL,NULL,NULL,NULL,'2015-07-15 20:12:29',NULL,'2015-07-15 20:12:29',NULL,NULL),
(99723,NULL,NULL,NULL,NULL,NULL,NULL,NULL,NULL,NULL,NULL,'Tom.Riddle@mailinator.com',NULL,NULL,NULL,NULL,'2015-07-27 14:20:46',NULL,'2015-07-27 14:20:46',NULL,NULL),
(99724,NULL,NULL,NULL,NULL,NULL,NULL,NULL,NULL,'(555)555-5555',NULL,'coordinator.testname@mailinator.com',NULL,NULL,NULL,NULL,'2015-07-27 19:34:30',NULL,'2015-07-27 19:34:30',NULL,NULL),
(99725,NULL,NULL,NULL,NULL,NULL,NULL,NULL,NULL,NULL,NULL,'art.member@gmail.com',NULL,NULL,NULL,NULL,'2015-11-11 16:21:01',NULL,'2015-11-11 16:21:01',NULL,NULL);
/*!40000 ALTER TABLE `contact_info` ENABLE KEYS */;
UNLOCK TABLES;

--
-- Table structure for table `contact_types`
--

DROP TABLE IF EXISTS `contact_types`;
/*!40101 SET @saved_cs_client     = @@character_set_client */;
/*!40101 SET character_set_client = utf8 */;
CREATE TABLE `contact_types` (
  `id` int(11) NOT NULL AUTO_INCREMENT,
  `created_by` int(11) DEFAULT NULL,
  `created_at` datetime DEFAULT NULL,
  `modified_by` int(11) DEFAULT NULL,
  `modified_at` datetime DEFAULT NULL,
  `deleted_by` int(11) DEFAULT NULL,
  `deleted_at` datetime DEFAULT NULL,
  `is_active` tinyint(1) DEFAULT NULL,
  `display_seq` int(11) DEFAULT NULL,
  `parent_contact_types_id` int(11) DEFAULT NULL,
  PRIMARY KEY (`id`),
  KEY `IDX_741A993FA00BDDF3` (`parent_contact_types_id`),
  CONSTRAINT `FK_741A993FA00BDDF3` FOREIGN KEY (`parent_contact_types_id`) REFERENCES `contact_types` (`id`)
) ENGINE=InnoDB AUTO_INCREMENT=17 DEFAULT CHARSET=utf8 COLLATE=utf8_unicode_ci;
/*!40101 SET character_set_client = @saved_cs_client */;

--
-- Dumping data for table `contact_types`
--

LOCK TABLES `contact_types` WRITE;
/*!40000 ALTER TABLE `contact_types` DISABLE KEYS */;
INSERT INTO `contact_types` VALUES
(1,NULL,NULL,NULL,NULL,NULL,NULL,1,1,NULL),
(2,NULL,NULL,NULL,NULL,NULL,NULL,1,2,NULL),
(3,NULL,NULL,NULL,NULL,NULL,NULL,1,1,1),
(4,NULL,NULL,NULL,NULL,NULL,NULL,1,2,1),
(5,NULL,NULL,NULL,NULL,NULL,NULL,1,3,1),
(6,NULL,NULL,NULL,NULL,NULL,NULL,1,4,1),
(7,NULL,NULL,NULL,NULL,NULL,NULL,1,5,1),
(8,NULL,NULL,NULL,NULL,NULL,NULL,1,6,1),
(9,NULL,NULL,NULL,NULL,NULL,NULL,1,7,1),
(10,NULL,NULL,NULL,NULL,NULL,NULL,1,8,1),
(11,NULL,NULL,NULL,NULL,NULL,NULL,1,9,1),
(12,NULL,NULL,NULL,NULL,NULL,NULL,1,1,2),
(13,NULL,NULL,NULL,NULL,NULL,NULL,1,2,2),
(14,NULL,NULL,NULL,NULL,NULL,NULL,1,3,2),
(15,NULL,NULL,NULL,NULL,NULL,NULL,1,4,2),
(16,NULL,NULL,NULL,NULL,NULL,NULL,1,5,2);
/*!40000 ALTER TABLE `contact_types` ENABLE KEYS */;
UNLOCK TABLES;

--
-- Table structure for table `contact_types_lang`
--

DROP TABLE IF EXISTS `contact_types_lang`;
/*!40101 SET @saved_cs_client     = @@character_set_client */;
/*!40101 SET character_set_client = utf8 */;
CREATE TABLE `contact_types_lang` (
  `id` int(11) NOT NULL AUTO_INCREMENT,
  `contact_types_id` int(11) DEFAULT NULL,
  `language_master_id` int(11) DEFAULT NULL,
  `created_by` int(11) DEFAULT NULL,
  `created_at` datetime DEFAULT NULL,
  `modified_by` int(11) DEFAULT NULL,
  `modified_at` datetime DEFAULT NULL,
  `deleted_by` int(11) DEFAULT NULL,
  `deleted_at` datetime DEFAULT NULL,
  `description` varchar(100) COLLATE utf8_unicode_ci DEFAULT NULL,
  PRIMARY KEY (`id`),
  KEY `IDX_D5F7EF541497AFC0` (`contact_types_id`),
  KEY `IDX_D5F7EF54D5D3A0FB` (`language_master_id`),
  CONSTRAINT `FK_D5F7EF541497AFC0` FOREIGN KEY (`contact_types_id`) REFERENCES `contact_types` (`id`),
  CONSTRAINT `FK_D5F7EF54D5D3A0FB` FOREIGN KEY (`language_master_id`) REFERENCES `language_master` (`id`)
) ENGINE=InnoDB AUTO_INCREMENT=17 DEFAULT CHARSET=utf8 COLLATE=utf8_unicode_ci;
/*!40101 SET character_set_client = @saved_cs_client */;

--
-- Dumping data for table `contact_types_lang`
--

LOCK TABLES `contact_types_lang` WRITE;
/*!40000 ALTER TABLE `contact_types_lang` DISABLE KEYS */;
INSERT INTO `contact_types_lang` VALUES
(1,1,1,NULL,NULL,NULL,NULL,NULL,NULL,'Interaction'),
(2,2,1,NULL,NULL,NULL,NULL,NULL,NULL,'Non-interaction'),
(3,3,1,NULL,NULL,NULL,NULL,NULL,NULL,'In person meeting'),
(4,4,1,NULL,NULL,NULL,NULL,NULL,NULL,'Phone conversation'),
(5,5,1,NULL,NULL,NULL,NULL,NULL,NULL,'Email from student'),
(6,6,1,NULL,NULL,NULL,NULL,NULL,NULL,'Phone message received from student'),
(7,7,1,NULL,NULL,NULL,NULL,NULL,NULL,'Message received via social networking site'),
(8,8,1,NULL,NULL,NULL,NULL,NULL,NULL,'Written communication from student'),
(9,9,1,NULL,NULL,NULL,NULL,NULL,NULL,'Group meeting'),
(10,10,1,NULL,NULL,NULL,NULL,NULL,NULL,'Appointment'),
(11,11,1,NULL,NULL,NULL,NULL,NULL,NULL,'Other interaction'),
(12,12,1,NULL,NULL,NULL,NULL,NULL,NULL,'Email to student'),
(13,13,1,NULL,NULL,NULL,NULL,NULL,NULL,'Phone message left for student'),
(14,14,1,NULL,NULL,NULL,NULL,NULL,NULL,'Message sent via social networking site'),
(15,15,1,NULL,NULL,NULL,NULL,NULL,NULL,'Written communication to student'),
(16,16,1,NULL,NULL,NULL,NULL,NULL,NULL,'Other noninteraction');
/*!40000 ALTER TABLE `contact_types_lang` ENABLE KEYS */;
UNLOCK TABLES;

--
-- Table structure for table `contacts`
--

DROP TABLE IF EXISTS `contacts`;
/*!40101 SET @saved_cs_client     = @@character_set_client */;
/*!40101 SET character_set_client = utf8 */;
CREATE TABLE `contacts` (
  `id` int(11) NOT NULL AUTO_INCREMENT,
  `organization_id` int(11) DEFAULT NULL,
  `person_id_student` int(11) DEFAULT NULL,
  `person_id_faculty` int(11) DEFAULT NULL,
  `contact_types_id` int(11) DEFAULT NULL,
  `activity_category_id` int(11) DEFAULT NULL,
  `created_by` int(11) DEFAULT NULL,
  `created_at` datetime DEFAULT NULL,
  `modified_by` int(11) DEFAULT NULL,
  `modified_at` datetime DEFAULT NULL,
  `deleted_by` int(11) DEFAULT NULL,
  `deleted_at` datetime DEFAULT NULL,
  `contact_date` datetime NOT NULL,
  `note` longtext COLLATE utf8_unicode_ci NOT NULL,
  `is_discussed` tinyint(1) DEFAULT NULL,
  `is_high_priority` tinyint(1) DEFAULT NULL,
  `is_reveal` tinyint(1) DEFAULT NULL,
  `is_leaving` tinyint(1) DEFAULT NULL,
  `access_private` tinyint(1) DEFAULT NULL,
  `access_public` tinyint(1) DEFAULT NULL,
  `access_team` tinyint(1) DEFAULT NULL,
  PRIMARY KEY (`id`),
  KEY `IDX_3340157332C8A3DE` (`organization_id`),
  KEY `IDX_334015735F056556` (`person_id_student`),
  KEY `IDX_33401573FFB0AA26` (`person_id_faculty`),
  KEY `IDX_334015731497AFC0` (`contact_types_id`),
  KEY `IDX_334015731CC8F7EE` (`activity_category_id`),
  CONSTRAINT `FK_334015731497AFC0` FOREIGN KEY (`contact_types_id`) REFERENCES `contact_types` (`id`),
  CONSTRAINT `FK_334015731CC8F7EE` FOREIGN KEY (`activity_category_id`) REFERENCES `activity_category` (`id`),
  CONSTRAINT `FK_3340157332C8A3DE` FOREIGN KEY (`organization_id`) REFERENCES `organization` (`id`),
  CONSTRAINT `FK_334015735F056556` FOREIGN KEY (`person_id_student`) REFERENCES `person` (`id`),
  CONSTRAINT `FK_33401573FFB0AA26` FOREIGN KEY (`person_id_faculty`) REFERENCES `person` (`id`)
) ENGINE=InnoDB AUTO_INCREMENT=273 DEFAULT CHARSET=utf8 COLLATE=utf8_unicode_ci;
/*!40101 SET character_set_client = @saved_cs_client */;

--
-- Dumping data for table `contacts`
--

LOCK TABLES `contacts` WRITE;
/*!40000 ALTER TABLE `contacts` DISABLE KEYS */;
INSERT INTO `contacts` VALUES
(255,542,99422,99445,5,37,NULL,'2015-05-20 16:06:33',NULL,'2015-05-20 16:06:33',NULL,NULL,'2015-05-20 16:06:33','Contact Private',1,1,1,1,1,0,0),
(256,542,99422,99445,13,33,NULL,'2015-05-20 16:13:39',NULL,'2015-05-20 16:13:39',NULL,NULL,'2015-05-20 16:13:39','PUBLIC POST',0,1,0,1,0,1,0),
(257,542,99422,99445,4,20,NULL,'2015-05-20 16:15:37',NULL,'2015-05-20 16:15:37',NULL,NULL,'2015-05-20 16:15:37','TEAM CONTACT',0,0,0,0,0,0,1),
(258,542,99410,99440,3,19,NULL,'2015-06-17 20:06:20',NULL,'2015-06-17 20:06:20',NULL,NULL,'2015-06-17 20:06:20','Public contact created by Minerva McGonagall about Alicia Spinnet.',0,0,0,0,0,1,0),
(259,542,99410,99440,4,21,NULL,'2015-06-17 20:07:04',NULL,'2015-06-17 20:07:04',NULL,NULL,'2015-06-17 20:07:03','Private contact created by Minerva McGonagall about Alicia Spinnet.',0,0,0,0,1,0,0),
(260,542,99410,99440,5,27,NULL,'2015-06-19 18:36:42',NULL,'2015-06-19 18:36:42',NULL,NULL,'2015-06-19 18:36:42','Contact shared with team Gryffindor.',0,0,0,0,0,0,1),
(261,542,99410,99440,6,32,NULL,'2015-06-19 18:37:39',NULL,'2015-06-19 18:37:39',NULL,NULL,'2015-06-19 18:37:39','Contact shared with team Heads of Houses.',0,0,0,0,0,0,1),
(262,542,99411,99440,3,21,NULL,'2015-06-23 16:50:18',NULL,'2015-06-23 16:50:18',NULL,NULL,'2015-06-23 16:50:18','Contact for student that\'s in two groups, shared with team Heads of Houses.',0,0,0,0,0,0,1),
(263,542,99429,99704,4,19,NULL,'2015-07-01 17:08:51',NULL,'2015-07-01 17:08:51',NULL,NULL,'2015-07-01 17:08:51','Get to class Neville',0,1,0,0,0,1,0),
(264,542,99429,99704,5,19,NULL,'2015-07-01 17:46:32',NULL,'2015-07-01 17:46:32',NULL,NULL,'2015-07-01 17:46:31','Here',1,0,0,0,1,0,0),
(265,542,99422,99441,3,19,NULL,'2015-07-09 20:09:12',NULL,'2015-07-09 20:09:12',NULL,NULL,'2015-07-09 20:09:12','HP from Oliver test-private test',0,1,0,0,1,0,0),
(266,542,99413,99443,3,20,NULL,'2015-07-10 13:21:06',NULL,'2015-07-10 13:21:06',NULL,NULL,'2015-07-10 13:21:05','moving forward Cedric contacts Pomona',0,0,0,0,1,0,0),
(267,542,99413,99443,4,20,NULL,'2015-07-10 13:21:25',NULL,'2015-07-10 13:21:25',NULL,NULL,'2015-07-10 13:21:25','Pomona contacts Cedric',0,0,1,0,0,1,0),
(268,542,99422,99446,4,19,NULL,'2015-07-17 15:25:03',NULL,'2015-07-17 15:25:03',NULL,NULL,'2015-07-17 15:25:03','Hagrid-Harry is a good kid',1,0,0,0,1,0,0),
(269,542,99422,99446,5,21,NULL,'2015-07-17 15:25:20',NULL,'2015-07-17 15:25:20',NULL,NULL,'2015-07-17 15:25:20','Hagrid-Harry is a good kid',0,1,0,0,0,1,0),
(270,542,99432,99446,3,19,NULL,'2015-07-17 18:24:49',NULL,'2015-07-17 18:24:49',NULL,NULL,'2015-07-17 18:24:49','Ron is a good kid but..',0,1,0,0,1,0,0),
(271,542,99432,99446,3,19,NULL,'2015-07-17 18:25:13',NULL,'2015-07-17 18:25:13',NULL,NULL,'2015-07-17 18:25:13','Ron is a good kid but...',0,1,0,0,0,1,0),
(272,542,99422,99437,3,19,NULL,'2015-07-20 21:28:28',NULL,'2015-07-20 21:28:28',NULL,NULL,'2015-07-20 21:28:28','Private contact',1,0,0,0,1,0,0);
/*!40000 ALTER TABLE `contacts` ENABLE KEYS */;
UNLOCK TABLES;

--
-- Table structure for table `contacts_teams`
--

DROP TABLE IF EXISTS `contacts_teams`;
/*!40101 SET @saved_cs_client     = @@character_set_client */;
/*!40101 SET character_set_client = utf8 */;
CREATE TABLE `contacts_teams` (
  `id` int(11) NOT NULL AUTO_INCREMENT,
  `contacts_id` int(11) DEFAULT NULL,
  `teams_id` int(11) DEFAULT NULL,
  `created_by` int(11) DEFAULT NULL,
  `created_at` datetime DEFAULT NULL,
  `modified_by` int(11) DEFAULT NULL,
  `modified_at` datetime DEFAULT NULL,
  `deleted_by` int(11) DEFAULT NULL,
  `deleted_at` datetime DEFAULT NULL,
  PRIMARY KEY (`id`),
  KEY `IDX_8475AAAD719FB48E` (`contacts_id`),
  KEY `IDX_8475AAADD6365F12` (`teams_id`),
  CONSTRAINT `FK_8475AAAD719FB48E` FOREIGN KEY (`contacts_id`) REFERENCES `contacts` (`id`),
  CONSTRAINT `FK_8475AAADD6365F12` FOREIGN KEY (`teams_id`) REFERENCES `Teams` (`id`)
) ENGINE=InnoDB AUTO_INCREMENT=530 DEFAULT CHARSET=utf8 COLLATE=utf8_unicode_ci;
/*!40101 SET character_set_client = @saved_cs_client */;

--
-- Dumping data for table `contacts_teams`
--

LOCK TABLES `contacts_teams` WRITE;
/*!40000 ALTER TABLE `contacts_teams` DISABLE KEYS */;
INSERT INTO `contacts_teams` VALUES
(526,257,377,NULL,'2015-05-20 16:15:37',NULL,'2015-05-20 16:15:37',NULL,NULL),
(527,260,379,NULL,'2015-06-19 18:36:42',NULL,'2015-06-19 18:36:42',NULL,NULL),
(528,261,380,NULL,'2015-06-19 18:37:39',NULL,'2015-06-19 18:37:39',NULL,NULL),
(529,262,380,NULL,'2015-06-23 16:50:18',NULL,'2015-06-23 16:50:18',NULL,NULL);
/*!40000 ALTER TABLE `contacts_teams` ENABLE KEYS */;
UNLOCK TABLES;

--
-- Temporary table structure for view `cur_org_aggregationcalc_risk_variable`
--

DROP TABLE IF EXISTS `cur_org_aggregationcalc_risk_variable`;
/*!50001 DROP VIEW IF EXISTS `cur_org_aggregationcalc_risk_variable`*/;
SET @saved_cs_client     = @@character_set_client;
SET character_set_client = utf8;
/*!50001 CREATE TABLE `cur_org_aggregationcalc_risk_variable` (
  `org_id` tinyint NOT NULL,
  `risk_group_id` tinyint NOT NULL,
  `person_id` tinyint NOT NULL,
  `risk_variable_id` tinyint NOT NULL,
  `risk_model_id` tinyint NOT NULL,
  `source` tinyint NOT NULL,
  `variable_type` tinyint NOT NULL,
  `weight` tinyint NOT NULL,
  `calculated_value` tinyint NOT NULL,
  `calc_type` tinyint NOT NULL
) ENGINE=MyISAM */;
SET character_set_client = @saved_cs_client;

--
-- Table structure for table `cur_org_calculated_risk_variable`
--

DROP TABLE IF EXISTS `cur_org_calculated_risk_variable`;
/*!40101 SET @saved_cs_client     = @@character_set_client */;
/*!40101 SET character_set_client = utf8 */;
CREATE TABLE `cur_org_calculated_risk_variable` (
  `org_id` int(11) DEFAULT NULL,
  `risk_model_id` bigint(20) DEFAULT NULL,
  `source` varchar(14) CHARACTER SET utf8 COLLATE utf8_unicode_ci DEFAULT NULL,
  `risk_variable_id` bigint(20) DEFAULT NULL,
  `variable_type` varchar(11) CHARACTER SET utf8 COLLATE utf8_unicode_ci DEFAULT NULL,
  `weight` decimal(8,4) DEFAULT NULL,
  `source_id` int(11) DEFAULT NULL,
  `SourceValue` mediumtext CHARACTER SET utf8 COLLATE utf8_unicode_ci,
  `bucket_value` int(11) DEFAULT NULL,
  `person_id` bigint(20) DEFAULT NULL
) ENGINE=InnoDB DEFAULT CHARSET=utf8;
/*!40101 SET character_set_client = @saved_cs_client */;

--
-- Dumping data for table `cur_org_calculated_risk_variable`
--

LOCK TABLES `cur_org_calculated_risk_variable` WRITE;
/*!40000 ALTER TABLE `cur_org_calculated_risk_variable` DISABLE KEYS */;
/*!40000 ALTER TABLE `cur_org_calculated_risk_variable` ENABLE KEYS */;
UNLOCK TABLES;

--
-- Table structure for table `datablock_master`
--

DROP TABLE IF EXISTS `datablock_master`;
/*!40101 SET @saved_cs_client     = @@character_set_client */;
/*!40101 SET character_set_client = utf8 */;
CREATE TABLE `datablock_master` (
  `id` int(11) NOT NULL AUTO_INCREMENT,
  `datablock_ui_id` int(11) DEFAULT NULL,
  `created_by` int(11) DEFAULT NULL,
  `created_at` datetime DEFAULT NULL,
  `modified_by` int(11) DEFAULT NULL,
  `modified_at` datetime DEFAULT NULL,
  `deleted_by` int(11) DEFAULT NULL,
  `deleted_at` datetime DEFAULT NULL,
  `block_type` varchar(10) COLLATE utf8_unicode_ci DEFAULT NULL,
  `status` varchar(1) COLLATE utf8_unicode_ci DEFAULT NULL,
  PRIMARY KEY (`id`),
  KEY `IDX_C5DA18E9DE12AB56` (`created_by`),
  KEY `IDX_C5DA18E925F94802` (`modified_by`),
  KEY `IDX_C5DA18E91F6FA0AF` (`deleted_by`),
  KEY `IDX_C5DA18E94351304E` (`datablock_ui_id`),
  CONSTRAINT `FK_C5DA18E91F6FA0AF` FOREIGN KEY (`deleted_by`) REFERENCES `person` (`id`),
  CONSTRAINT `FK_C5DA18E925F94802` FOREIGN KEY (`modified_by`) REFERENCES `person` (`id`),
  CONSTRAINT `FK_C5DA18E94351304E` FOREIGN KEY (`datablock_ui_id`) REFERENCES `datablock_ui` (`id`),
  CONSTRAINT `FK_C5DA18E9DE12AB56` FOREIGN KEY (`created_by`) REFERENCES `person` (`id`)
) ENGINE=InnoDB AUTO_INCREMENT=30 DEFAULT CHARSET=utf8 COLLATE=utf8_unicode_ci;
/*!40101 SET character_set_client = @saved_cs_client */;

--
-- Dumping data for table `datablock_master`
--

LOCK TABLES `datablock_master` WRITE;
/*!40000 ALTER TABLE `datablock_master` DISABLE KEYS */;
INSERT INTO `datablock_master` VALUES
(1,1,NULL,NULL,NULL,NULL,NULL,NULL,'profile',NULL),
(2,1,NULL,NULL,NULL,NULL,NULL,NULL,'profile',NULL),
(3,1,NULL,NULL,NULL,NULL,NULL,NULL,'profile',NULL),
(4,1,NULL,NULL,NULL,NULL,NULL,NULL,'profile',NULL),
(5,1,NULL,NULL,NULL,NULL,NULL,NULL,'profile',NULL),
(6,1,NULL,NULL,NULL,NULL,NULL,NULL,'profile',NULL),
(7,1,NULL,NULL,NULL,NULL,NULL,NULL,'survey',NULL),
(8,1,NULL,NULL,NULL,NULL,NULL,NULL,'survey',NULL),
(9,1,NULL,NULL,NULL,NULL,NULL,NULL,'survey',NULL),
(10,1,NULL,NULL,NULL,NULL,NULL,NULL,'survey',NULL),
(11,1,NULL,NULL,NULL,NULL,NULL,NULL,'survey',NULL),
(12,NULL,NULL,'2015-05-06 18:11:45',NULL,'2015-05-06 18:11:45',NULL,NULL,'profile',NULL),
(13,NULL,NULL,'2015-05-06 18:11:55',NULL,'2015-05-06 18:11:55',NULL,NULL,'profile',NULL),
(14,NULL,NULL,'2015-05-06 18:12:00',NULL,'2015-05-06 18:12:00',NULL,NULL,'profile',NULL),
(15,NULL,NULL,'2015-05-06 18:12:11',NULL,'2015-05-06 18:12:11',NULL,NULL,'profile',NULL),
(16,NULL,NULL,'2015-05-06 18:12:19',NULL,'2015-05-06 18:12:19',NULL,NULL,'profile',NULL),
(17,NULL,NULL,'2015-05-06 18:12:28',NULL,'2015-05-06 18:12:28',NULL,NULL,'profile',NULL),
(18,NULL,NULL,'2015-05-06 18:12:33',NULL,'2015-05-06 18:12:33',NULL,NULL,'profile',NULL),
(19,NULL,NULL,'2015-05-06 18:12:38',NULL,'2015-05-06 18:12:38',NULL,NULL,'profile',NULL),
(20,NULL,NULL,'2015-05-06 18:12:45',NULL,'2015-05-06 18:12:45',NULL,NULL,'profile',NULL),
(21,NULL,NULL,'2015-05-06 18:12:53',NULL,'2015-05-06 18:12:53',NULL,NULL,'profile',NULL),
(22,NULL,NULL,'2015-05-06 18:13:02',NULL,'2015-05-06 18:13:02',NULL,NULL,'profile',NULL),
(23,NULL,NULL,'2015-05-06 18:13:10',NULL,'2015-05-06 18:13:10',NULL,NULL,'profile',NULL),
(24,NULL,NULL,'2015-05-06 18:13:19',NULL,'2015-05-06 18:13:19',NULL,NULL,'profile',NULL),
(25,NULL,NULL,'2015-05-06 18:13:25',NULL,'2015-05-06 18:13:25',NULL,NULL,'profile',NULL),
(26,NULL,NULL,'2015-05-06 18:13:32',NULL,'2015-05-06 18:13:32',NULL,NULL,'profile',NULL),
(27,NULL,NULL,'2015-05-06 18:13:39',NULL,'2015-05-06 18:13:39',NULL,NULL,'profile',NULL),
(28,NULL,NULL,'2015-05-06 18:13:46',NULL,'2015-05-06 18:13:46',NULL,NULL,'profile',NULL),
(29,NULL,NULL,'2015-05-06 18:13:52',NULL,'2015-05-06 18:13:52',NULL,NULL,'profile',NULL);
/*!40000 ALTER TABLE `datablock_master` ENABLE KEYS */;
UNLOCK TABLES;

--
-- Table structure for table `datablock_master_lang`
--

DROP TABLE IF EXISTS `datablock_master_lang`;
/*!40101 SET @saved_cs_client     = @@character_set_client */;
/*!40101 SET character_set_client = utf8 */;
CREATE TABLE `datablock_master_lang` (
  `id` int(11) NOT NULL AUTO_INCREMENT,
  `datablock_id` int(11) DEFAULT NULL,
  `lang_id` int(11) DEFAULT NULL,
  `created_by` int(11) DEFAULT NULL,
  `created_at` datetime DEFAULT NULL,
  `modified_by` int(11) DEFAULT NULL,
  `modified_at` datetime DEFAULT NULL,
  `deleted_by` int(11) DEFAULT NULL,
  `deleted_at` datetime DEFAULT NULL,
  `datablock_desc` varchar(100) COLLATE utf8_unicode_ci DEFAULT NULL,
  PRIMARY KEY (`id`),
  KEY `IDX_EAD6BD4AF9AE3580` (`datablock_id`),
  KEY `IDX_EAD6BD4AB213FA4` (`lang_id`),
  CONSTRAINT `FK_EAD6BD4AB213FA4` FOREIGN KEY (`lang_id`) REFERENCES `language_master` (`id`),
  CONSTRAINT `FK_EAD6BD4AF9AE3580` FOREIGN KEY (`datablock_id`) REFERENCES `datablock_master` (`id`)
) ENGINE=InnoDB AUTO_INCREMENT=30 DEFAULT CHARSET=utf8 COLLATE=utf8_unicode_ci;
/*!40101 SET character_set_client = @saved_cs_client */;

--
-- Dumping data for table `datablock_master_lang`
--

LOCK TABLES `datablock_master_lang` WRITE;
/*!40000 ALTER TABLE `datablock_master_lang` DISABLE KEYS */;
INSERT INTO `datablock_master_lang` VALUES
(1,1,1,NULL,NULL,NULL,NULL,NULL,NULL,'Demographic'),
(2,2,1,NULL,NULL,NULL,NULL,NULL,NULL,'Financial'),
(3,3,1,NULL,NULL,NULL,NULL,NULL,NULL,'High School Grades'),
(4,4,1,NULL,NULL,NULL,NULL,NULL,NULL,'Contact Information'),
(5,5,1,NULL,NULL,NULL,NULL,NULL,NULL,'Personal Information'),
(6,6,1,NULL,NULL,NULL,NULL,NULL,NULL,'Student Name'),
(7,7,1,NULL,NULL,NULL,NULL,NULL,NULL,'Academic - Behaviors'),
(8,8,1,NULL,NULL,NULL,NULL,NULL,NULL,'Academic - Content Skills'),
(9,9,1,NULL,NULL,NULL,NULL,NULL,NULL,'Academic - Education Plan'),
(10,10,1,NULL,NULL,NULL,NULL,NULL,NULL,'Academic - Mindset'),
(11,11,1,NULL,NULL,NULL,NULL,NULL,NULL,'Intent to Leave'),
(12,12,1,NULL,'2015-05-06 18:11:45',NULL,'2015-05-06 18:11:45',NULL,NULL,'BasicStudentInfo'),
(13,13,1,NULL,'2015-05-06 18:11:55',NULL,'2015-05-06 18:11:55',NULL,NULL,'Demographic'),
(14,14,1,NULL,'2015-05-06 18:12:00',NULL,'2015-05-06 18:12:00',NULL,NULL,'Admissions'),
(15,15,1,NULL,'2015-05-06 18:12:11',NULL,'2015-05-06 18:12:11',NULL,NULL,'Academic Record'),
(16,16,1,NULL,'2015-05-06 18:12:19',NULL,'2015-05-06 18:12:19',NULL,NULL,'Demographic Record'),
(17,17,1,NULL,'2015-05-06 18:12:28',NULL,'2015-05-06 18:12:28',NULL,NULL,'Academic Record-PreYear'),
(18,18,1,NULL,'2015-05-06 18:12:33',NULL,'2015-05-06 18:12:33',NULL,NULL,'Academic Record-Start'),
(19,19,1,NULL,'2015-05-06 18:12:38',NULL,'2015-05-06 18:12:38',NULL,NULL,'Academic Record-Mid'),
(20,20,1,NULL,'2015-05-06 18:12:45',NULL,'2015-05-06 18:12:45',NULL,NULL,'Academic Record-End'),
(21,21,1,NULL,'2015-05-06 18:12:53',NULL,'2015-05-06 18:12:53',NULL,NULL,'Admissions-Dates'),
(22,22,1,NULL,'2015-05-06 18:13:02',NULL,'2015-05-06 18:13:02',NULL,NULL,'Admissions-HS'),
(23,23,1,NULL,'2015-05-06 18:13:10',NULL,'2015-05-06 18:13:10',NULL,NULL,'Admissions-Tests'),
(24,24,1,NULL,'2015-05-06 18:13:19',NULL,'2015-05-06 18:13:19',NULL,NULL,'FinancialAid'),
(25,25,1,NULL,'2015-05-06 18:13:25',NULL,'2015-05-06 18:13:25',NULL,NULL,'Contact'),
(26,26,1,NULL,'2015-05-06 18:13:32',NULL,'2015-05-06 18:13:32',NULL,NULL,'Retention'),
(27,27,1,NULL,'2015-05-06 18:13:39',NULL,'2015-05-06 18:13:39',NULL,NULL,'Completion'),
(28,28,1,NULL,'2015-05-06 18:13:46',NULL,'2015-05-06 18:13:46',NULL,NULL,'Institutional Research'),
(29,29,1,NULL,'2015-05-06 18:13:52',NULL,'2015-05-06 18:13:52',NULL,NULL,'Functional');
/*!40000 ALTER TABLE `datablock_master_lang` ENABLE KEYS */;
UNLOCK TABLES;

--
-- Table structure for table `datablock_metadata`
--

DROP TABLE IF EXISTS `datablock_metadata`;
/*!40101 SET @saved_cs_client     = @@character_set_client */;
/*!40101 SET character_set_client = utf8 */;
CREATE TABLE `datablock_metadata` (
  `id` int(11) NOT NULL AUTO_INCREMENT,
  `created_by` int(11) DEFAULT NULL,
  `modified_by` int(11) DEFAULT NULL,
  `deleted_by` int(11) DEFAULT NULL,
  `datablock_id` int(11) DEFAULT NULL,
  `ebi_metadata_id` int(11) DEFAULT NULL,
  `created_at` datetime DEFAULT NULL,
  `modified_at` datetime DEFAULT NULL,
  `deleted_at` datetime DEFAULT NULL,
  PRIMARY KEY (`id`),
  KEY `IDX_4B799CFFDE12AB56` (`created_by`),
  KEY `IDX_4B799CFF25F94802` (`modified_by`),
  KEY `IDX_4B799CFF1F6FA0AF` (`deleted_by`),
  KEY `IDX_4B799CFFF9AE3580` (`datablock_id`),
  KEY `IDX_4B799CFFBB49FE75` (`ebi_metadata_id`),
  CONSTRAINT `FK_4B799CFF1F6FA0AF` FOREIGN KEY (`deleted_by`) REFERENCES `person` (`id`),
  CONSTRAINT `FK_4B799CFF25F94802` FOREIGN KEY (`modified_by`) REFERENCES `person` (`id`),
  CONSTRAINT `FK_4B799CFFBB49FE75` FOREIGN KEY (`ebi_metadata_id`) REFERENCES `ebi_metadata` (`id`),
  CONSTRAINT `FK_4B799CFFDE12AB56` FOREIGN KEY (`created_by`) REFERENCES `person` (`id`),
  CONSTRAINT `FK_4B799CFFF9AE3580` FOREIGN KEY (`datablock_id`) REFERENCES `datablock_master` (`id`)
) ENGINE=InnoDB AUTO_INCREMENT=4 DEFAULT CHARSET=utf8 COLLATE=utf8_unicode_ci;
/*!40101 SET character_set_client = @saved_cs_client */;

--
-- Dumping data for table `datablock_metadata`
--

LOCK TABLES `datablock_metadata` WRITE;
/*!40000 ALTER TABLE `datablock_metadata` DISABLE KEYS */;
INSERT INTO `datablock_metadata` VALUES
(1,NULL,NULL,NULL,1,1,NULL,NULL,NULL),
(2,NULL,NULL,NULL,1,2,NULL,NULL,NULL),
(3,NULL,NULL,NULL,1,4,NULL,NULL,NULL);
/*!40000 ALTER TABLE `datablock_metadata` ENABLE KEYS */;
UNLOCK TABLES;

--
-- Table structure for table `datablock_questions`
--

DROP TABLE IF EXISTS `datablock_questions`;
/*!40101 SET @saved_cs_client     = @@character_set_client */;
/*!40101 SET character_set_client = utf8 */;
CREATE TABLE `datablock_questions` (
  `id` int(11) NOT NULL AUTO_INCREMENT,
  `datablock_id` int(11) DEFAULT NULL,
  `ebi_question_id` int(11) DEFAULT NULL,
  `created_by` int(11) DEFAULT NULL,
  `created_at` datetime DEFAULT NULL,
  `modified_by` int(11) DEFAULT NULL,
  `modified_at` datetime DEFAULT NULL,
  `deleted_by` int(11) DEFAULT NULL,
  `deleted_at` datetime DEFAULT NULL,
  `survey_id` int(11) DEFAULT NULL,
  `survey_questions_id` int(11) DEFAULT NULL,
  `factor_id` int(11) DEFAULT NULL,
  `type` varchar(255) COLLATE utf8_unicode_ci DEFAULT NULL,
  `red_low` decimal(6,3) DEFAULT NULL,
  `red_high` decimal(6,3) DEFAULT NULL,
  `yellow_low` decimal(6,3) DEFAULT NULL,
  `yellow_high` decimal(6,3) DEFAULT NULL,
  `green_low` decimal(6,3) DEFAULT NULL,
  `green_high` decimal(6,3) DEFAULT NULL,
  PRIMARY KEY (`id`),
  KEY `IDX_BD00028DDE12AB56` (`created_by`),
  KEY `IDX_BD00028D25F94802` (`modified_by`),
  KEY `IDX_BD00028D1F6FA0AF` (`deleted_by`),
  KEY `fk_datablock_questions_survey1_idx` (`survey_id`),
  KEY `IDX_BD00028DF9AE3580` (`datablock_id`),
  KEY `IDX_BD00028D79F0E193` (`ebi_question_id`),
  KEY `fk_datablock_questions_survey_questions1_idx` (`survey_questions_id`),
  KEY `fk_datablock_questions_factor1_idx` (`factor_id`,`deleted_at`,`datablock_id`),
  KEY `permfunc` (`ebi_question_id`,`deleted_at`,`datablock_id`),
  CONSTRAINT `FK_BD00028D1F6FA0AF` FOREIGN KEY (`deleted_by`) REFERENCES `person` (`id`),
  CONSTRAINT `FK_BD00028D25F94802` FOREIGN KEY (`modified_by`) REFERENCES `person` (`id`),
  CONSTRAINT `FK_BD00028D79F0E193` FOREIGN KEY (`ebi_question_id`) REFERENCES `ebi_question` (`id`),
  CONSTRAINT `FK_BD00028DB3FE509D` FOREIGN KEY (`survey_id`) REFERENCES `survey` (`id`),
  CONSTRAINT `FK_BD00028DBC88C1A3` FOREIGN KEY (`factor_id`) REFERENCES `factor` (`id`),
  CONSTRAINT `FK_BD00028DCC63389E` FOREIGN KEY (`survey_questions_id`) REFERENCES `survey_questions` (`id`),
  CONSTRAINT `FK_BD00028DDE12AB56` FOREIGN KEY (`created_by`) REFERENCES `person` (`id`),
  CONSTRAINT `FK_BD00028DF9AE3580` FOREIGN KEY (`datablock_id`) REFERENCES `datablock_master` (`id`)
) ENGINE=InnoDB DEFAULT CHARSET=utf8 COLLATE=utf8_unicode_ci;
/*!40101 SET character_set_client = @saved_cs_client */;

--
-- Dumping data for table `datablock_questions`
--

LOCK TABLES `datablock_questions` WRITE;
/*!40000 ALTER TABLE `datablock_questions` DISABLE KEYS */;
/*!40000 ALTER TABLE `datablock_questions` ENABLE KEYS */;
UNLOCK TABLES;

--
-- Table structure for table `datablock_ui`
--

DROP TABLE IF EXISTS `datablock_ui`;
/*!40101 SET @saved_cs_client     = @@character_set_client */;
/*!40101 SET character_set_client = utf8 */;
CREATE TABLE `datablock_ui` (
  `id` int(11) NOT NULL AUTO_INCREMENT,
  `created_by` int(11) DEFAULT NULL,
  `created_at` datetime DEFAULT NULL,
  `modified_by` int(11) DEFAULT NULL,
  `modified_at` datetime DEFAULT NULL,
  `deleted_by` int(11) DEFAULT NULL,
  `deleted_at` datetime DEFAULT NULL,
  `key` varchar(45) COLLATE utf8_unicode_ci DEFAULT NULL,
  `ui_feature_name` varchar(100) COLLATE utf8_unicode_ci DEFAULT NULL,
  PRIMARY KEY (`id`)
) ENGINE=InnoDB AUTO_INCREMENT=13 DEFAULT CHARSET=utf8 COLLATE=utf8_unicode_ci;
/*!40101 SET character_set_client = @saved_cs_client */;

--
-- Dumping data for table `datablock_ui`
--

LOCK TABLES `datablock_ui` WRITE;
/*!40000 ALTER TABLE `datablock_ui` DISABLE KEYS */;
INSERT INTO `datablock_ui` VALUES
(1,NULL,NULL,NULL,NULL,NULL,NULL,'ProfileBlockUI','ProfileBlockUI'),
(2,NULL,NULL,NULL,NULL,NULL,NULL,NULL,NULL),
(3,NULL,NULL,NULL,NULL,NULL,NULL,NULL,NULL),
(4,NULL,NULL,NULL,NULL,NULL,NULL,NULL,NULL),
(5,NULL,NULL,NULL,NULL,NULL,NULL,NULL,NULL),
(6,NULL,NULL,NULL,NULL,NULL,NULL,NULL,NULL),
(7,NULL,NULL,NULL,NULL,NULL,NULL,NULL,NULL),
(8,NULL,NULL,NULL,NULL,NULL,NULL,NULL,NULL),
(9,NULL,NULL,NULL,NULL,NULL,NULL,NULL,NULL),
(10,NULL,NULL,NULL,NULL,NULL,NULL,NULL,NULL),
(11,NULL,NULL,NULL,NULL,NULL,NULL,NULL,NULL),
(12,NULL,NULL,NULL,NULL,NULL,NULL,NULL,NULL);
/*!40000 ALTER TABLE `datablock_ui` ENABLE KEYS */;
UNLOCK TABLES;

--
-- Table structure for table `ebi_config`
--

DROP TABLE IF EXISTS `ebi_config`;
/*!40101 SET @saved_cs_client     = @@character_set_client */;
/*!40101 SET character_set_client = utf8 */;
CREATE TABLE `ebi_config` (
  `id` int(11) NOT NULL AUTO_INCREMENT,
  `created_by` int(11) DEFAULT NULL,
  `created_at` datetime DEFAULT NULL,
  `modified_by` int(11) DEFAULT NULL,
  `modified_at` datetime DEFAULT NULL,
  `deleted_by` int(11) DEFAULT NULL,
  `deleted_at` datetime DEFAULT NULL,
  `key` varchar(100) COLLATE utf8_unicode_ci DEFAULT NULL,
  `value` varchar(2000) COLLATE utf8_unicode_ci DEFAULT NULL,
  PRIMARY KEY (`id`)
) ENGINE=InnoDB AUTO_INCREMENT=60 DEFAULT CHARSET=utf8 COLLATE=utf8_unicode_ci;
/*!40101 SET character_set_client = @saved_cs_client */;

--
-- Dumping data for table `ebi_config`
--

LOCK TABLES `ebi_config` WRITE;
/*!40000 ALTER TABLE `ebi_config` DISABLE KEYS */;
INSERT INTO `ebi_config` VALUES
(1,NULL,NULL,NULL,NULL,NULL,NULL,'Coordinator_First_Password_Expiry_Hrs','0'),
(2,NULL,NULL,NULL,NULL,NULL,NULL,'Coordinator_Support_Helpdesk_Email_Address','support@map-works.com'),
(3,NULL,NULL,NULL,NULL,NULL,NULL,'Staff_Support_Helpdesk_Email_Address','support@map-works.com'),
(4,NULL,NULL,NULL,NULL,NULL,NULL,'Coordinator_Activation_URL_Prefix','http://localhost:9090/#/activatecoordinator/'),
(5,NULL,NULL,NULL,NULL,NULL,NULL,'Staff_Activation_URL_Prefix','http://localhost:9090/#/activate/'),
(6,NULL,NULL,NULL,NULL,NULL,NULL,'Staff_First_Password_Expiry_Hrs','24'),
(7,NULL,NULL,NULL,NULL,NULL,NULL,'Coordinator_Reset_Password_Expiry_Hrs','24'),
(8,NULL,NULL,NULL,NULL,NULL,NULL,'Staff_Reset_Password_Expiry_Hrs','24'),
(9,NULL,NULL,NULL,NULL,NULL,NULL,'Student_Reset_Password_Expiry_Hrs','24'),
(10,NULL,NULL,NULL,NULL,NULL,NULL,'System_URL','http://localhost:9090/'),
(11,NULL,NULL,NULL,NULL,NULL,NULL,'Coordinator_ResetPwd_URL_Prefix','http://localhost:9090/#/resetPassword/'),
(12,NULL,NULL,NULL,NULL,NULL,NULL,'Staff_ResetPwd_URL_Prefix','http://localhost:9090/#/resetPassword/'),
(13,NULL,NULL,NULL,NULL,NULL,NULL,'StaffDashboard_AppointmentPage','http://localhost:9090/#/viewstaffcalendars/'),
(14,NULL,NULL,NULL,NULL,NULL,NULL,'StudentDashboard_AppointmentPage','http://localhost:9090/#/student-agenda'),
(15,NULL,NULL,NULL,NULL,NULL,NULL,'HIGH_RISK_DEFINITION_RISK_LEVEL','1,2'),
(16,NULL,NULL,NULL,NULL,NULL,NULL,'TOTALSTUDENTS_RISK_LEVEL','1,2,3,4'),
(17,NULL,NULL,NULL,NULL,NULL,NULL,'Staff_ReferralPage','http://localhost:9090/#/dashboard/'),
(18,NULL,NULL,NULL,NULL,NULL,NULL,'Ebi_Lang','1'),
(19,NULL,NULL,NULL,NULL,NULL,NULL,'AWS_Key','AKIAJJWBI4AF5T4VLVSA'),
(20,NULL,NULL,NULL,NULL,NULL,NULL,'AWS_Secret','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'),
(21,NULL,NULL,NULL,NULL,NULL,NULL,'AWS_Region','us-east-1'),
(22,NULL,NULL,NULL,NULL,NULL,NULL,'AWS_Bucket','mapworks-uat'),
(23,NULL,NULL,NULL,NULL,NULL,NULL,'AWS_Get_Expire_Time','600'),
(24,NULL,NULL,NULL,NULL,NULL,NULL,'AWS_Put_Expire_Time','1800'),
(25,NULL,NULL,NULL,NULL,NULL,NULL,'Academic_Update_Reminder_to_Faculty','http://localhost:9090/#/academic-updates/update/'),
(26,NULL,NULL,NULL,NULL,NULL,NULL,'Academic_Update_View_URL','http://localhost:9090/#/academic-updates/update/'),
(27,NULL,NULL,NULL,NULL,NULL,NULL,'Coordinator_Support_Helpdesk_Phone_Number','(888) MAP-WORKS (888-862-7967)'),
(28,NULL,NULL,NULL,NULL,NULL,NULL,'Training_Site_URL','https://$$Sub_Domain$$-training.skyfactor.com'),
(29,NULL,NULL,NULL,NULL,NULL,NULL,'cohort_ids',NULL),
(30,NULL,NULL,NULL,NULL,NULL,NULL,'WESS_SERVER_URL ','http://wess-ws-1.internal.mnv-tech.com/'),
(31,NULL,NULL,NULL,NULL,NULL,NULL,'Staff_Dashboard_Appointment_Module','http://localhost:9090/#/schedule'),
(32,NULL,NULL,NULL,NULL,NULL,NULL,'Risk_Source_Types','profile, surveyquestion, surveyfactor, ISP, ISQ, questionbank'),
(33,NULL,NULL,NULL,NULL,NULL,NULL,'Audit_Entities','[\"Synapse\\\\CoreBundle\\\\Entity\\\\OrgFeatures\"]'),
(34,NULL,NULL,NULL,NULL,NULL,NULL,'MultiCampus_Change_Request','http://localhost:9090/'),
(35,NULL,NULL,NULL,NULL,NULL,NULL,'Sandbox_Site_URL','https://$$Sub_Domain$$-sandbox.skyfactor.com'),
(36,NULL,NULL,NULL,NULL,NULL,NULL,'System_Admin_URL','http://synapse-qa-admin.mnv-tech.com/'),
(37,NULL,NULL,NULL,NULL,NULL,NULL,'Student_Survey_Url','http://wess-dev-1.internal.skyfactor.com'),
(38,NULL,NULL,NULL,NULL,NULL,NULL,'Email_Login_Landing_Page','http://localhost:9090/#/login/'),
(39,NULL,NULL,NULL,NULL,NULL,NULL,'Student_Support_Helpdesk_Email_Address','support@map-works.com'),
(40,NULL,NULL,NULL,NULL,NULL,NULL,'Student_ResetPwd_URL_Prefix','http://localhost:9090/#/resetPassword/'),
(41,NULL,NULL,NULL,NULL,NULL,NULL,'Course_Upload_Remove_Definition_ColumnName','Remove'),
(42,NULL,NULL,NULL,NULL,NULL,NULL,'Course_Upload_Remove_Definition_Type','Text'),
(43,NULL,NULL,NULL,NULL,NULL,NULL,'Course_Upload_Remove_Definition_Desc','\"Remove\" to be added to remove the record (case sensitive)'),
(44,NULL,NULL,NULL,NULL,NULL,NULL,'Student_Upload_PrimaryConn_Definition_ColumnName','PrimaryConnect'),
(45,NULL,NULL,NULL,NULL,NULL,NULL,'Student_Upload_PrimaryConn_Definition_Type','string'),
(46,NULL,NULL,NULL,NULL,NULL,NULL,'Student_Upload_PrimaryConn_Definition_Desc','(Optional)Campus Faculty/StaffID for this student PrimaryDirectConnect'),
(47,NULL,NULL,NULL,NULL,NULL,NULL,'Student_Upload_RiskGroup_Definition_ColumnName','RiskGroupID'),
(48,NULL,NULL,NULL,NULL,NULL,NULL,'Student_Upload_RiskGroup_Definition_Type','number'),
(49,NULL,NULL,NULL,NULL,NULL,NULL,'Student_Upload_RiskGroup_Definition_Desc','Please see the Risk tab in Set Up for available risk groups and the risk group IDs'),
(50,NULL,NULL,NULL,NULL,NULL,NULL,'Ebi_Upload_Dir','risk_uploads,talking_points,roaster_uploads,survey_uploads,talking_points_uploads,factor_uploads'),
(51,NULL,NULL,NULL,NULL,NULL,NULL,'SubGroup_Upload_ParentGroup_ColumnName','Parent_Group_ID'),
(52,NULL,NULL,NULL,NULL,NULL,NULL,'SubGroup_Upload_ParentGroup_ColumnType','Integer'),
(53,NULL,NULL,NULL,NULL,NULL,NULL,'GroupFaculty_Upload_PermissionSet_ColumnName','Permission_Set'),
(54,NULL,NULL,NULL,NULL,NULL,NULL,'GroupFaculty_Upload_PermissionSet_ColumnType','String'),
(55,NULL,NULL,NULL,NULL,NULL,NULL,'GroupFaculty_Upload_PermissionSet_ColumnLength','100'),
(56,NULL,NULL,NULL,NULL,NULL,NULL,'Student_Uploads_Queue','StudentUploadI,StudentUploadII,StudentUploadIII,StudentUploadIV,StudentUploadV'),
(57,NULL,NULL,NULL,NULL,NULL,NULL,'Upload_Queues','[\"q1\"]'),
(58,NULL,'2015-11-11 16:17:00',NULL,'2015-11-11 16:17:00',NULL,NULL,'Disabled_TP_Orgs',NULL),
(59,NULL,NULL,NULL,NULL,NULL,NULL,'Skyfactor_Admin_Activation_URL_Prefix','http://synapse-qa-admin.mnv-tech.com/#/createPassword/');
/*!40000 ALTER TABLE `ebi_config` ENABLE KEYS */;
UNLOCK TABLES;

--
-- Table structure for table `ebi_metadata`
--

DROP TABLE IF EXISTS `ebi_metadata`;
/*!40101 SET @saved_cs_client     = @@character_set_client */;
/*!40101 SET character_set_client = utf8 */;
CREATE TABLE `ebi_metadata` (
  `id` int(11) NOT NULL AUTO_INCREMENT,
  `created_by` int(11) DEFAULT NULL,
  `modified_by` int(11) DEFAULT NULL,
  `deleted_by` int(11) DEFAULT NULL,
  `created_at` datetime DEFAULT NULL,
  `modified_at` datetime DEFAULT NULL,
  `deleted_at` datetime DEFAULT NULL,
  `meta_key` varchar(50) COLLATE utf8_unicode_ci DEFAULT NULL,
  `definition_type` varchar(1) COLLATE utf8_unicode_ci DEFAULT NULL,
  `metadata_type` varchar(1) COLLATE utf8_unicode_ci DEFAULT NULL,
  `no_of_decimals` int(11) DEFAULT NULL,
  `is_required` tinyint(1) DEFAULT NULL,
  `min_range` decimal(15,4) DEFAULT NULL,
  `max_range` decimal(15,4) DEFAULT NULL,
  `entity` varchar(10) COLLATE utf8_unicode_ci DEFAULT NULL,
  `sequence` int(11) DEFAULT NULL,
  `meta_group` varchar(2) COLLATE utf8_unicode_ci DEFAULT NULL,
  `scope` varchar(1) COLLATE utf8_unicode_ci DEFAULT NULL,
  `status` enum('active','archived') COLLATE utf8_unicode_ci DEFAULT NULL,
  PRIMARY KEY (`id`),
  KEY `IDX_69B3B8EEDE12AB56` (`created_by`),
  KEY `IDX_69B3B8EE25F94802` (`modified_by`),
  KEY `IDX_69B3B8EE1F6FA0AF` (`deleted_by`),
  KEY `EM_metakey` (`meta_key`),
  KEY `modified` (`modified_at`,`created_at`),
  CONSTRAINT `FK_69B3B8EE1F6FA0AF` FOREIGN KEY (`deleted_by`) REFERENCES `person` (`id`),
  CONSTRAINT `FK_69B3B8EE25F94802` FOREIGN KEY (`modified_by`) REFERENCES `person` (`id`),
  CONSTRAINT `FK_69B3B8EEDE12AB56` FOREIGN KEY (`created_by`) REFERENCES `person` (`id`)
) ENGINE=InnoDB AUTO_INCREMENT=89 DEFAULT CHARSET=utf8 COLLATE=utf8_unicode_ci;
/*!40101 SET character_set_client = @saved_cs_client */;

--
-- Dumping data for table `ebi_metadata`
--

LOCK TABLES `ebi_metadata` WRITE;
/*!40000 ALTER TABLE `ebi_metadata` DISABLE KEYS */;
INSERT INTO `ebi_metadata` VALUES
(1,NULL,NULL,NULL,'2015-05-06 20:35:46','2015-05-06 20:35:46',NULL,'Gender','E','S',NULL,NULL,NULL,NULL,NULL,1,NULL,'N',NULL),
(2,NULL,NULL,NULL,'2015-05-06 20:37:45','2015-05-06 20:37:45',NULL,'BirthYear','E','N',0,NULL,1945.0000,2005.0000,NULL,2,NULL,'N',NULL),
(3,NULL,NULL,NULL,'2015-05-06 20:38:58','2015-05-06 20:38:58',NULL,'MiddleName','E','T',NULL,NULL,NULL,NULL,NULL,3,NULL,'N',NULL),
(4,NULL,NULL,NULL,'2015-05-06 20:40:25','2015-05-06 20:40:25',NULL,'RaceEthnicity','E','S',NULL,NULL,NULL,NULL,NULL,4,NULL,'N',NULL),
(5,NULL,NULL,NULL,'2015-05-06 20:41:18','2015-05-06 20:41:18',NULL,'StateInOut','E','S',NULL,NULL,NULL,NULL,NULL,5,NULL,'N',NULL),
(6,NULL,NULL,NULL,'2015-05-06 20:42:26','2015-05-06 20:42:26',NULL,'InternationalStudent','E','S',NULL,NULL,NULL,NULL,NULL,6,NULL,'N',NULL),
(7,NULL,NULL,NULL,'2015-05-06 20:43:03','2015-05-06 20:43:03',NULL,'CampusCountry','E','T',NULL,NULL,NULL,NULL,NULL,7,NULL,'N',NULL),
(8,NULL,NULL,NULL,'2015-05-06 20:43:15','2015-05-06 20:43:15',NULL,'CampusAddress','E','T',NULL,NULL,NULL,NULL,NULL,8,NULL,'N',NULL),
(9,NULL,NULL,NULL,'2015-05-06 20:43:32','2015-05-06 20:43:32',NULL,'CampusCity','E','T',NULL,NULL,NULL,NULL,NULL,9,NULL,'N',NULL),
(10,NULL,NULL,NULL,'2015-05-06 20:43:46','2015-05-06 20:43:46',NULL,'CampusState','E','T',NULL,NULL,NULL,NULL,NULL,10,NULL,'N',NULL),
(11,NULL,NULL,NULL,'2015-05-06 20:44:56','2015-05-06 20:44:56',NULL,'CampusZip','E','T',NULL,NULL,NULL,NULL,NULL,11,NULL,'N',NULL),
(12,NULL,NULL,NULL,'2015-05-06 20:46:37','2015-05-19 17:39:49',NULL,'FAFSASubmitted','E','S',NULL,NULL,NULL,NULL,NULL,12,NULL,'Y',NULL),
(13,NULL,NULL,NULL,'2015-05-06 20:47:16','2015-05-19 17:40:02',NULL,'PellEligible','E','S',NULL,NULL,NULL,NULL,NULL,13,NULL,'Y',NULL),
(14,NULL,NULL,NULL,'2015-05-06 20:47:58','2015-05-19 17:40:12',NULL,'EFC','E','N',0,NULL,0.0000,NULL,NULL,14,NULL,'Y',NULL),
(15,NULL,NULL,NULL,'2015-05-06 20:48:20','2015-05-19 17:41:08',NULL,'UnmetNeed','E','N',0,NULL,0.0000,NULL,NULL,15,NULL,'Y',NULL),
(16,NULL,NULL,NULL,'2015-05-06 20:50:04','2015-05-19 17:40:35',NULL,'FedAidRecieved','E','S',NULL,NULL,NULL,NULL,NULL,16,NULL,'Y',NULL),
(17,NULL,NULL,NULL,'2015-05-06 20:51:45','2015-05-06 20:51:45',NULL,'GuardianEdLevel','E','S',NULL,NULL,NULL,NULL,NULL,17,NULL,'N',NULL),
(18,NULL,NULL,NULL,'2015-05-06 20:54:38','2015-05-06 20:54:38',NULL,'FirstGenStudent','E','S',NULL,NULL,NULL,NULL,NULL,18,NULL,'N',NULL),
(19,NULL,NULL,NULL,'2015-05-06 20:55:26','2015-05-06 20:55:26',NULL,'MilitaryBenefitsUS','E','S',NULL,NULL,NULL,NULL,NULL,19,NULL,'N',NULL),
(20,NULL,NULL,NULL,'2015-05-06 20:57:33','2015-05-06 20:57:33',NULL,'MilitaryServedUS','E','S',NULL,NULL,NULL,NULL,NULL,20,NULL,'N',NULL),
(21,NULL,NULL,NULL,'2015-05-06 21:01:10','2015-05-06 21:01:10',NULL,'HighSchoolNumber','E','S',NULL,NULL,NULL,NULL,NULL,21,NULL,'N',NULL),
(22,NULL,NULL,NULL,'2015-05-06 21:01:58','2015-05-06 21:01:58',NULL,'HighSchoolGPA','E','N',2,NULL,0.0000,NULL,NULL,22,NULL,'N',NULL),
(23,NULL,NULL,NULL,'2015-05-06 21:02:23','2015-05-06 21:02:23',NULL,'HighSchoolPercentile','E','N',2,NULL,0.0000,NULL,NULL,23,NULL,'N',NULL),
(24,NULL,NULL,NULL,'2015-05-06 21:03:08','2015-05-06 21:03:08',NULL,'HighSchoolGradYear','E','N',0,NULL,0.0000,NULL,NULL,24,NULL,'N',NULL),
(25,NULL,NULL,NULL,'2015-05-06 21:03:46','2015-05-06 21:03:46',NULL,'ACTComposite','E','N',2,NULL,0.0000,36.0000,NULL,25,NULL,'N',NULL),
(26,NULL,NULL,NULL,'2015-05-06 21:04:07','2015-05-06 21:04:07',NULL,'ACTEnglish','E','N',2,NULL,0.0000,36.0000,NULL,26,NULL,'N',NULL),
(27,NULL,NULL,NULL,'2015-05-06 21:04:28','2015-05-06 21:04:28',NULL,'ACTMath','E','N',2,NULL,0.0000,36.0000,NULL,27,NULL,'N',NULL),
(28,NULL,NULL,NULL,'2015-05-06 21:04:45','2015-05-06 21:04:45',NULL,'ACTWriting','E','N',2,NULL,0.0000,36.0000,NULL,28,NULL,'N',NULL),
(29,NULL,NULL,NULL,'2015-05-06 21:05:01','2015-05-06 21:05:01',NULL,'ACTScience','E','N',2,NULL,0.0000,36.0000,NULL,29,NULL,'N',NULL),
(30,NULL,NULL,NULL,'2015-05-06 21:05:18','2015-05-06 21:05:18',NULL,'ACTReading','E','N',2,NULL,0.0000,36.0000,NULL,30,NULL,'N',NULL),
(31,NULL,NULL,NULL,'2015-05-06 21:06:12','2015-05-19 17:36:51',NULL,'SATComposite','E','N',2,NULL,0.0000,800.0000,NULL,32,NULL,'N',NULL),
(32,NULL,NULL,NULL,'2015-05-06 21:06:29','2015-05-19 20:02:37','2015-05-19 20:02:37','SATEnglish','E','N',2,NULL,0.0000,800.0000,NULL,NULL,NULL,'N',NULL),
(33,NULL,NULL,NULL,'2015-05-06 21:06:44','2015-05-19 17:35:53',NULL,'SATMath','E','N',2,NULL,0.0000,800.0000,NULL,31,NULL,'N',NULL),
(34,NULL,NULL,NULL,'2015-05-06 21:07:03','2015-05-19 17:36:51',NULL,'SATWriting','E','N',2,NULL,0.0000,800.0000,NULL,33,NULL,'N',NULL),
(35,NULL,NULL,NULL,'2015-05-06 21:07:25','2015-05-19 17:36:51',NULL,'SAT CriticalRead','E','N',2,NULL,0.0000,800.0000,NULL,34,NULL,'N',NULL),
(36,NULL,NULL,NULL,'2015-05-06 21:08:04','2015-05-19 17:36:51',NULL,'COMPASSPreAlgebra','E','N',2,NULL,0.0000,NULL,NULL,35,NULL,'N',NULL),
(37,NULL,NULL,NULL,'2015-05-06 21:08:21','2015-05-19 17:36:51',NULL,'COMPASSAlgebra','E','N',2,NULL,0.0000,NULL,NULL,36,NULL,'N',NULL),
(38,NULL,NULL,NULL,'2015-05-06 21:08:44','2015-05-19 17:36:51',NULL,'COMPASSCollegeAlgebra','E','N',2,NULL,0.0000,NULL,NULL,37,NULL,'N',NULL),
(39,NULL,NULL,NULL,'2015-05-06 21:08:59','2015-05-19 17:36:51',NULL,'COMPASSGeometry','E','N',2,NULL,0.0000,NULL,NULL,38,NULL,'N',NULL),
(40,NULL,NULL,NULL,'2015-05-06 21:09:20','2015-05-19 17:36:51',NULL,'COMPASSTrig','E','N',2,NULL,0.0000,NULL,NULL,39,NULL,'N',NULL),
(41,NULL,NULL,NULL,'2015-05-06 21:10:22','2015-05-19 17:36:51',NULL,'COMPASSWriting','E','N',2,NULL,0.0000,NULL,NULL,40,NULL,'N',NULL),
(42,NULL,NULL,NULL,'2015-05-06 21:10:44','2015-05-19 17:36:51',NULL,'COMPASSReading','E','N',2,NULL,0.0000,NULL,NULL,41,NULL,'N',NULL),
(43,NULL,NULL,NULL,'2015-05-06 21:11:41','2015-05-19 17:36:51',NULL,'COMPASSESL','E','N',2,NULL,0.0000,NULL,NULL,42,NULL,'N',NULL),
(44,NULL,NULL,NULL,'2015-05-06 21:12:37','2015-05-19 17:36:51',NULL,'ACCUPLACERSentence','E','N',2,NULL,0.0000,NULL,NULL,43,NULL,'N',NULL),
(45,NULL,NULL,NULL,'2015-05-06 21:13:01','2015-05-19 17:36:51',NULL,'ACCUPLACERArithmetic','E','N',2,NULL,0.0000,NULL,NULL,44,NULL,'N',NULL),
(46,NULL,NULL,NULL,'2015-05-06 21:13:18','2015-05-19 17:36:51',NULL,'ACCUPLACERAlgebra','E','N',2,NULL,0.0000,NULL,NULL,45,NULL,'N',NULL),
(47,NULL,NULL,NULL,'2015-05-06 21:13:35','2015-05-19 17:36:51',NULL,'ACCUPLACERReading','E','N',2,NULL,0.0000,NULL,NULL,46,NULL,'N',NULL),
(48,NULL,NULL,NULL,'2015-05-06 21:14:25','2015-05-19 17:36:51',NULL,'ApplicationDate','E','D',NULL,NULL,NULL,NULL,NULL,47,NULL,'N',NULL),
(49,NULL,NULL,NULL,'2015-05-06 21:14:44','2015-05-19 17:36:51',NULL,'AdmissionDate','E','D',NULL,NULL,NULL,NULL,NULL,48,NULL,'N',NULL),
(50,NULL,NULL,NULL,'2015-05-06 21:15:34','2015-05-19 17:36:51',NULL,'AcceptDate','E','D',NULL,NULL,NULL,NULL,NULL,49,NULL,'N',NULL),
(51,NULL,NULL,NULL,'2015-05-06 21:15:55','2015-05-19 17:36:51',NULL,'OrientationDate','E','D',NULL,NULL,NULL,NULL,NULL,50,NULL,'N',NULL),
(52,NULL,NULL,NULL,'2015-05-06 21:16:55','2015-05-19 17:36:51',NULL,'EnrollYear','E','N',0,NULL,0.0000,NULL,NULL,51,NULL,'N',NULL),
(53,NULL,NULL,NULL,'2015-05-06 21:17:17','2015-05-19 17:36:51',NULL,'EnrollTerm','E','T',NULL,NULL,NULL,NULL,NULL,52,NULL,'N',NULL),
(54,NULL,NULL,NULL,'2015-05-06 21:17:48','2015-05-19 17:36:51',NULL,'EnrollType','E','S',NULL,NULL,NULL,NULL,NULL,53,NULL,'N',NULL),
(55,NULL,NULL,NULL,'2015-05-06 21:18:19','2015-05-19 17:36:51',NULL,'DegreeSeeking','E','S',NULL,NULL,NULL,NULL,NULL,54,NULL,'N',NULL),
(56,NULL,NULL,NULL,'2015-05-06 21:20:15','2015-05-19 17:36:51',NULL,'ClassLevel','E','S',NULL,NULL,NULL,NULL,NULL,55,NULL,'N',NULL),
(57,NULL,NULL,NULL,'2015-05-06 21:22:13','2015-05-19 17:36:51',NULL,'MajorCIP','E','T',NULL,NULL,NULL,NULL,NULL,56,NULL,'N',NULL),
(58,NULL,NULL,NULL,'2015-05-06 21:24:09','2015-05-19 17:36:51',NULL,'ProgramOnline','E','S',NULL,NULL,NULL,NULL,NULL,57,NULL,'N',NULL),
(59,NULL,NULL,NULL,'2015-05-06 21:24:52','2015-05-19 17:36:51',NULL,'HonorsStudent','E','S',NULL,NULL,NULL,NULL,NULL,58,NULL,'N',NULL),
(60,NULL,NULL,NULL,'2015-05-06 21:25:20','2015-05-19 17:36:51',NULL,'AthleteStudent','E','S',NULL,NULL,NULL,NULL,NULL,59,NULL,'N',NULL),
(61,NULL,NULL,NULL,'2015-05-06 21:25:51','2015-05-19 17:36:51',NULL,'AthleteScholarship','E','S',NULL,NULL,NULL,NULL,NULL,60,NULL,'N',NULL),
(62,NULL,NULL,NULL,'2015-05-06 21:30:45','2015-05-19 17:36:51',NULL,'AthleteSport','E','S',NULL,NULL,NULL,NULL,NULL,61,NULL,'N',NULL),
(63,NULL,NULL,NULL,'2015-05-06 21:32:09','2015-05-19 17:36:51',NULL,'IPEDSCohort','E','S',NULL,NULL,NULL,NULL,NULL,62,NULL,'Y',NULL),
(64,NULL,NULL,NULL,'2015-05-06 21:34:11','2015-05-19 17:36:51',NULL,'RetentionTrack','E','S',NULL,NULL,NULL,NULL,NULL,63,NULL,'Y',NULL),
(65,NULL,NULL,NULL,'2015-05-06 21:34:48','2015-05-19 17:36:51',NULL,'PersistMidYear','E','S',NULL,NULL,NULL,NULL,NULL,64,NULL,'Y',NULL),
(66,NULL,NULL,NULL,'2015-05-06 21:36:20','2015-05-19 17:36:51',NULL,'RetainYear2','E','S',NULL,NULL,NULL,NULL,NULL,65,NULL,'Y',NULL),
(67,NULL,NULL,NULL,'2015-05-06 21:37:12','2015-05-19 17:36:51',NULL,'RetainYear3','E','S',NULL,NULL,NULL,NULL,NULL,66,NULL,'Y',NULL),
(68,NULL,NULL,NULL,'2015-05-06 21:38:22','2015-05-19 17:36:51',NULL,'Complete1yrsorless','E','S',NULL,NULL,NULL,NULL,NULL,67,NULL,'Y',NULL),
(69,NULL,NULL,NULL,'2015-05-06 21:39:22','2015-05-19 17:36:51',NULL,'Complete2yrsorless','E','S',NULL,NULL,NULL,NULL,NULL,68,NULL,'Y',NULL),
(70,NULL,NULL,NULL,'2015-05-06 21:39:43','2015-05-19 17:36:51',NULL,'Complete3yrsorless','E','S',NULL,NULL,NULL,NULL,NULL,69,NULL,'Y',NULL),
(71,NULL,NULL,NULL,'2015-05-06 21:40:15','2015-05-19 17:36:51',NULL,'Complete4yrsorless','E','S',NULL,NULL,NULL,NULL,NULL,70,NULL,'Y',NULL),
(72,NULL,NULL,NULL,'2015-05-06 21:40:39','2015-05-19 17:36:51',NULL,'Complete5yrsorless','E','S',NULL,NULL,NULL,NULL,NULL,71,NULL,'Y',NULL),
(73,NULL,NULL,NULL,'2015-05-06 21:40:59','2015-05-19 17:36:51',NULL,'Complete6yrsorless','E','S',NULL,NULL,NULL,NULL,NULL,72,NULL,'Y',NULL),
(74,NULL,NULL,NULL,'2015-05-06 21:42:14','2015-05-19 17:36:51',NULL,'LevelofCompletion','E','S',NULL,NULL,NULL,NULL,NULL,73,NULL,'Y',NULL),
(75,NULL,NULL,NULL,'2015-05-06 21:42:49','2015-05-19 17:36:51',NULL,'PreYearCredTotal','E','N',2,NULL,0.0000,NULL,NULL,74,NULL,'Y',NULL),
(76,NULL,NULL,NULL,'2015-05-06 21:43:07','2015-05-19 17:36:51',NULL,'PreYearRemCredEarned','E','N',2,NULL,0.0000,NULL,NULL,75,NULL,'Y',NULL),
(77,NULL,NULL,NULL,'2015-05-06 21:43:33','2015-05-19 17:36:51',NULL,'PreYearCumGPA','E','N',2,NULL,0.0000,NULL,NULL,76,NULL,'Y',NULL),
(78,NULL,NULL,NULL,'2015-05-06 21:44:25','2015-05-19 17:36:51',NULL,'EnrollTimeStatus','E','S',NULL,NULL,NULL,NULL,NULL,77,NULL,'T',NULL),
(79,NULL,NULL,NULL,'2015-05-06 21:45:02','2015-05-19 17:36:51',NULL,'CampusResident','E','S',NULL,NULL,NULL,NULL,NULL,78,NULL,'T',NULL),
(80,NULL,NULL,NULL,'2015-05-06 21:45:44','2015-05-19 17:36:51',NULL,'StartTermCredTotal','E','N',2,NULL,0.0000,NULL,NULL,79,NULL,'T',NULL),
(81,NULL,NULL,NULL,'2015-05-06 21:46:09','2015-05-19 17:36:51',NULL,'StartTermCredRem','E','N',2,NULL,0.0000,NULL,NULL,80,NULL,'T',NULL),
(82,NULL,NULL,NULL,'2015-05-06 21:46:57','2015-05-19 17:36:51',NULL,'MidCoursesFailing','E','S',NULL,NULL,NULL,NULL,NULL,81,NULL,'T',NULL),
(83,NULL,NULL,NULL,'2015-05-06 21:47:24','2015-05-19 17:36:51',NULL,'EndTermGPA','E','N',2,NULL,0.0000,NULL,NULL,82,NULL,'T',NULL),
(84,NULL,NULL,NULL,'2015-05-06 21:47:43','2015-05-19 17:36:51',NULL,'EndTermCreditsEarned','E','N',2,NULL,0.0000,NULL,NULL,83,NULL,'T',NULL),
(85,NULL,NULL,NULL,'2015-05-06 21:48:00','2015-05-19 17:36:51',NULL,'EndTermCumGPA','E','N',2,NULL,0.0000,NULL,NULL,84,NULL,'T',NULL),
(86,NULL,NULL,NULL,'2015-05-06 21:48:31','2015-05-19 17:36:51',NULL,'EndTermCumCreditsEarned','E','N',2,NULL,0.0000,NULL,NULL,85,NULL,'T',NULL),
(87,NULL,NULL,NULL,'2015-05-06 21:48:56','2015-05-19 17:36:51',NULL,'EndTermRemCredPass','E','N',2,NULL,0.0000,NULL,NULL,86,NULL,'T',NULL),
(88,NULL,NULL,NULL,'2015-05-06 21:50:25','2015-05-19 17:36:51',NULL,'SAP','E','S',NULL,NULL,NULL,NULL,NULL,87,NULL,'T',NULL);
/*!40000 ALTER TABLE `ebi_metadata` ENABLE KEYS */;
UNLOCK TABLES;

--
-- Table structure for table `ebi_metadata_lang`
--

DROP TABLE IF EXISTS `ebi_metadata_lang`;
/*!40101 SET @saved_cs_client     = @@character_set_client */;
/*!40101 SET character_set_client = utf8 */;
CREATE TABLE `ebi_metadata_lang` (
  `id` int(11) NOT NULL AUTO_INCREMENT,
  `created_by` int(11) DEFAULT NULL,
  `modified_by` int(11) DEFAULT NULL,
  `deleted_by` int(11) DEFAULT NULL,
  `lang_id` int(11) DEFAULT NULL,
  `ebi_metadata_id` int(11) DEFAULT NULL,
  `created_at` datetime DEFAULT NULL,
  `modified_at` datetime DEFAULT NULL,
  `deleted_at` datetime DEFAULT NULL,
  `meta_name` varchar(255) COLLATE utf8_unicode_ci DEFAULT NULL,
  `meta_description` longtext COLLATE utf8_unicode_ci,
  PRIMARY KEY (`id`),
  KEY `IDX_50297B15DE12AB56` (`created_by`),
  KEY `IDX_50297B1525F94802` (`modified_by`),
  KEY `IDX_50297B151F6FA0AF` (`deleted_by`),
  KEY `IDX_50297B15B213FA4` (`lang_id`),
  KEY `IDX_50297B15BB49FE75` (`ebi_metadata_id`),
  CONSTRAINT `FK_50297B151F6FA0AF` FOREIGN KEY (`deleted_by`) REFERENCES `person` (`id`),
  CONSTRAINT `FK_50297B1525F94802` FOREIGN KEY (`modified_by`) REFERENCES `person` (`id`),
  CONSTRAINT `FK_50297B15B213FA4` FOREIGN KEY (`lang_id`) REFERENCES `language_master` (`id`),
  CONSTRAINT `FK_50297B15BB49FE75` FOREIGN KEY (`ebi_metadata_id`) REFERENCES `ebi_metadata` (`id`),
  CONSTRAINT `FK_50297B15DE12AB56` FOREIGN KEY (`created_by`) REFERENCES `person` (`id`)
) ENGINE=InnoDB AUTO_INCREMENT=90 DEFAULT CHARSET=utf8 COLLATE=utf8_unicode_ci;
/*!40101 SET character_set_client = @saved_cs_client */;

--
-- Dumping data for table `ebi_metadata_lang`
--

LOCK TABLES `ebi_metadata_lang` WRITE;
/*!40000 ALTER TABLE `ebi_metadata_lang` DISABLE KEYS */;
INSERT INTO `ebi_metadata_lang` VALUES
(1,NULL,NULL,NULL,1,1,'2015-05-06 20:35:46','2015-05-06 20:35:46',NULL,'Gender',NULL),
(2,NULL,NULL,NULL,1,2,'2015-05-06 20:37:45','2015-05-06 20:37:45',NULL,'BirthYear','Year the student was born'),
(3,NULL,NULL,NULL,1,3,'2015-05-06 20:38:58','2015-05-06 20:38:58',NULL,'MiddleName','Middle Name (Student full legal middle name or initial)'),
(4,NULL,NULL,NULL,1,4,'2015-05-06 20:40:25','2015-05-06 20:40:25',NULL,'RaceEthnicity',NULL),
(5,NULL,NULL,NULL,1,5,'2015-05-06 20:41:18','2015-05-06 20:41:18',NULL,'StateInOut',NULL),
(6,NULL,NULL,NULL,1,6,'2015-05-06 20:42:26','2015-05-06 20:42:26',NULL,'InternationalStudent',NULL),
(7,NULL,NULL,NULL,1,7,'2015-05-06 20:43:03','2015-05-06 20:43:03',NULL,'CampusCountry','Campus Country (Student campus country)'),
(8,NULL,NULL,NULL,1,8,'2015-05-06 20:43:15','2015-05-06 20:43:15',NULL,'CampusAddress','Campus Address (Student campus address)'),
(9,NULL,NULL,NULL,1,9,'2015-05-06 20:43:32','2015-05-06 20:43:32',NULL,'CampusCity','Campus City (Student campus city)'),
(10,NULL,NULL,NULL,1,10,'2015-05-06 20:43:46','2015-05-06 20:43:46',NULL,'CampusState','Campus State (Student campus state)'),
(11,NULL,NULL,NULL,1,11,'2015-05-06 20:44:56','2015-05-06 20:44:56',NULL,'CampusZip','Campus Zip Code (Student campus zip code)'),
(12,NULL,NULL,NULL,1,12,'2015-05-06 20:46:37','2015-05-07 12:40:47',NULL,'FAFSASubmitted',''),
(13,NULL,NULL,NULL,1,13,'2015-05-06 20:47:16','2015-05-19 17:40:02',NULL,'PellEligible',''),
(14,NULL,NULL,NULL,1,14,'2015-05-06 20:47:58','2015-05-06 20:47:58',NULL,'EFC','FAFSA Expected Family Contribution (EFC)'),
(15,NULL,NULL,NULL,1,15,'2015-05-06 20:48:20','2015-05-06 20:48:20',NULL,'UnmetNeed','FAFSA Unmet Need'),
(16,NULL,NULL,NULL,1,16,'2015-05-06 20:50:04','2015-05-19 17:40:35',NULL,'FedAidRecieved',''),
(17,NULL,NULL,NULL,1,17,'2015-05-06 20:51:45','2015-05-06 20:51:45',NULL,'GuardianEdLevel',NULL),
(18,NULL,NULL,NULL,1,18,'2015-05-06 20:54:38','2015-05-06 20:54:38',NULL,'FirstGenStudent',NULL),
(19,NULL,NULL,NULL,1,19,'2015-05-06 20:55:26','2015-05-07 12:46:04',NULL,'MilitaryBenefitsUS',''),
(20,NULL,NULL,NULL,1,20,'2015-05-06 20:57:33','2015-05-06 20:57:33',NULL,'MilitaryServedUS',NULL),
(21,NULL,NULL,NULL,1,21,'2015-05-06 21:01:10','2015-05-06 21:01:10',NULL,'HighSchoolNumber',NULL),
(22,NULL,NULL,NULL,1,22,'2015-05-06 21:01:58','2015-05-06 21:01:58',NULL,'HighSchoolGPA','High School Cumulative GPA'),
(23,NULL,NULL,NULL,1,23,'2015-05-06 21:02:23','2015-05-06 21:02:23',NULL,'HighSchoolPercentile','High School Class Rank'),
(24,NULL,NULL,NULL,1,24,'2015-05-06 21:03:08','2015-05-06 21:03:08',NULL,'HighSchoolGradYear','High School Completion Year'),
(25,NULL,NULL,NULL,1,25,'2015-05-06 21:03:46','2015-05-06 21:03:46',NULL,'ACTComposite','ACT Composite'),
(26,NULL,NULL,NULL,1,26,'2015-05-06 21:04:07','2015-05-06 21:04:07',NULL,'ACTEnglish','ACT English'),
(27,NULL,NULL,NULL,1,27,'2015-05-06 21:04:28','2015-05-06 21:04:28',NULL,'ACTMath','ACT Math'),
(28,NULL,NULL,NULL,1,28,'2015-05-06 21:04:45','2015-05-06 21:04:45',NULL,'ACTWriting','ACT Writing'),
(29,NULL,NULL,NULL,1,29,'2015-05-06 21:05:01','2015-05-06 21:05:01',NULL,'ACTScience','ACT Science'),
(30,NULL,NULL,NULL,1,30,'2015-05-06 21:05:18','2015-05-06 21:05:18',NULL,'ACTReading','ACT Reading'),
(31,NULL,NULL,NULL,1,31,'2015-05-06 21:06:12','2015-05-06 21:06:12',NULL,'SATComposite','SAT Composite'),
(33,NULL,NULL,NULL,1,33,'2015-05-06 21:06:44','2015-05-06 21:06:44',NULL,'SATMath','SAT Math'),
(34,NULL,NULL,NULL,1,34,'2015-05-06 21:07:03','2015-05-06 21:07:03',NULL,'SATWriting','SAT Writing'),
(35,NULL,NULL,NULL,1,35,'2015-05-06 21:07:25','2015-05-06 21:07:25',NULL,'SAT CriticalRead','SAT Critical Reading'),
(36,NULL,NULL,NULL,1,36,'2015-05-06 21:08:04','2015-05-06 21:08:04',NULL,'COMPASSPreAlgebra','COMPASS Pre Algebra'),
(37,NULL,NULL,NULL,1,37,'2015-05-06 21:08:21','2015-05-06 21:08:21',NULL,'COMPASSAlgebra','COMPASS Algebra'),
(38,NULL,NULL,NULL,1,38,'2015-05-06 21:08:44','2015-05-06 21:08:44',NULL,'COMPASSCollegeAlgebra','COMPASS College Algebra'),
(39,NULL,NULL,NULL,1,39,'2015-05-06 21:08:59','2015-05-06 21:08:59',NULL,'COMPASSGeometry','COMPASS Geometry'),
(40,NULL,NULL,NULL,1,40,'2015-05-06 21:09:20','2015-05-06 21:09:20',NULL,'COMPASSTrig','COMPASS Trigonometry'),
(41,NULL,NULL,NULL,1,41,'2015-05-06 21:10:22','2015-05-06 21:10:22',NULL,'COMPASSWriting','COMPASS Writing'),
(42,NULL,NULL,NULL,1,42,'2015-05-06 21:10:44','2015-05-06 21:10:44',NULL,'COMPASSReading','COMPASS Reading'),
(43,NULL,NULL,NULL,1,43,'2015-05-06 21:11:41','2015-05-06 21:11:41',NULL,'COMPASSESL','COMPASS ESL'),
(44,NULL,NULL,NULL,1,44,'2015-05-06 21:12:37','2015-05-06 21:12:37',NULL,'ACCUPLACERSentence','ACCUPLACER Sentence'),
(45,NULL,NULL,NULL,1,45,'2015-05-06 21:13:01','2015-05-06 21:13:01',NULL,'ACCUPLACERArithmetic','ACCUPLACER Arithmetic'),
(46,NULL,NULL,NULL,1,46,'2015-05-06 21:13:18','2015-05-06 21:13:18',NULL,'ACCUPLACERAlgebra','ACCUPLACER Algebra'),
(47,NULL,NULL,NULL,1,47,'2015-05-06 21:13:35','2015-05-06 21:13:35',NULL,'ACCUPLACERReading','ACCUPLACER Reading'),
(48,NULL,NULL,NULL,1,48,'2015-05-06 21:14:25','2015-05-06 21:14:25',NULL,'ApplicationDate','Application Date'),
(49,NULL,NULL,NULL,1,49,'2015-05-06 21:14:44','2015-05-06 21:14:44',NULL,'AdmissionDate','Admission Date'),
(50,NULL,NULL,NULL,1,50,'2015-05-06 21:15:34','2015-05-06 21:15:34',NULL,'AcceptDate','Accept Date'),
(51,NULL,NULL,NULL,1,51,'2015-05-06 21:15:55','2015-05-06 21:15:55',NULL,'OrientationDate','Orientation Date'),
(52,NULL,NULL,NULL,1,52,'2015-05-06 21:16:55','2015-05-06 21:16:55',NULL,'EnrollYear','Academic Year First Enrolled (Academic year of first term of enrollment)'),
(53,NULL,NULL,NULL,1,53,'2015-05-06 21:17:17','2015-05-06 21:17:17',NULL,'EnrollTerm','First Term Enrolled'),
(54,NULL,NULL,NULL,1,54,'2015-05-06 21:17:48','2015-05-06 21:17:48',NULL,'EnrollType',NULL),
(55,NULL,NULL,NULL,1,55,'2015-05-06 21:18:19','2015-05-06 21:18:19',NULL,'DegreeSeeking',NULL),
(56,NULL,NULL,NULL,1,56,'2015-05-06 21:20:15','2015-05-06 21:21:14',NULL,'ClassLevel',''),
(57,NULL,NULL,NULL,1,57,'2015-05-06 21:22:13','2015-05-06 21:22:13',NULL,'MajorCIP','US Academic Major CIP 4 digit (Classification of Instructional Program (CIP) 4 digit code for primary major program)'),
(58,NULL,NULL,NULL,1,58,'2015-05-06 21:24:09','2015-05-06 21:24:09',NULL,'ProgramOnline',NULL),
(59,NULL,NULL,NULL,1,59,'2015-05-06 21:24:52','2015-05-06 21:24:52',NULL,'HonorsStudent',NULL),
(60,NULL,NULL,NULL,1,60,'2015-05-06 21:25:20','2015-05-06 21:25:20',NULL,'AthleteStudent',NULL),
(61,NULL,NULL,NULL,1,61,'2015-05-06 21:25:51','2015-05-06 21:25:51',NULL,'AthleteScholarship',NULL),
(62,NULL,NULL,NULL,1,62,'2015-05-06 21:30:45','2015-05-19 17:32:01',NULL,'AthleteSport',''),
(63,NULL,NULL,NULL,1,63,'2015-05-06 21:32:09','2015-05-06 21:32:09',NULL,'IPEDSCohort',NULL),
(64,NULL,NULL,NULL,1,64,'2015-05-06 21:34:11','2015-05-06 21:35:07',NULL,'RetentionTrack',''),
(65,NULL,NULL,NULL,1,65,'2015-05-06 21:34:48','2015-05-06 21:35:21',NULL,'PersistMidYear',''),
(66,NULL,NULL,NULL,1,66,'2015-05-06 21:36:20','2015-05-06 21:37:20',NULL,'RetainYear2',''),
(67,NULL,NULL,NULL,1,67,'2015-05-06 21:37:12','2015-05-06 21:37:27',NULL,'RetainYear3',''),
(68,NULL,NULL,NULL,1,68,'2015-05-06 21:38:22','2015-05-06 21:38:22',NULL,'Complete1yrsorless',NULL),
(69,NULL,NULL,NULL,1,69,'2015-05-06 21:39:22','2015-05-06 21:39:22',NULL,'Complete2yrsorless',NULL),
(70,NULL,NULL,NULL,1,70,'2015-05-06 21:39:43','2015-05-06 21:39:43',NULL,'Complete3yrsorless',NULL),
(71,NULL,NULL,NULL,1,71,'2015-05-06 21:40:15','2015-05-06 21:40:15',NULL,'Complete4yrsorless',NULL),
(72,NULL,NULL,NULL,1,72,'2015-05-06 21:40:39','2015-05-06 21:40:39',NULL,'Complete5yrsorless',NULL),
(73,NULL,NULL,NULL,1,73,'2015-05-06 21:40:59','2015-05-06 21:40:59',NULL,'Complete6yrsorless',NULL),
(74,NULL,NULL,NULL,1,74,'2015-05-06 21:42:14','2015-05-06 21:42:14',NULL,'LevelofCompletion',NULL),
(75,NULL,NULL,NULL,1,75,'2015-05-06 21:42:49','2015-05-06 21:42:49',NULL,'PreYearCredTotal','Cumulative Credits Earned at Start of Academic Year (Cumulative non-remedial credits earned as of the start of the academic year)'),
(76,NULL,NULL,NULL,1,76,'2015-05-06 21:43:07','2015-05-06 21:43:07',NULL,'PreYearRemCredEarned','Cumulative Remedial Credits Earned at Start of Academic Year (Cumulative remedial credits earned as of the start of the academic year)'),
(77,NULL,NULL,NULL,1,77,'2015-05-06 21:43:33','2015-05-06 21:43:33',NULL,'PreYearCumGPA','Cumulative GPA at Start of Academic Year (Cumulative GPA as of the start of the academic year)'),
(78,NULL,NULL,NULL,1,78,'2015-05-06 21:44:25','2015-05-06 21:44:25',NULL,'EnrollTimeStatus',NULL),
(79,NULL,NULL,NULL,1,79,'2015-05-06 21:45:02','2015-05-06 21:45:02',NULL,'CampusResident',NULL),
(80,NULL,NULL,NULL,1,80,'2015-05-06 21:45:44','2015-05-06 21:45:44',NULL,'StartTermCredTotal','Total Credits Enrolled for Current Term at Start (Total non-remedial credits enrolled in at the start of the term)'),
(81,NULL,NULL,NULL,1,81,'2015-05-06 21:46:09','2015-05-06 21:46:09',NULL,'StartTermCredRem','Remedial Credits Enrolled at Term Start (Remedial credits enrolled in at the start of the term)'),
(82,NULL,NULL,NULL,1,82,'2015-05-06 21:46:57','2015-05-06 21:46:57',NULL,'MidCoursesFailing',NULL),
(83,NULL,NULL,NULL,1,83,'2015-05-06 21:47:24','2015-05-06 21:47:24',NULL,'EndTermGPA','End of Term GPA (Term GPA at end of current academic term)'),
(84,NULL,NULL,NULL,1,84,'2015-05-06 21:47:43','2015-05-06 21:47:43',NULL,'EndTermCreditsEarned','End of Term Credits Earned (Term credits earned at end of current academic term)'),
(85,NULL,NULL,NULL,1,85,'2015-05-06 21:48:00','2015-05-06 21:48:00',NULL,'EndTermCumGPA','Cumulative GPA at End of Term (Cumulative GPA at end of current academic term)'),
(86,NULL,NULL,NULL,1,86,'2015-05-06 21:48:31','2015-05-06 21:48:31',NULL,'EndTermCumCreditsEarned','Cumulative Credits at End of Term (Cumulative non-remedial credits earned at end of current academic term)'),
(87,NULL,NULL,NULL,1,87,'2015-05-06 21:48:56','2015-05-06 21:48:56',NULL,'EndTermRemCredPass','End of Term Remedial Credits Passed (Cumulative remedial credits earned at end of current academic term)'),
(88,NULL,NULL,NULL,1,88,'2015-05-06 21:50:25','2015-05-06 21:50:25',NULL,'SAP',NULL),
(89,NULL,NULL,NULL,1,1,NULL,NULL,NULL,'Cohort Names',NULL);
/*!40000 ALTER TABLE `ebi_metadata_lang` ENABLE KEYS */;
UNLOCK TABLES;

--
-- Table structure for table `ebi_metadata_list_values`
--

DROP TABLE IF EXISTS `ebi_metadata_list_values`;
/*!40101 SET @saved_cs_client     = @@character_set_client */;
/*!40101 SET character_set_client = utf8 */;
CREATE TABLE `ebi_metadata_list_values` (
  `id` int(11) NOT NULL AUTO_INCREMENT,
  `created_by` int(11) DEFAULT NULL,
  `modified_by` int(11) DEFAULT NULL,
  `deleted_by` int(11) DEFAULT NULL,
  `lang_id` int(11) DEFAULT NULL,
  `ebi_metadata_id` int(11) DEFAULT NULL,
  `created_at` datetime DEFAULT NULL,
  `modified_at` datetime DEFAULT NULL,
  `deleted_at` datetime DEFAULT NULL,
  `list_name` varchar(1000) COLLATE utf8_unicode_ci DEFAULT NULL,
  `list_value` varchar(255) COLLATE utf8_unicode_ci DEFAULT NULL,
  `sequence` int(11) DEFAULT NULL,
  PRIMARY KEY (`id`),
  KEY `IDX_2C2774C3DE12AB56` (`created_by`),
  KEY `IDX_2C2774C325F94802` (`modified_by`),
  KEY `IDX_2C2774C31F6FA0AF` (`deleted_by`),
  KEY `IDX_2C2774C3B213FA4` (`lang_id`),
  KEY `IDX_2C2774C3BB49FE75` (`ebi_metadata_id`),
  KEY `metadata_listname_idx` (`list_name`(250)),
  CONSTRAINT `FK_2C2774C31F6FA0AF` FOREIGN KEY (`deleted_by`) REFERENCES `person` (`id`),
  CONSTRAINT `FK_2C2774C325F94802` FOREIGN KEY (`modified_by`) REFERENCES `person` (`id`),
  CONSTRAINT `FK_2C2774C3B213FA4` FOREIGN KEY (`lang_id`) REFERENCES `language_master` (`id`),
  CONSTRAINT `FK_2C2774C3BB49FE75` FOREIGN KEY (`ebi_metadata_id`) REFERENCES `ebi_metadata` (`id`),
  CONSTRAINT `FK_2C2774C3DE12AB56` FOREIGN KEY (`created_by`) REFERENCES `person` (`id`)
) ENGINE=InnoDB AUTO_INCREMENT=273 DEFAULT CHARSET=utf8 COLLATE=utf8_unicode_ci;
/*!40101 SET character_set_client = @saved_cs_client */;

--
-- Dumping data for table `ebi_metadata_list_values`
--

LOCK TABLES `ebi_metadata_list_values` WRITE;
/*!40000 ALTER TABLE `ebi_metadata_list_values` DISABLE KEYS */;
INSERT INTO `ebi_metadata_list_values` VALUES
(1,NULL,NULL,NULL,1,1,'2015-05-06 20:35:46','2015-05-06 20:35:46',NULL,'Female','0',0),
(2,NULL,NULL,NULL,1,1,'2015-05-06 20:35:46','2015-05-06 20:35:46',NULL,'Male','1',0),
(3,NULL,NULL,NULL,1,1,'2015-05-06 20:35:46','2015-05-06 20:35:46',NULL,'Transgender','2',0),
(4,NULL,NULL,NULL,1,1,'2015-05-06 20:35:46','2015-05-06 20:35:46',NULL,'Other','3',0),
(5,NULL,NULL,NULL,1,4,'2015-05-06 20:40:25','2015-05-06 20:40:25',NULL,'Hispanic or Latino','0',0),
(6,NULL,NULL,NULL,1,4,'2015-05-06 20:40:25','2015-05-06 20:40:25',NULL,'American Indian or Alaska Native','1',0),
(7,NULL,NULL,NULL,1,4,'2015-05-06 20:40:25','2015-05-06 20:40:25',NULL,'Asian','2',0),
(8,NULL,NULL,NULL,1,4,'2015-05-06 20:40:25','2015-05-06 20:40:25',NULL,'Black or African American','3',0),
(9,NULL,NULL,NULL,1,4,'2015-05-06 20:40:25','2015-05-06 20:40:25',NULL,'Native Hawaiian or Other Pacific Islander','4',0),
(10,NULL,NULL,NULL,1,4,'2015-05-06 20:40:25','2015-05-06 20:40:25',NULL,'White','5',0),
(11,NULL,NULL,NULL,1,4,'2015-05-06 20:40:25','2015-05-06 20:40:25',NULL,'Two or more races','6',0),
(12,NULL,NULL,NULL,1,4,'2015-05-06 20:40:25','2015-05-06 20:40:25',NULL,'Nonresident Alien','7',0),
(13,NULL,NULL,NULL,1,4,'2015-05-06 20:40:25','2015-05-06 20:40:25',NULL,'Unknown','8',0),
(14,NULL,NULL,NULL,1,5,'2015-05-06 20:41:18','2015-05-06 20:41:18',NULL,'In-state','0',0),
(15,NULL,NULL,NULL,1,5,'2015-05-06 20:41:18','2015-05-06 20:41:18',NULL,'Out-of-state','1',0),
(16,NULL,NULL,NULL,1,5,'2015-05-06 20:41:18','2015-05-06 20:41:18',NULL,'Other','2',0),
(17,NULL,NULL,NULL,1,6,'2015-05-06 20:42:26','2015-05-06 20:42:26',NULL,'No','0',0),
(18,NULL,NULL,NULL,1,6,'2015-05-06 20:42:26','2015-05-06 20:42:26',NULL,'Yes','1',0),
(19,NULL,NULL,NULL,1,6,'2015-05-06 20:42:26','2015-05-06 20:42:26',NULL,'Don\'t know','2',0),
(27,NULL,NULL,NULL,1,17,'2015-05-06 20:51:46','2015-05-06 20:51:46',NULL,'High School Diploma or Less','0',0),
(28,NULL,NULL,NULL,1,17,'2015-05-06 20:51:46','2015-05-06 20:51:46',NULL,'Some College','1',0),
(29,NULL,NULL,NULL,1,17,'2015-05-06 20:51:46','2015-05-06 20:51:46',NULL,'Completed an Associate\'s degree','2',0),
(30,NULL,NULL,NULL,1,17,'2015-05-06 20:51:46','2015-05-06 20:51:46',NULL,'Completed a Bachelor\'s degree','3',0),
(31,NULL,NULL,NULL,1,17,'2015-05-06 20:51:46','2015-05-06 20:51:46',NULL,'Completed a Graduate or Professional degree','4',0),
(32,NULL,NULL,NULL,1,17,'2015-05-06 20:51:46','2015-05-06 20:51:46',NULL,'Don\'t Know or Not Applicable','5',0),
(33,NULL,NULL,NULL,1,17,'2015-05-06 20:51:46','2015-05-06 20:51:46',NULL,'Prefer Not to Answer','6',0),
(34,NULL,NULL,NULL,1,18,'2015-05-06 20:54:38','2015-05-06 20:54:38',NULL,'No','0',0),
(35,NULL,NULL,NULL,1,18,'2015-05-06 20:54:38','2015-05-06 20:54:38',NULL,'Yes','1',0),
(36,NULL,NULL,NULL,1,18,'2015-05-06 20:54:38','2015-05-06 20:54:38',NULL,'Unknown','2',0),
(40,NULL,NULL,NULL,1,20,'2015-05-06 20:57:33','2015-05-06 20:57:33',NULL,'No','0',0),
(41,NULL,NULL,NULL,1,20,'2015-05-06 20:57:33','2015-05-06 20:57:33',NULL,'Yes','1',0),
(42,NULL,NULL,NULL,1,20,'2015-05-06 20:57:33','2015-05-06 20:57:33',NULL,'Unknown','2',0),
(43,NULL,NULL,NULL,1,21,'2015-05-06 21:01:10','2015-05-06 21:01:10',NULL,'One High School','0',0),
(44,NULL,NULL,NULL,1,21,'2015-05-06 21:01:10','2015-05-06 21:01:10',NULL,'Two High Schools','1',0),
(45,NULL,NULL,NULL,1,21,'2015-05-06 21:01:10','2015-05-06 21:01:10',NULL,'Three High Schools','2',0),
(46,NULL,NULL,NULL,1,21,'2015-05-06 21:01:10','2015-05-06 21:01:10',NULL,'Four or more High Schools','3',0),
(47,NULL,NULL,NULL,1,21,'2015-05-06 21:01:10','2015-05-06 21:01:10',NULL,'Unknown','4',0),
(48,NULL,NULL,NULL,1,54,'2015-05-06 21:17:48','2015-05-06 21:17:48',NULL,'New matric','0',0),
(49,NULL,NULL,NULL,1,54,'2015-05-06 21:17:48','2015-05-06 21:17:48',NULL,'Transfer in','1',0),
(50,NULL,NULL,NULL,1,54,'2015-05-06 21:17:48','2015-05-06 21:17:48',NULL,'Re-admit','2',0),
(51,NULL,NULL,NULL,1,55,'2015-05-06 21:18:19','2015-05-06 21:18:19',NULL,'No','0',0),
(52,NULL,NULL,NULL,1,55,'2015-05-06 21:18:19','2015-05-06 21:18:19',NULL,'Yes','1',0),
(53,NULL,NULL,NULL,1,55,'2015-05-06 21:18:19','2015-05-06 21:18:19',NULL,'Unknown','2',0),
(64,NULL,NULL,NULL,1,56,'2015-05-06 21:21:14','2015-05-06 21:21:14',NULL,'1st Year/Freshman','0',0),
(65,NULL,NULL,NULL,1,56,'2015-05-06 21:21:14','2015-05-06 21:21:14',NULL,'Sophomore','1',0),
(66,NULL,NULL,NULL,1,56,'2015-05-06 21:21:14','2015-05-06 21:21:14',NULL,'Junior','2',0),
(67,NULL,NULL,NULL,1,56,'2015-05-06 21:21:14','2015-05-06 21:21:14',NULL,'Senior','3',0),
(68,NULL,NULL,NULL,1,56,'2015-05-06 21:21:14','2015-05-06 21:21:14',NULL,'Graduate Student','4',0),
(69,NULL,NULL,NULL,1,56,'2015-05-06 21:21:14','2015-05-06 21:21:14',NULL,'Professional Student','5',0),
(70,NULL,NULL,NULL,1,56,'2015-05-06 21:21:14','2015-05-06 21:21:14',NULL,'Other','6',0),
(71,NULL,NULL,NULL,1,56,'2015-05-06 21:21:14','2015-05-06 21:21:14',NULL,'Not applicable','7',0),
(72,NULL,NULL,NULL,1,56,'2015-05-06 21:21:14','2015-05-06 21:21:14',NULL,'New','8',0),
(73,NULL,NULL,NULL,1,56,'2015-05-06 21:21:14','2015-05-06 21:21:14',NULL,'Continuing','9',0),
(74,NULL,NULL,NULL,1,58,'2015-05-06 21:24:09','2015-05-06 21:24:09',NULL,'No','0',0),
(75,NULL,NULL,NULL,1,58,'2015-05-06 21:24:09','2015-05-06 21:24:09',NULL,'Yes','1',0),
(76,NULL,NULL,NULL,1,58,'2015-05-06 21:24:09','2015-05-06 21:24:09',NULL,'Unknown','2',0),
(77,NULL,NULL,NULL,1,59,'2015-05-06 21:24:52','2015-05-06 21:24:52',NULL,'No','0',0),
(78,NULL,NULL,NULL,1,59,'2015-05-06 21:24:52','2015-05-06 21:24:52',NULL,'Yes','1',0),
(79,NULL,NULL,NULL,1,59,'2015-05-06 21:24:52','2015-05-06 21:24:52',NULL,'Unknown','2',0),
(80,NULL,NULL,NULL,1,60,'2015-05-06 21:25:20','2015-05-06 21:25:20',NULL,'No','0',0),
(81,NULL,NULL,NULL,1,60,'2015-05-06 21:25:20','2015-05-06 21:25:20',NULL,'Yes','1',0),
(82,NULL,NULL,NULL,1,61,'2015-05-06 21:25:51','2015-05-06 21:25:51',NULL,'Non-Scholarship Athlete','0',0),
(83,NULL,NULL,NULL,1,61,'2015-05-06 21:25:51','2015-05-06 21:25:51',NULL,'Scholarship Athlete','1',0),
(121,NULL,NULL,NULL,1,63,'2015-05-06 21:32:09','2015-05-06 21:32:09',NULL,'Not applicable','0',0),
(122,NULL,NULL,NULL,1,63,'2015-05-06 21:32:09','2015-05-06 21:32:09',NULL,'First-time, Full-time','1',0),
(123,NULL,NULL,NULL,1,63,'2015-05-06 21:32:09','2015-05-06 21:32:09',NULL,'First-time, Part-time','2',0),
(124,NULL,NULL,NULL,1,63,'2015-05-06 21:32:09','2015-05-06 21:32:09',NULL,'Transfer at Entry','3',0),
(130,NULL,NULL,NULL,1,64,'2015-05-06 21:35:07','2015-05-06 21:35:07',NULL,'No','0',0),
(131,NULL,NULL,NULL,1,64,'2015-05-06 21:35:07','2015-05-06 21:35:07',NULL,'Yes','1',0),
(132,NULL,NULL,NULL,1,65,'2015-05-06 21:35:21','2015-05-06 21:35:21',NULL,'No','0',0),
(133,NULL,NULL,NULL,1,65,'2015-05-06 21:35:21','2015-05-06 21:35:21',NULL,'Yes','1',0),
(134,NULL,NULL,NULL,1,65,'2015-05-06 21:35:21','2015-05-06 21:35:21',NULL,'Graduated','2',0),
(141,NULL,NULL,NULL,1,66,'2015-05-06 21:37:20','2015-05-06 21:37:20',NULL,'No','0',0),
(142,NULL,NULL,NULL,1,66,'2015-05-06 21:37:20','2015-05-06 21:37:20',NULL,'Yes','1',0),
(143,NULL,NULL,NULL,1,66,'2015-05-06 21:37:20','2015-05-06 21:37:20',NULL,'Graduated','2',0),
(144,NULL,NULL,NULL,1,67,'2015-05-06 21:37:27','2015-05-06 21:37:27',NULL,'No','0',0),
(145,NULL,NULL,NULL,1,67,'2015-05-06 21:37:27','2015-05-06 21:37:27',NULL,'Yes','1',0),
(146,NULL,NULL,NULL,1,67,'2015-05-06 21:37:27','2015-05-06 21:37:27',NULL,'Graduated','2',0),
(147,NULL,NULL,NULL,1,68,'2015-05-06 21:38:22','2015-05-06 21:38:22',NULL,'No','0',0),
(148,NULL,NULL,NULL,1,68,'2015-05-06 21:38:22','2015-05-06 21:38:22',NULL,'Yes','1',0),
(149,NULL,NULL,NULL,1,69,'2015-05-06 21:39:22','2015-05-06 21:39:22',NULL,'No','0',0),
(150,NULL,NULL,NULL,1,69,'2015-05-06 21:39:22','2015-05-06 21:39:22',NULL,'Yes','1',0),
(151,NULL,NULL,NULL,1,70,'2015-05-06 21:39:43','2015-05-06 21:39:43',NULL,'No','0',0),
(152,NULL,NULL,NULL,1,70,'2015-05-06 21:39:43','2015-05-06 21:39:43',NULL,'Yes','1',0),
(153,NULL,NULL,NULL,1,71,'2015-05-06 21:40:15','2015-05-06 21:40:15',NULL,'No','0',0),
(154,NULL,NULL,NULL,1,71,'2015-05-06 21:40:15','2015-05-06 21:40:15',NULL,'Yes','1',0),
(155,NULL,NULL,NULL,1,72,'2015-05-06 21:40:39','2015-05-06 21:40:39',NULL,'No','0',0),
(156,NULL,NULL,NULL,1,72,'2015-05-06 21:40:39','2015-05-06 21:40:39',NULL,'Yes','1',0),
(157,NULL,NULL,NULL,1,73,'2015-05-06 21:40:59','2015-05-06 21:40:59',NULL,'No','0',0),
(158,NULL,NULL,NULL,1,73,'2015-05-06 21:40:59','2015-05-06 21:40:59',NULL,'Yes','1',0),
(159,NULL,NULL,NULL,1,74,'2015-05-06 21:42:14','2015-05-06 21:42:14',NULL,'Certificate Level','0',0),
(160,NULL,NULL,NULL,1,74,'2015-05-06 21:42:14','2015-05-06 21:42:14',NULL,'Associate Level','1',0),
(161,NULL,NULL,NULL,1,74,'2015-05-06 21:42:14','2015-05-06 21:42:14',NULL,'Baccalaureate Level','2',0),
(162,NULL,NULL,NULL,1,74,'2015-05-06 21:42:14','2015-05-06 21:42:14',NULL,'Graduate Level','3',0),
(163,NULL,NULL,NULL,1,74,'2015-05-06 21:42:14','2015-05-06 21:42:14',NULL,'Other Program Types','4',0),
(164,NULL,NULL,NULL,1,78,'2015-05-06 21:44:25','2015-05-06 21:44:25',NULL,'Full-time','0',0),
(165,NULL,NULL,NULL,1,78,'2015-05-06 21:44:25','2015-05-06 21:44:25',NULL,'Part-time','1',0),
(166,NULL,NULL,NULL,1,79,'2015-05-06 21:45:02','2015-05-06 21:45:02',NULL,'Off campus','0',0),
(167,NULL,NULL,NULL,1,79,'2015-05-06 21:45:02','2015-05-06 21:45:02',NULL,'On campus','1',0),
(168,NULL,NULL,NULL,1,79,'2015-05-06 21:45:02','2015-05-06 21:45:02',NULL,'Unknown','2',0),
(169,NULL,NULL,NULL,1,82,'2015-05-06 21:46:57','2015-05-06 21:46:57',NULL,'None','0',0),
(170,NULL,NULL,NULL,1,82,'2015-05-06 21:46:57','2015-05-06 21:46:57',NULL,'1 Course','1',0),
(171,NULL,NULL,NULL,1,82,'2015-05-06 21:46:57','2015-05-06 21:46:57',NULL,'2 or More Courses','2',0),
(172,NULL,NULL,NULL,1,88,'2015-05-06 21:50:25','2015-05-06 21:50:25',NULL,'No','0',0),
(173,NULL,NULL,NULL,1,88,'2015-05-06 21:50:25','2015-05-06 21:50:25',NULL,'Yes','1',0),
(174,NULL,NULL,NULL,1,88,'2015-05-06 21:50:25','2015-05-06 21:50:25',NULL,'Not Assessed','2',0),
(175,NULL,NULL,NULL,1,88,'2015-05-06 21:50:25','2015-05-06 21:50:25',NULL,'Not Applicable','3',0),
(178,NULL,NULL,NULL,1,19,'2015-05-07 12:46:04','2015-05-07 12:46:04',NULL,'No','0',0),
(179,NULL,NULL,NULL,1,19,'2015-05-07 12:46:04','2015-05-07 12:46:04',NULL,'Yes','1',0),
(180,NULL,NULL,NULL,1,19,'2015-05-07 12:46:04','2015-05-07 12:46:04',NULL,'Unknown','2',0),
(221,NULL,NULL,NULL,1,12,'2015-05-19 17:39:49','2015-05-19 17:39:49',NULL,'No','0',0),
(222,NULL,NULL,NULL,1,12,'2015-05-19 17:39:49','2015-05-19 17:39:49',NULL,'Yes','1',0),
(223,NULL,NULL,NULL,1,13,'2015-05-19 17:40:02','2015-05-19 17:40:02',NULL,'No','0',0),
(224,NULL,NULL,NULL,1,13,'2015-05-19 17:40:02','2015-05-19 17:40:02',NULL,'Yes','1',0),
(228,NULL,NULL,NULL,1,16,'2015-05-19 17:40:55','2015-05-19 17:40:55',NULL,'No','0',0),
(229,NULL,NULL,NULL,1,16,'2015-05-19 17:40:55','2015-05-19 17:40:55',NULL,'Yes','1',0),
(230,NULL,NULL,NULL,1,16,'2015-05-19 17:40:55','2015-05-19 17:40:55',NULL,'Unknown','2',0),
(231,NULL,NULL,NULL,1,62,'2015-05-20 16:06:51','2015-05-20 16:06:51',NULL,'Baseball','0',0),
(232,NULL,NULL,NULL,1,62,'2015-05-20 16:06:51','2015-05-20 16:06:51',NULL,'Women\'s Basketball','1',0),
(233,NULL,NULL,NULL,1,62,'2015-05-20 16:06:51','2015-05-20 16:06:51',NULL,'Men\'s Basketball','2',0),
(234,NULL,NULL,NULL,1,62,'2015-05-20 16:06:51','2015-05-20 16:06:51',NULL,'Bowling','3',0),
(235,NULL,NULL,NULL,1,62,'2015-05-20 16:06:51','2015-05-20 16:06:51',NULL,'Women\'s Cross Country','4',0),
(236,NULL,NULL,NULL,1,62,'2015-05-20 16:06:51','2015-05-20 16:06:51',NULL,'Men\'s Cross Country','5',0),
(237,NULL,NULL,NULL,1,62,'2015-05-20 16:06:51','2015-05-20 16:06:51',NULL,'Women\'s Fencing','6',0),
(238,NULL,NULL,NULL,1,62,'2015-05-20 16:06:51','2015-05-20 16:06:51',NULL,'Men\'s Fencing','7',0),
(239,NULL,NULL,NULL,1,62,'2015-05-20 16:06:51','2015-05-20 16:06:51',NULL,'Field Hockey','8',0),
(240,NULL,NULL,NULL,1,62,'2015-05-20 16:06:51','2015-05-20 16:06:51',NULL,'Football','9',0),
(241,NULL,NULL,NULL,1,62,'2015-05-20 16:06:51','2015-05-20 16:06:51',NULL,'Women\'s Golf','10',0),
(242,NULL,NULL,NULL,1,62,'2015-05-20 16:06:51','2015-05-20 16:06:51',NULL,'Men\'s Golf','11',0),
(243,NULL,NULL,NULL,1,62,'2015-05-20 16:06:51','2015-05-20 16:06:51',NULL,'Women\'s Gymnastics','12',0),
(244,NULL,NULL,NULL,1,62,'2015-05-20 16:06:51','2015-05-20 16:06:51',NULL,'Men\'s Gymnastics','13',0),
(245,NULL,NULL,NULL,1,62,'2015-05-20 16:06:51','2015-05-20 16:06:51',NULL,'Women\'s Hockey','14',0),
(246,NULL,NULL,NULL,1,62,'2015-05-20 16:06:51','2015-05-20 16:06:51',NULL,'Men\'s Hockey','15',0),
(247,NULL,NULL,NULL,1,62,'2015-05-20 16:06:51','2015-05-20 16:06:51',NULL,'Women\'s Lacrosse','16',0),
(248,NULL,NULL,NULL,1,62,'2015-05-20 16:06:51','2015-05-20 16:06:51',NULL,'Men\'s Lacrosse','17',0),
(249,NULL,NULL,NULL,1,62,'2015-05-20 16:06:51','2015-05-20 16:06:51',NULL,'Women\'s Rifle','18',0),
(250,NULL,NULL,NULL,1,62,'2015-05-20 16:06:51','2015-05-20 16:06:51',NULL,'Men\'s Rifle','19',0),
(251,NULL,NULL,NULL,1,62,'2015-05-20 16:06:51','2015-05-20 16:06:51',NULL,'Rowing','20',0),
(252,NULL,NULL,NULL,1,62,'2015-05-20 16:06:51','2015-05-20 16:06:51',NULL,'Women\'s Skiing','23',0),
(253,NULL,NULL,NULL,1,62,'2015-05-20 16:06:51','2015-05-20 16:06:51',NULL,'Men\'s Skiing','24',0),
(254,NULL,NULL,NULL,1,62,'2015-05-20 16:06:51','2015-05-20 16:06:51',NULL,'Softball','27',0),
(255,NULL,NULL,NULL,1,62,'2015-05-20 16:06:51','2015-05-20 16:06:51',NULL,'Women\'s Swimming','28',0),
(256,NULL,NULL,NULL,1,62,'2015-05-20 16:06:51','2015-05-20 16:06:51',NULL,'Men\'s Swimming','29',0),
(257,NULL,NULL,NULL,1,62,'2015-05-20 16:06:51','2015-05-20 16:06:51',NULL,'Women\'s Tennis','30',0),
(258,NULL,NULL,NULL,1,62,'2015-05-20 16:06:51','2015-05-20 16:06:51',NULL,'Men\'s Tennis','31',0),
(259,NULL,NULL,NULL,1,62,'2015-05-20 16:06:51','2015-05-20 16:06:51',NULL,'Women\'s Indoor Track and Field','32',0),
(260,NULL,NULL,NULL,1,62,'2015-05-20 16:06:51','2015-05-20 16:06:51',NULL,'Men\'s Indoor Track and Field','33',0),
(261,NULL,NULL,NULL,1,62,'2015-05-20 16:06:51','2015-05-20 16:06:51',NULL,'Women\'s Volleyball','36',0),
(262,NULL,NULL,NULL,1,62,'2015-05-20 16:06:51','2015-05-20 16:06:51',NULL,'Men\'s Volleyball','37',0),
(263,NULL,NULL,NULL,1,62,'2015-05-20 16:06:51','2015-05-20 16:06:51',NULL,'Women\'s Water Polo','38',0),
(264,NULL,NULL,NULL,1,62,'2015-05-20 16:06:51','2015-05-20 16:06:51',NULL,'Men\'s Water Polo','39',0),
(265,NULL,NULL,NULL,1,62,'2015-05-20 16:06:51','2015-05-20 16:06:51',NULL,'Wrestling','40',0),
(266,NULL,NULL,NULL,1,62,'2015-05-20 16:06:51','2015-05-20 16:06:51',NULL,'Other','41',0),
(267,NULL,NULL,NULL,1,62,'2015-05-20 16:06:51','2015-05-20 16:06:51',NULL,'Sailing','21',0),
(268,NULL,NULL,NULL,1,62,'2015-05-20 16:06:51','2015-05-20 16:06:51',NULL,'Sand Volleyball','22',0),
(269,NULL,NULL,NULL,1,62,'2015-05-20 16:06:51','2015-05-20 16:06:51',NULL,'Women\'s Soccer','25',0),
(270,NULL,NULL,NULL,1,62,'2015-05-20 16:06:51','2015-05-20 16:06:51',NULL,'Men\'s Soccer','26',0),
(271,NULL,NULL,NULL,1,62,'2015-05-20 16:06:51','2015-05-20 16:06:51',NULL,'Women\'s Outdoor Track and Field','34',0),
(272,NULL,NULL,NULL,1,62,'2015-05-20 16:06:51','2015-05-20 16:06:51',NULL,'Men\'s Outdoor Track and Field','35',0);
/*!40000 ALTER TABLE `ebi_metadata_list_values` ENABLE KEYS */;
UNLOCK TABLES;

--
-- Table structure for table `ebi_permissionset`
--

DROP TABLE IF EXISTS `ebi_permissionset`;
/*!40101 SET @saved_cs_client     = @@character_set_client */;
/*!40101 SET character_set_client = utf8 */;
CREATE TABLE `ebi_permissionset` (
  `id` int(11) NOT NULL AUTO_INCREMENT,
  `is_active` tinyint(1) DEFAULT NULL,
  `risk_indicator` tinyint(1) DEFAULT NULL,
  `intent_to_leave` tinyint(1) DEFAULT NULL,
  `created_by` int(11) DEFAULT NULL,
  `created_at` datetime DEFAULT NULL,
  `modified_by` int(11) DEFAULT NULL,
  `modified_at` datetime DEFAULT NULL,
  `deleted_by` int(11) DEFAULT NULL,
  `deleted_at` datetime DEFAULT NULL,
  `accesslevel_agg` tinyint(1) DEFAULT NULL,
  `accesslevel_ind_agg` tinyint(1) DEFAULT NULL,
  `inactive_date` datetime DEFAULT NULL,
  PRIMARY KEY (`id`)
) ENGINE=InnoDB AUTO_INCREMENT=10 DEFAULT CHARSET=utf8 COLLATE=utf8_unicode_ci;
/*!40101 SET character_set_client = @saved_cs_client */;

--
-- Dumping data for table `ebi_permissionset`
--

LOCK TABLES `ebi_permissionset` WRITE;
/*!40000 ALTER TABLE `ebi_permissionset` DISABLE KEYS */;
INSERT INTO `ebi_permissionset` VALUES
(1,1,1,1,NULL,'2015-05-07 18:06:23',NULL,'2015-05-11 19:23:38',NULL,NULL,0,1,NULL),
(2,1,1,1,NULL,'2015-05-07 18:09:44',NULL,'2015-05-11 19:24:53',NULL,NULL,0,1,NULL),
(3,1,1,0,NULL,'2015-05-07 18:11:17',NULL,'2015-05-11 19:24:30',NULL,NULL,0,1,NULL),
(4,1,1,0,NULL,'2015-05-07 18:11:57',NULL,'2015-05-07 18:11:57',NULL,NULL,0,1,NULL),
(5,1,1,1,NULL,'2015-05-07 18:12:13',NULL,'2015-05-11 19:24:13',NULL,NULL,1,0,NULL),
(6,1,0,0,NULL,'2015-05-07 18:12:45',NULL,'2015-05-07 18:12:45',NULL,NULL,0,1,NULL),
(7,1,0,0,NULL,'2015-07-28 15:25:56',NULL,'2015-07-28 15:25:56',NULL,NULL,1,0,NULL),
(8,0,0,0,NULL,'2015-07-28 15:31:17',NULL,'2015-07-28 15:31:26',NULL,NULL,1,0,'2015-07-28 15:31:17'),
(9,1,0,0,NULL,'2015-07-28 15:33:11',NULL,'2015-07-28 15:33:11',NULL,NULL,1,0,NULL);
/*!40000 ALTER TABLE `ebi_permissionset` ENABLE KEYS */;
UNLOCK TABLES;

--
-- Table structure for table `ebi_permissionset_datablock`
--

DROP TABLE IF EXISTS `ebi_permissionset_datablock`;
/*!40101 SET @saved_cs_client     = @@character_set_client */;
/*!40101 SET character_set_client = utf8 */;
CREATE TABLE `ebi_permissionset_datablock` (
  `id` int(11) NOT NULL AUTO_INCREMENT,
  `ebi_permissionset_id` int(11) DEFAULT NULL,
  `datablock_id` int(11) DEFAULT NULL,
  `timeframe_all` tinyint(1) DEFAULT NULL,
  `current_calendar` tinyint(1) DEFAULT NULL,
  `previous_period` tinyint(1) DEFAULT NULL,
  `block_type` varchar(255) COLLATE utf8_unicode_ci DEFAULT NULL,
  PRIMARY KEY (`id`),
  KEY `IDX_1156882127C1FF01` (`ebi_permissionset_id`),
  KEY `IDX_11568821F9AE3580` (`datablock_id`),
  CONSTRAINT `FK_1156882127C1FF01` FOREIGN KEY (`ebi_permissionset_id`) REFERENCES `ebi_permissionset` (`id`),
  CONSTRAINT `FK_11568821F9AE3580` FOREIGN KEY (`datablock_id`) REFERENCES `datablock_master` (`id`)
) ENGINE=InnoDB AUTO_INCREMENT=80 DEFAULT CHARSET=utf8 COLLATE=utf8_unicode_ci;
/*!40101 SET character_set_client = @saved_cs_client */;

--
-- Dumping data for table `ebi_permissionset_datablock`
--

LOCK TABLES `ebi_permissionset_datablock` WRITE;
/*!40000 ALTER TABLE `ebi_permissionset_datablock` DISABLE KEYS */;
INSERT INTO `ebi_permissionset_datablock` VALUES
(7,1,12,NULL,NULL,NULL,'profile'),
(8,1,13,NULL,NULL,NULL,'profile'),
(9,1,14,NULL,NULL,NULL,'profile'),
(10,1,15,NULL,NULL,NULL,'profile'),
(11,1,16,NULL,NULL,NULL,'profile'),
(12,1,17,NULL,NULL,NULL,'profile'),
(13,1,18,NULL,NULL,NULL,'profile'),
(14,1,19,NULL,NULL,NULL,'profile'),
(15,1,20,NULL,NULL,NULL,'profile'),
(16,1,21,NULL,NULL,NULL,'profile'),
(17,1,22,NULL,NULL,NULL,'profile'),
(18,1,23,NULL,NULL,NULL,'profile'),
(19,1,24,NULL,NULL,NULL,'profile'),
(20,1,25,NULL,NULL,NULL,'profile'),
(21,1,26,NULL,NULL,NULL,'profile'),
(22,1,27,NULL,NULL,NULL,'profile'),
(23,1,28,NULL,NULL,NULL,'profile'),
(24,1,29,NULL,NULL,NULL,'profile'),
(35,2,12,NULL,NULL,NULL,'profile'),
(36,2,13,NULL,NULL,NULL,'profile'),
(37,2,14,NULL,NULL,NULL,'profile'),
(38,2,15,NULL,NULL,NULL,'profile'),
(39,2,16,NULL,NULL,NULL,'profile'),
(40,2,17,NULL,NULL,NULL,'profile'),
(41,2,18,NULL,NULL,NULL,'profile'),
(42,2,19,NULL,NULL,NULL,'profile'),
(43,2,20,NULL,NULL,NULL,'profile'),
(44,2,21,NULL,NULL,NULL,'profile'),
(45,2,22,NULL,NULL,NULL,'profile'),
(47,2,27,NULL,NULL,NULL,'profile'),
(48,2,29,NULL,NULL,NULL,'profile'),
(50,3,12,NULL,NULL,NULL,'profile'),
(51,3,14,NULL,NULL,NULL,'profile'),
(52,3,22,NULL,NULL,NULL,'profile'),
(53,3,29,NULL,NULL,NULL,'profile'),
(54,4,12,NULL,NULL,NULL,'profile'),
(61,5,12,NULL,NULL,NULL,'profile'),
(62,5,13,NULL,NULL,NULL,'profile'),
(63,5,14,NULL,NULL,NULL,'profile'),
(64,5,15,NULL,NULL,NULL,'profile'),
(65,5,16,NULL,NULL,NULL,'profile'),
(66,5,17,NULL,NULL,NULL,'profile'),
(67,5,18,NULL,NULL,NULL,'profile'),
(68,5,19,NULL,NULL,NULL,'profile'),
(69,5,20,NULL,NULL,NULL,'profile'),
(70,5,21,NULL,NULL,NULL,'profile'),
(71,5,22,NULL,NULL,NULL,'profile'),
(72,5,23,NULL,NULL,NULL,'profile'),
(73,5,24,NULL,NULL,NULL,'profile'),
(74,5,25,NULL,NULL,NULL,'profile'),
(75,5,26,NULL,NULL,NULL,'profile'),
(76,5,27,NULL,NULL,NULL,'profile'),
(77,5,28,NULL,NULL,NULL,'profile'),
(78,5,29,NULL,NULL,NULL,'profile'),
(79,3,13,NULL,NULL,NULL,'profile');
/*!40000 ALTER TABLE `ebi_permissionset_datablock` ENABLE KEYS */;
UNLOCK TABLES;

--
-- Table structure for table `ebi_permissionset_features`
--

DROP TABLE IF EXISTS `ebi_permissionset_features`;
/*!40101 SET @saved_cs_client     = @@character_set_client */;
/*!40101 SET character_set_client = utf8 */;
CREATE TABLE `ebi_permissionset_features` (
  `id` int(11) NOT NULL AUTO_INCREMENT,
  `ebi_permissionset_id` int(11) DEFAULT NULL,
  `feature_id` int(11) DEFAULT NULL,
  `private_create` tinyint(1) DEFAULT NULL,
  `team_create` tinyint(1) DEFAULT NULL,
  `team_view` tinyint(1) DEFAULT NULL,
  `public_create` tinyint(1) DEFAULT NULL,
  `public_view` tinyint(1) DEFAULT NULL,
  `timeframe_all` tinyint(1) DEFAULT NULL,
  `current_calendar` tinyint(1) DEFAULT NULL,
  `previous_period` tinyint(1) DEFAULT NULL,
  `next_period` tinyint(1) DEFAULT NULL,
  `receive_referral` tinyint(1) DEFAULT NULL,
  `reason_referral_private_create` tinyint(1) DEFAULT NULL,
  `reason_referral_team_create` tinyint(1) DEFAULT NULL,
  `reason_referral_team_view` tinyint(1) DEFAULT NULL,
  `reason_referral_public_create` tinyint(1) DEFAULT NULL,
  `reason_referral_public_view` tinyint(1) DEFAULT NULL,
  PRIMARY KEY (`id`),
  KEY `IDX_29B6BC9027C1FF01` (`ebi_permissionset_id`),
  KEY `IDX_29B6BC9060E4B879` (`feature_id`),
  CONSTRAINT `FK_29B6BC9027C1FF01` FOREIGN KEY (`ebi_permissionset_id`) REFERENCES `ebi_permissionset` (`id`),
  CONSTRAINT `FK_29B6BC9060E4B879` FOREIGN KEY (`feature_id`) REFERENCES `feature_master` (`id`)
) ENGINE=InnoDB AUTO_INCREMENT=55 DEFAULT CHARSET=utf8 COLLATE=utf8_unicode_ci;
/*!40101 SET character_set_client = @saved_cs_client */;

--
-- Dumping data for table `ebi_permissionset_features`
--

LOCK TABLES `ebi_permissionset_features` WRITE;
/*!40000 ALTER TABLE `ebi_permissionset_features` DISABLE KEYS */;
INSERT INTO `ebi_permissionset_features` VALUES
(1,1,1,1,1,1,1,1,NULL,NULL,NULL,NULL,1,1,1,1,1,1),
(2,1,2,1,1,1,1,1,NULL,NULL,NULL,NULL,NULL,1,1,1,1,1),
(3,1,3,1,1,1,1,1,NULL,NULL,NULL,NULL,NULL,1,1,1,1,1),
(4,1,4,1,1,1,1,1,NULL,NULL,NULL,NULL,NULL,1,1,1,1,1),
(5,1,5,0,0,0,0,0,NULL,NULL,NULL,NULL,NULL,0,0,0,0,0),
(6,1,6,0,0,0,0,0,NULL,NULL,NULL,NULL,NULL,0,0,0,0,0),
(7,2,1,1,1,1,1,1,NULL,NULL,NULL,NULL,1,1,1,1,1,1),
(8,2,2,1,1,1,1,1,NULL,NULL,NULL,NULL,NULL,1,1,1,1,1),
(9,2,3,1,1,1,1,1,NULL,NULL,NULL,NULL,NULL,1,1,1,1,1),
(10,2,4,1,1,1,1,1,NULL,NULL,NULL,NULL,NULL,1,1,1,1,1),
(11,2,5,0,0,0,0,0,NULL,NULL,NULL,NULL,NULL,0,0,0,0,0),
(12,2,6,0,0,0,0,0,NULL,NULL,NULL,NULL,NULL,0,0,0,0,0),
(13,3,1,0,1,0,1,0,NULL,NULL,NULL,NULL,0,0,1,0,1,0),
(14,3,2,0,1,0,1,0,NULL,NULL,NULL,NULL,NULL,0,1,0,1,0),
(15,3,3,0,1,0,1,0,NULL,NULL,NULL,NULL,NULL,0,1,0,1,0),
(16,3,4,0,1,0,1,0,NULL,NULL,NULL,NULL,NULL,0,1,0,1,0),
(17,3,5,0,0,0,0,0,NULL,NULL,NULL,NULL,NULL,0,0,0,0,0),
(18,3,6,0,0,0,0,0,NULL,NULL,NULL,NULL,NULL,0,0,0,0,0),
(19,4,1,0,1,0,1,0,NULL,NULL,NULL,NULL,0,0,1,0,1,0),
(20,4,2,0,1,0,1,0,NULL,NULL,NULL,NULL,NULL,0,1,0,1,0),
(21,4,3,0,1,0,1,0,NULL,NULL,NULL,NULL,NULL,0,1,0,1,0),
(22,4,4,0,1,0,1,0,NULL,NULL,NULL,NULL,NULL,0,1,0,1,0),
(23,4,5,0,0,0,0,0,NULL,NULL,NULL,NULL,NULL,0,0,0,0,0),
(24,4,6,0,0,0,0,0,NULL,NULL,NULL,NULL,NULL,0,0,0,0,0),
(25,5,1,0,0,0,0,0,NULL,NULL,NULL,NULL,0,0,0,0,0,0),
(26,5,2,0,0,0,0,0,NULL,NULL,NULL,NULL,NULL,0,0,0,0,0),
(27,5,3,0,0,0,0,0,NULL,NULL,NULL,NULL,NULL,0,0,0,0,0),
(28,5,4,0,0,0,0,0,NULL,NULL,NULL,NULL,NULL,0,0,0,0,0),
(29,5,5,0,0,0,0,0,NULL,NULL,NULL,NULL,NULL,0,0,0,0,0),
(30,5,6,0,0,0,0,0,NULL,NULL,NULL,NULL,NULL,0,0,0,0,0),
(31,6,1,0,1,0,1,0,NULL,NULL,NULL,NULL,0,0,1,0,1,0),
(32,6,2,0,0,0,0,0,NULL,NULL,NULL,NULL,NULL,0,0,0,0,0),
(33,6,3,0,0,0,0,0,NULL,NULL,NULL,NULL,NULL,0,0,0,0,0),
(34,6,4,0,0,0,0,0,NULL,NULL,NULL,NULL,NULL,0,0,0,0,0),
(35,6,5,0,0,0,0,0,NULL,NULL,NULL,NULL,NULL,0,0,0,0,0),
(36,6,6,0,0,0,0,0,NULL,NULL,NULL,NULL,NULL,0,0,0,0,0),
(37,7,1,0,0,0,0,0,NULL,NULL,NULL,NULL,0,0,0,0,0,0),
(38,7,2,0,0,0,0,0,NULL,NULL,NULL,NULL,NULL,0,0,0,0,0),
(39,7,3,0,0,0,0,0,NULL,NULL,NULL,NULL,NULL,0,0,0,0,0),
(40,7,4,0,0,0,0,0,NULL,NULL,NULL,NULL,NULL,0,0,0,0,0),
(41,7,5,0,0,0,0,0,NULL,NULL,NULL,NULL,NULL,0,0,0,0,0),
(42,7,6,0,0,0,0,0,NULL,NULL,NULL,NULL,NULL,0,0,0,0,0),
(43,8,1,0,0,0,0,0,NULL,NULL,NULL,NULL,0,0,0,0,0,0),
(44,8,2,0,0,0,0,0,NULL,NULL,NULL,NULL,NULL,0,0,0,0,0),
(45,8,3,0,0,0,0,0,NULL,NULL,NULL,NULL,NULL,0,0,0,0,0),
(46,8,4,0,0,0,0,0,NULL,NULL,NULL,NULL,NULL,0,0,0,0,0),
(47,8,5,0,0,0,0,0,NULL,NULL,NULL,NULL,NULL,0,0,0,0,0),
(48,8,6,0,0,0,0,0,NULL,NULL,NULL,NULL,NULL,0,0,0,0,0),
(49,9,1,0,0,0,0,0,NULL,NULL,NULL,NULL,0,0,0,0,0,0),
(50,9,2,0,0,0,0,0,NULL,NULL,NULL,NULL,NULL,0,0,0,0,0),
(51,9,3,0,0,0,0,0,NULL,NULL,NULL,NULL,NULL,0,0,0,0,0),
(52,9,4,0,0,0,0,0,NULL,NULL,NULL,NULL,NULL,0,0,0,0,0),
(53,9,5,0,0,0,0,0,NULL,NULL,NULL,NULL,NULL,0,0,0,0,0),
(54,9,6,0,0,0,0,0,NULL,NULL,NULL,NULL,NULL,0,0,0,0,0);
/*!40000 ALTER TABLE `ebi_permissionset_features` ENABLE KEYS */;
UNLOCK TABLES;

--
-- Table structure for table `ebi_permissionset_lang`
--

DROP TABLE IF EXISTS `ebi_permissionset_lang`;
/*!40101 SET @saved_cs_client     = @@character_set_client */;
/*!40101 SET character_set_client = utf8 */;
CREATE TABLE `ebi_permissionset_lang` (
  `id` int(11) NOT NULL AUTO_INCREMENT,
  `language_id` int(11) DEFAULT NULL,
  `ebi_permissionset_id` int(11) DEFAULT NULL,
  `created_by` int(11) DEFAULT NULL,
  `created_at` datetime DEFAULT NULL,
  `modified_by` int(11) DEFAULT NULL,
  `modified_at` datetime DEFAULT NULL,
  `deleted_by` int(11) DEFAULT NULL,
  `deleted_at` datetime DEFAULT NULL,
  `permissionset_name` varchar(100) COLLATE utf8_unicode_ci DEFAULT NULL,
  PRIMARY KEY (`id`),
  KEY `IDX_6C7D6BF982F1BAF4` (`language_id`),
  KEY `IDX_6C7D6BF927C1FF01` (`ebi_permissionset_id`),
  CONSTRAINT `FK_6C7D6BF927C1FF01` FOREIGN KEY (`ebi_permissionset_id`) REFERENCES `ebi_permissionset` (`id`),
  CONSTRAINT `FK_6C7D6BF982F1BAF4` FOREIGN KEY (`language_id`) REFERENCES `language_master` (`id`)
) ENGINE=InnoDB AUTO_INCREMENT=10 DEFAULT CHARSET=utf8 COLLATE=utf8_unicode_ci;
/*!40101 SET character_set_client = @saved_cs_client */;

--
-- Dumping data for table `ebi_permissionset_lang`
--

LOCK TABLES `ebi_permissionset_lang` WRITE;
/*!40000 ALTER TABLE `ebi_permissionset_lang` DISABLE KEYS */;
INSERT INTO `ebi_permissionset_lang` VALUES
(1,1,1,NULL,'2015-05-07 18:06:23',NULL,'2015-05-07 18:06:23',NULL,NULL,'AllAccess'),
(2,1,2,NULL,'2015-05-07 18:09:44',NULL,'2015-05-07 18:09:44',NULL,NULL,'PartialAccess'),
(3,1,3,NULL,'2015-05-07 18:11:17',NULL,'2015-05-07 18:11:17',NULL,NULL,'LimitedAccess'),
(4,1,4,NULL,'2015-05-07 18:11:57',NULL,'2015-05-07 18:11:57',NULL,NULL,'InputOnly'),
(5,1,5,NULL,'2015-05-07 18:12:13',NULL,'2015-05-07 18:12:13',NULL,NULL,'AggregateOnly'),
(6,1,6,NULL,'2015-05-07 18:12:45',NULL,'2015-05-07 18:12:45',NULL,NULL,'CourseOnly'),
(7,1,7,NULL,'2015-07-28 15:25:56',NULL,'2015-07-28 15:25:56',NULL,NULL,'Admin Permission Template Name'),
(8,1,8,NULL,'2015-07-28 15:31:17',NULL,'2015-07-28 15:31:17',NULL,NULL,'Admin Archive Test'),
(9,1,9,NULL,'2015-07-28 15:33:11',NULL,'2015-07-28 15:33:11',NULL,NULL,'Admin Delete Permission Set Test');
/*!40000 ALTER TABLE `ebi_permissionset_lang` ENABLE KEYS */;
UNLOCK TABLES;

--
-- Table structure for table `ebi_question`
--

DROP TABLE IF EXISTS `ebi_question`;
/*!40101 SET @saved_cs_client     = @@character_set_client */;
/*!40101 SET character_set_client = utf8 */;
CREATE TABLE `ebi_question` (
  `id` int(11) NOT NULL AUTO_INCREMENT,
  `question_type_id` varchar(4) COLLATE utf8_unicode_ci DEFAULT NULL,
  `question_category_id` int(11) DEFAULT NULL,
  `created_by` int(11) DEFAULT NULL,
  `created_at` datetime DEFAULT NULL,
  `modified_by` int(11) DEFAULT NULL,
  `modified_at` datetime DEFAULT NULL,
  `deleted_by` int(11) DEFAULT NULL,
  `deleted_at` datetime DEFAULT NULL,
  `question_key` varchar(45) COLLATE utf8_unicode_ci DEFAULT NULL,
  `has_other` tinyint(1) DEFAULT NULL,
  `external_id` varchar(45) COLLATE utf8_unicode_ci DEFAULT NULL,
  PRIMARY KEY (`id`),
  KEY `IDX_9050C5B4DE12AB56` (`created_by`),
  KEY `IDX_9050C5B425F94802` (`modified_by`),
  KEY `IDX_9050C5B41F6FA0AF` (`deleted_by`),
  KEY `IDX_9050C5B4F142426F` (`question_category_id`),
  KEY `fk_ebi_question_question_type1_idx` (`question_type_id`),
  CONSTRAINT `FK_9050C5B41F6FA0AF` FOREIGN KEY (`deleted_by`) REFERENCES `person` (`id`),
  CONSTRAINT `FK_9050C5B425F94802` FOREIGN KEY (`modified_by`) REFERENCES `person` (`id`),
  CONSTRAINT `FK_9050C5B4CB90598E` FOREIGN KEY (`question_type_id`) REFERENCES `question_type` (`id`),
  CONSTRAINT `FK_9050C5B4DE12AB56` FOREIGN KEY (`created_by`) REFERENCES `person` (`id`),
  CONSTRAINT `FK_9050C5B4F142426F` FOREIGN KEY (`question_category_id`) REFERENCES `question_category` (`id`)
) ENGINE=InnoDB AUTO_INCREMENT=8 DEFAULT CHARSET=utf8 COLLATE=utf8_unicode_ci;
/*!40101 SET character_set_client = @saved_cs_client */;

--
-- Dumping data for table `ebi_question`
--

LOCK TABLES `ebi_question` WRITE;
/*!40000 ALTER TABLE `ebi_question` DISABLE KEYS */;
INSERT INTO `ebi_question` VALUES
(1,'1',1,NULL,NULL,NULL,NULL,NULL,NULL,'key 1',NULL,NULL),
(2,'1',1,NULL,NULL,NULL,NULL,NULL,NULL,'key 2',NULL,NULL),
(3,'1',1,NULL,NULL,NULL,NULL,NULL,NULL,'key 3',NULL,NULL),
(4,'1',1,NULL,NULL,NULL,NULL,NULL,NULL,'key 4',NULL,NULL),
(5,'1',1,NULL,NULL,NULL,NULL,NULL,NULL,'key 5',NULL,NULL),
(6,'1',1,NULL,NULL,NULL,NULL,NULL,NULL,'key 6',NULL,NULL),
(7,'1',1,NULL,NULL,NULL,NULL,NULL,NULL,'key 7',NULL,NULL);
/*!40000 ALTER TABLE `ebi_question` ENABLE KEYS */;
UNLOCK TABLES;

--
-- Table structure for table `ebi_question_options`
--

DROP TABLE IF EXISTS `ebi_question_options`;
/*!40101 SET @saved_cs_client     = @@character_set_client */;
/*!40101 SET character_set_client = utf8 */;
CREATE TABLE `ebi_question_options` (
  `id` int(11) NOT NULL AUTO_INCREMENT,
  `ebi_question_id` int(11) DEFAULT NULL,
  `lang_id` int(11) DEFAULT NULL,
  `created_by` int(11) DEFAULT NULL,
  `created_at` datetime DEFAULT NULL,
  `modified_by` int(11) DEFAULT NULL,
  `modified_at` datetime DEFAULT NULL,
  `deleted_by` int(11) DEFAULT NULL,
  `deleted_at` datetime DEFAULT NULL,
  `option_text` varchar(150) COLLATE utf8_unicode_ci DEFAULT NULL,
  `option_value` varchar(5000) COLLATE utf8_unicode_ci DEFAULT NULL,
  `sequence` smallint(6) DEFAULT NULL,
  `option_rpt` varchar(1000) COLLATE utf8_unicode_ci DEFAULT NULL,
  `external_id` varchar(45) COLLATE utf8_unicode_ci DEFAULT NULL,
  PRIMARY KEY (`id`),
  KEY `IDX_B56C5C6CDE12AB56` (`created_by`),
  KEY `IDX_B56C5C6C25F94802` (`modified_by`),
  KEY `IDX_B56C5C6C1F6FA0AF` (`deleted_by`),
  KEY `IDX_B56C5C6C79F0E193` (`ebi_question_id`),
  KEY `IDX_B56C5C6CB213FA4` (`lang_id`),
  CONSTRAINT `FK_B56C5C6C1F6FA0AF` FOREIGN KEY (`deleted_by`) REFERENCES `person` (`id`),
  CONSTRAINT `FK_B56C5C6C25F94802` FOREIGN KEY (`modified_by`) REFERENCES `person` (`id`),
  CONSTRAINT `FK_B56C5C6C79F0E193` FOREIGN KEY (`ebi_question_id`) REFERENCES `ebi_question` (`id`),
  CONSTRAINT `FK_B56C5C6CB213FA4` FOREIGN KEY (`lang_id`) REFERENCES `language_master` (`id`),
  CONSTRAINT `FK_B56C5C6CDE12AB56` FOREIGN KEY (`created_by`) REFERENCES `person` (`id`)
) ENGINE=InnoDB DEFAULT CHARSET=utf8 COLLATE=utf8_unicode_ci;
/*!40101 SET character_set_client = @saved_cs_client */;

--
-- Dumping data for table `ebi_question_options`
--

LOCK TABLES `ebi_question_options` WRITE;
/*!40000 ALTER TABLE `ebi_question_options` DISABLE KEYS */;
/*!40000 ALTER TABLE `ebi_question_options` ENABLE KEYS */;
UNLOCK TABLES;

--
-- Table structure for table `ebi_questions_lang`
--

DROP TABLE IF EXISTS `ebi_questions_lang`;
/*!40101 SET @saved_cs_client     = @@character_set_client */;
/*!40101 SET character_set_client = utf8 */;
CREATE TABLE `ebi_questions_lang` (
  `id` int(11) NOT NULL AUTO_INCREMENT,
  `ebi_question_id` int(11) DEFAULT NULL,
  `lang_id` int(11) DEFAULT NULL,
  `created_by` int(11) DEFAULT NULL,
  `created_at` datetime DEFAULT NULL,
  `modified_by` int(11) DEFAULT NULL,
  `modified_at` datetime DEFAULT NULL,
  `deleted_by` int(11) DEFAULT NULL,
  `deleted_at` datetime DEFAULT NULL,
  `question_text` longtext COLLATE utf8_unicode_ci,
  `question_rpt` longtext COLLATE utf8_unicode_ci,
  PRIMARY KEY (`id`),
  KEY `IDX_CA5C32DE12AB56` (`created_by`),
  KEY `IDX_CA5C3225F94802` (`modified_by`),
  KEY `IDX_CA5C321F6FA0AF` (`deleted_by`),
  KEY `IDX_CA5C3279F0E193` (`ebi_question_id`),
  KEY `IDX_CA5C32B213FA4` (`lang_id`),
  CONSTRAINT `FK_CA5C321F6FA0AF` FOREIGN KEY (`deleted_by`) REFERENCES `person` (`id`),
  CONSTRAINT `FK_CA5C3225F94802` FOREIGN KEY (`modified_by`) REFERENCES `person` (`id`),
  CONSTRAINT `FK_CA5C3279F0E193` FOREIGN KEY (`ebi_question_id`) REFERENCES `ebi_question` (`id`),
  CONSTRAINT `FK_CA5C32B213FA4` FOREIGN KEY (`lang_id`) REFERENCES `language_master` (`id`),
  CONSTRAINT `FK_CA5C32DE12AB56` FOREIGN KEY (`created_by`) REFERENCES `person` (`id`)
) ENGINE=InnoDB DEFAULT CHARSET=utf8 COLLATE=utf8_unicode_ci;
/*!40101 SET character_set_client = @saved_cs_client */;

--
-- Dumping data for table `ebi_questions_lang`
--

LOCK TABLES `ebi_questions_lang` WRITE;
/*!40000 ALTER TABLE `ebi_questions_lang` DISABLE KEYS */;
/*!40000 ALTER TABLE `ebi_questions_lang` ENABLE KEYS */;
UNLOCK TABLES;

--
-- Table structure for table `ebi_search`
--

DROP TABLE IF EXISTS `ebi_search`;
/*!40101 SET @saved_cs_client     = @@character_set_client */;
/*!40101 SET character_set_client = utf8 */;
CREATE TABLE `ebi_search` (
  `id` int(11) NOT NULL AUTO_INCREMENT,
  `created_by` int(11) DEFAULT NULL,
  `created_at` datetime DEFAULT NULL,
  `modified_by` int(11) DEFAULT NULL,
  `modified_at` datetime DEFAULT NULL,
  `deleted_by` int(11) DEFAULT NULL,
  `deleted_at` datetime DEFAULT NULL,
  `query_key` varchar(255) COLLATE utf8_unicode_ci DEFAULT NULL,
  `search_type` varchar(1) COLLATE utf8_unicode_ci DEFAULT NULL,
  `is_enabled` tinyint(1) DEFAULT NULL,
  `query` longtext COLLATE utf8_unicode_ci,
  PRIMARY KEY (`id`)
) ENGINE=InnoDB AUTO_INCREMENT=81 DEFAULT CHARSET=utf8 COLLATE=utf8_unicode_ci;
/*!40101 SET character_set_client = @saved_cs_client */;

--
-- Dumping data for table `ebi_search`
--

LOCK TABLES `ebi_search` WRITE;
/*!40000 ALTER TABLE `ebi_search` DISABLE KEYS */;
INSERT INTO `ebi_search` VALUES
(1,NULL,NULL,NULL,NULL,NULL,NULL,'Activity_All_Interaction','E',1,'SELECT A.id AS AppointmentId, N.id AS NoteId, R.id AS ReferralId, C.id AS ContactId, AL.id AS activity_log_id, AL.created_at AS activity_date, AL.activity_type AS activity_type, AL.person_id_faculty AS activity_created_by_id, P.firstname AS activity_created_by_first_name, P.lastname AS activity_created_by_last_name, AC.id AS activity_reason_id, AC.short_name AS activity_reason_text, C.contact_types_id AS activity_contact_type_id, CTL.description AS activity_contact_type_text, R.status AS activity_referral_status, C.note AS contactDescription, R.note AS referralDescription, A.description AS appointmentDescription, N.note AS noteDescription, AL.created_at as created_date, A.start_date_time as app_created_date, C.contact_date as contact_created_date, AL.activity_date as act_date FROM activity_log AS AL LEFT JOIN Appointments AS A ON AL.appointments_id = A.id LEFT JOIN note AS N ON AL.note_id = N.id LEFT JOIN note_teams AS NT ON N.id = NT.note_id LEFT JOIN contacts AS C ON AL.contacts_id = C.id LEFT JOIN contacts_teams AS CT ON C.id = CT.contacts_id LEFT JOIN referrals AS R ON AL.referrals_id = R.id LEFT JOIN referrals_teams AS RT ON R.id = RT.referrals_id LEFT JOIN activity_category AS AC ON A.activity_category_id = AC.id OR N.activity_category_id = AC.id OR R.activity_category_id = AC.id OR C.activity_category_id = AC.id LEFT JOIN person AS P ON AL.person_id_faculty = P.id LEFT JOIN contact_types_lang AS CTL ON C.contact_types_id = CTL.contact_types_id LEFT JOIN contact_types AS CONT ON C.contact_types_id = CONT.id LEFT JOIN organization_role as orgr ON orgr.organization_id = AL.organization_id LEFT JOIN referral_routing_rules as rr ON rr.activity_category_id = R.activity_category_id WHERE AL.person_id_student = $$studentId$$ AND AL.organization_id = $$orgId$$ AND AL.activity_type IN ($$acivityArr$$) AND AL.deleted_at IS NULL AND A.deleted_at IS NULL AND N.deleted_at IS NULL AND C.deleted_at IS NULL AND R.deleted_at IS NULL AND CASE WHEN AL.activity_type = \"C\" THEN CONT.parent_contact_types_id = 1 OR CONT.id = 1 ELSE 1 = 1 END AND AL.id NOT IN (SELECT ALOG.id FROM related_activities AS related LEFT JOIN activity_log AS ALOG ON related.appointment_id = ALOG.appointments_id WHERE related.appointment_id IS NOT NULL AND related.deleted_at IS NULL AND ALOG.deleted_at IS NULL) AND AL.id NOT IN (SELECT ALOG.id FROM related_activities AS related LEFT JOIN activity_log AS ALOG ON related.referral_id = ALOG.referrals_id WHERE related.referral_id IS NOT NULL AND related.deleted_at IS NULL AND ALOG.deleted_at IS NULL) AND AL.id NOT IN (SELECT ALOG.id FROM related_activities AS related LEFT JOIN activity_log AS ALOG ON related.note_id = ALOG.note_id WHERE related.note_id IS NOT NULL AND related.deleted_at IS NULL AND ALOG.deleted_at IS NULL) AND AL.id NOT IN (SELECT ALOG.id FROM related_activities AS related LEFT JOIN activity_log AS ALOG ON related.contacts_id = ALOG.contacts_id WHERE related.contacts_id IS NOT NULL AND related.deleted_at IS NULL AND ALOG.deleted_at IS NULL) AND CASE WHEN AL.activity_type = \"N\" THEN CASE WHEN N.access_team = 1 THEN NT.teams_id IN (SELECT teams_id FROM team_members WHERE person_id = $$faculty$$ AND teams_id IN (SELECT teams_id FROM note_teams WHERE note_id = N.id AND deleted_at IS NULL)) AND $$noteTeamAccess$$ = 1 ELSE CASE WHEN N.access_private = 1 THEN N.person_id_faculty = $$faculty$$ ELSE N.access_public = 1 AND $$notePublicAccess$$ = 1 END END ELSE CASE WHEN AL.activity_type = \"C\" THEN CASE WHEN C.access_team = 1 THEN CT.teams_id IN (SELECT teams_id FROM team_members WHERE person_id = $$faculty$$ AND teams_id IN (SELECT teams_id FROM contacts_teams WHERE contacts_id = C.id AND deleted_at IS NULL)) AND $$contactTeamAccess$$ = 1 ELSE CASE WHEN C.access_private = 1 THEN C.person_id_faculty = $$faculty$$ ELSE C.access_public = 1 AND $$contactPublicAccess$$ = 1 END END ELSE CASE WHEN AL.activity_type = \"R\" THEN CASE WHEN R.access_team = 1 THEN RT.teams_id IN (SELECT teams_id FROM team_members WHERE person_id = $$faculty$$ AND teams_id IN (SELECT teams_id FROM referrals_teams WHERE referrals_id = R.id AND deleted_at IS NULL)) AND (($$referralTeamAccess$$ = 1 and R.is_reason_routed = 0) OR ($$referralTeamAccessReasonRouted$$ = 1 and R.is_reason_routed = 1)) ELSE CASE WHEN R.access_private = 1 THEN R.person_id_faculty = $$faculty$$ ELSE R.access_public = 1 AND (($$referralPublicAccess$$ = 1 and R.is_reason_routed = 0) OR ($$referralPublicAccessReasonRouted$$ = 1 and R.is_reason_routed = 1)) END END OR R.person_id_assigned_to = $$faculty$$ OR R.person_id_faculty = $$faculty$$ OR orgr.person_id = $$faculty$$ and R.person_id_assigned_to is null AND orgr.role_id IN ($$roleIds$$) AND (rr.is_primary_coordinator = 1 AND rr.person_id IS NULL) ELSE CASE WHEN AL.activity_type = \"A\" THEN 1 = 1 ELSE 1 = 1 END END END END GROUP BY AL.id ORDER BY act_date DESC'),
(21,NULL,NULL,NULL,NULL,NULL,NULL,'My_Team_Interactions_count_Groupby_Teams','E',1,'\n    select \n    tm.teams_id,\n    t.team_name,\n    count(al.id) as numbers,\n    \"interaction\" as activity\nfrom\n    Teams t,\n    team_members tm,\n    activity_log al\nwhere\n    tm.teams_id = t.id\n        and tm.organization_id = t.organization_id\n        and al.organization_id = tm.organization_id\n        and al.person_id_faculty = tm.person_id\n        and al.activity_type in (\"R\" , \"C\", \"N\", \"A\")\n        and al.activity_date between \"$$fromDate$$\" and \"$$toDate$$\"\n        and al.activity_date between \"$$academicStartDate$$\" and \"$$academicEndDate$$\"\n        and tm.teams_id in (SELECT \n            teams_id\n        FROM\n            team_members\n        where\n            is_team_leader = 1\n                and person_id = \"$$loggedUserId$$\"\n                and deleted_at IS NULL)\n        and tm.organization_id = \"$$organizationId$$\"\n        and t.deleted_at IS NULL\n        and tm.deleted_at IS NULL\n        and al.deleted_at IS NULL\ngroup by t.team_name '),
(22,NULL,NULL,NULL,NULL,NULL,NULL,'My_Team_Open_Referrals_count_Groupby_Teams','E',1,'\n    select\n    tm.teams_id,\n    t.team_name,\n    count(al.id) as numbers,\n    \"openreferrals\" as activity\nfrom\n    Teams t,\n    team_members tm,\n    activity_log al,\n    referrals r\nwhere\n    tm.teams_id = t.id\n        and tm.organization_id = t.organization_id\n        and al.organization_id = tm.organization_id\n        and al.person_id_faculty = tm.person_id\n        and al.activity_type = \"R\"\n        and r.id = al.referrals_id\n        and al.person_id_student in (select person_id from org_group_students where deleted_at is null and organization_id = \"$$organizationId$$\")\n        and r.status = \"O\"\n         and al.activity_date between \"$$fromDate$$\" and \"$$toDate$$\"\n        and al.activity_date between \"$$academicStartDate$$\" and \"$$academicEndDate$$\"\n        and tm.teams_id in (SELECT\n            teams_id\n        FROM\n            team_members\n        where\n            is_team_leader = 1\n                 and person_id = \"$$loggedUserId$$\"\n                and deleted_at IS NULL)\n        and tm.organization_id = \"$$organizationId$$\"\n        and t.deleted_at IS NULL\n        and tm.deleted_at IS NULL\n        and al.deleted_at IS NULL\ngroup by t.team_name '),
(23,NULL,NULL,NULL,NULL,NULL,NULL,'My_Team_Logins_Count_Groupby_Teams','E',1,'select tm.teams_id, t.team_name, count(al.id) as numbers, \'logins\' as activity from Teams t, team_members tm, activity_log al where tm.teams_id = t.id and tm.organization_id = t.organization_id and al.organization_id = tm.organization_id and al.person_id_faculty = tm.person_id and al.activity_type = \'L\' and al.activity_date between \'$$fromDate$$\' and \'$$toDate$$\' and tm.teams_id in (SELECT teams_id FROM team_members where is_team_leader = 1 and person_id = \'$$loggedUserId$$\' and deleted_at IS NULL) and tm.organization_id = \'$$organizationId$$\' and t.deleted_at IS NULL and tm.deleted_at IS NULL and al.deleted_at IS NULL group by t.team_name -- maxscale route to server slave1 '),
(24,NULL,NULL,NULL,NULL,NULL,NULL,'My_Team_List_with_OpenReferrals_and_otherActivities','E',1,'\n(select \"openreferrals\" as activity,al.activity_date as activity_date,al.person_id_faculty as team_member_id,pa.firstname as team_member_firstname,\npa.lastname as team_member_lastname, pa.username as primary_email,al.person_id_student as student_id,(CASE WHEN gs.person_id IS NOT NULL and gs.deleted_at IS NULL \nthen p.firstname ELSE \"\" END) as student_firstname,(CASE WHEN gs.person_id IS NOT NULL and gs.deleted_at IS NULL then p.lastname ELSE \"\" END) as student_lastname,\n\"O\" as activity_type, al.referrals_id, al.appointments_id, al.note_id, al.contacts_id, \"\" as reason_id, al.reason as reason_text,r.status,gs.person_id \nfrom activity_log al left join referrals r on r.id = al.referrals_id join org_group_students gs on (al.person_id_student = gs.person_id and gs.deleted_at is null and gs.org_group_id in \n(select distinct org_group_id from org_group_faculty where person_id in ($$personId$$) and deleted_at IS NULL )) \nleft join person pa on pa.id = al.person_id_faculty left join person p on p.id = al.person_id_student where al.activity_type in (\"R\") \nand al.activity_date between \"$$fromDate$$\" and \"$$toDate$$\" and al.activity_date between \"$$academicStartDate$$\" and \"$$academicEndDate$$\" and al.person_id_faculty in ($$teamMemberId$$) and al.deleted_at IS NULL and al.organization_id = \"$$organizationId$$\" \ngroup by al.id) union (select \"interactions\" as activity,al.activity_date as activity_date,al.person_id_faculty as team_member_id, pa.firstname as team_member_firstname,\npa.lastname as team_member_lastname, pa.username as primary_email,al.person_id_student as student_id,(CASE WHEN gs.person_id IS NOT NULL and gs.deleted_at IS NULL \nthen p.firstname ELSE \"\" END) as student_firstname,(CASE WHEN gs.person_id IS NOT NULL and gs.deleted_at IS NULL then p.lastname ELSE \"\" END) as student_lastname, \nal.activity_type as activity_type, al.referrals_id, al.appointments_id, al.note_id, al.contacts_id, \"\" as reason_id, al.reason as reason_text,\"\" as status,\ngs.person_id from activity_log al left outer join org_group_students gs on (al.person_id_student = gs.person_id and gs.org_group_id in \n(select distinct org_group_id from org_group_faculty where person_id in ($$personId$$) and deleted_at IS NULL )) left join person pa on pa.id = al.person_id_faculty \nleft join person p on p.id = al.person_id_student where al.activity_type in (\"A\",\"C\",\"N\",\"L\") and al.activity_date between \"$$fromDate$$\" and \"$$toDate$$\" \nand al.person_id_faculty in ($$teamMemberId$$) and al.deleted_at IS NULL and al.organization_id = \"$$organizationId$$\" group by al.id) [ORDER_BY] [LIMIT]\n'),
(25,NULL,NULL,NULL,NULL,NULL,NULL,'My_Team_List_without_Referrals','E',1,'\nselect \'interactions\' as activity,al.activity_date as activity_date,al.person_id_faculty as team_member_id,pa.firstname as team_member_firstname,pa.lastname as team_member_lastname, pa.username as primary_email,al.person_id_student as student_id, (CASE WHEN gs.person_id IS NOT NULL and gs.deleted_at IS NULL then p.firstname ELSE \'\' END) as student_firstname,(CASE WHEN gs.person_id IS NOT NULL and gs.deleted_at IS NULL then p.lastname ELSE \'\' END) as student_lastname,al.activity_type as activity_type, al.referrals_id, al.appointments_id, al.note_id, al.contacts_id, \'\' as reason_id, al.reason as reason_text,r.status,gs.person_id from activity_log al left join referrals r on r.id = al.referrals_id left outer join org_group_students gs on (al.person_id_student = gs.person_id and gs.org_group_id in (select distinct org_group_id from org_group_faculty where person_id in ($$personId$$) and deleted_at IS NULL )) left join person pa on pa.id = al.person_id_faculty left join person p on p.id = al.person_id_student where al.activity_type in (\'A\',\'C\',\'N\',\'R\') and al.activity_date between \'$$fromDate$$\' and \'$$toDate$$\' and al.person_id_faculty in ($$teamMemberId$$) and al.deleted_at IS NULL and al.organization_id = \'$$organizationId$$\'  group by al.id [ORDER_BY] [LIMIT] -- maxscale route to server slave1\n'),
(26,NULL,NULL,NULL,NULL,NULL,NULL,'My_Team_List_with_only_Logins','E',1,'\nselect \'logins\' as activity,al.activity_date as activity_date,al.person_id_faculty as team_member_id,pa.firstname as team_member_firstname,pa.lastname as team_member_lastname, ci.primary_email, \'\' as student_id, \'\' as student_firstname,\'\' as student_lastname,al.activity_type as activity_type, al.referrals_id, al.appointments_id, al.note_id, al.contacts_id, \'\' as activity_id, \'\' as reason_id, \'-\' as reason_text,\'\' as status from activity_log al left join person pa on pa.id = al.person_id_faculty left join person_contact_info pci on pci.person_id = al.person_id_faculty left join contact_info ci on ci.id = pci.contact_id where al.activity_type in (\'L\') and al.activity_date between \'$$fromDate$$\' and \'$$toDate$$\' and al.person_id_faculty in ($$teamMemberId$$) and al.deleted_at IS NULL and al.organization_id = \'$$organizationId$$\' [ORDER_BY] [LIMIT] -- maxscale route to server slave1\n'),
(27,NULL,NULL,NULL,NULL,NULL,NULL,'My_Team_List_with_only_OpenReferrals','E',1,'\nselect \"openreferrals\" as activity,al.activity_date as activity_date,al.person_id_faculty as team_member_id,pa.firstname as team_member_firstname,\npa.lastname as team_member_lastname, pa.username as primary_email,\nal.person_id_student as student_id, (CASE WHEN gs.person_id IS NOT NULL and gs.deleted_at IS NULL then p.firstname ELSE \"\" END) \nas student_firstname,(CASE WHEN gs.person_id IS NOT NULL and gs.deleted_at IS NULL then p.lastname ELSE \"\" END) as student_lastname,\"O\" as activity_type, \nal.referrals_id, al.appointments_id, al.note_id, al.contacts_id, \"\" as reason_id, al.reason as reason_text,r.status,gs.person_id from activity_log al \nleft join referrals r on r.id = al.referrals_id join org_group_students gs on (al.person_id_student = gs.person_id and gs.deleted_at is null and \ngs.org_group_id in (select distinct org_group_id from org_group_faculty where person_id in ($$personId$$) and deleted_at IS NULL )) \nleft join person pa on pa.id = al.person_id_faculty left join person p on p.id = al.person_id_student where al.activity_type in (\"R\") \nand r.status = \"O\" and al.activity_date between \"$$fromDate$$\" and \"$$toDate$$\" and al.activity_date between \"$$academicStartDate$$\" and \"$$academicEndDate$$\" and al.person_id_faculty in ($$teamMemberId$$) and al.deleted_at IS NULL \nand al.organization_id = \"$$organizationId$$\" group by al.id [ORDER_BY] [LIMIT]\n'),
(34,NULL,NULL,NULL,NULL,NULL,NULL,'My_High_priority_students_Count','E',1,'select count(distinct p.id) as highCount\n        from person p\n        LEFT JOIN org_person_student os on (os.person_id = p.id and os.organization_id = p.organization_id )     \n        join\n        (\n           select\n           ogs.person_id\n           from org_group_students ogs\n           join org_group_faculty ogf on ogs.org_group_id = ogf.org_group_id\n           and ogf.person_id = $$personId$$\n           and ogf.deleted_at is null\n           join org_permissionset op on op.id = ogf.org_permissionset_id\n           and op.deleted_at is null\n           and op.risk_indicator = 1\n           and op.accesslevel_ind_agg = 1\n           where ogs.deleted_at is null\n           union\n           all\n           select\n           ocs.person_id\n           from org_course_student ocs\n           join org_course_faculty ocf on ocs.org_courses_id = ocf.org_courses_id\n           and ocf.person_id = $$personId$$\n           and ocf.deleted_at is null\n           join org_permissionset op on op.id = ocf.org_permissionset_id\n           and op.deleted_at is null\n           and op.risk_indicator = 1\n           and op.accesslevel_ind_agg = 1\n           join org_courses oc on oc.id = ocf.org_courses_id\n           and oc.deleted_at is null\n           join org_academic_terms oat on oat.id = oc.org_academic_terms_id\n           and oat.deleted_at is null\n           and oat.end_date >= date(now())\n           where ocs.deleted_at is null\n        )\n        people_faculty_can_see_risk_for on p.id = people_faculty_can_see_risk_for.person_id\n        where (p.last_contact_date <= p.risk_update_date or p.last_contact_date is null)\n        and p.deleted_at is null\n        and p.risk_level in ($$risklevel$$) AND (os.status is null or os.status = 1) AND os.organization_id =  $$orgId$$ and os.deleted_at is null'),
(35,NULL,NULL,NULL,NULL,NULL,NULL,'My_Total_Students_Count_Groupby_Risk','E',1,'SELECT RL.id AS risk_level, count(DISTINCT P.id) as totalStudentsHighPriority, RL.risk_text, RL.image_name, RL.color_hex FROM risk_level AS RL INNER JOIN person AS P ON P.risk_level=RL.id AND P.deleted_at IS NULL LEFT JOIN org_person_student os on (os.person_id = P.id and os.organization_id = P.organization_id ) INNER JOIN (SELECT S.person_id AS person_id, F.org_permissionset_id AS permissionset_id FROM org_group_students AS S INNER JOIN org_group_faculty AS F ON F.org_group_id = S.org_group_id and F.deleted_at is null WHERE S.deleted_at is null AND F.person_id=$$personId$$ UNION ALL SELECT S.person_id AS student_id, F.org_permissionset_id AS permissionset_id FROM org_course_student AS S INNER JOIN org_courses AS C ON C.id = S.org_courses_id AND C.deleted_at is null INNER JOIN org_course_faculty AS F ON F.org_courses_id = S.org_courses_id AND F.deleted_at is null INNER JOIN org_academic_terms AS OAT ON OAT.id = C.org_academic_terms_id AND OAT.end_date >= now() AND OAT.deleted_at is null WHERE S.deleted_at is null AND F.person_id=$$personId$$) AS merged ON merged.person_id=P.id INNER JOIN org_permissionset OPS ON merged.permissionset_id = OPS.id AND (OPS.accesslevel_ind_agg = 1) AND OPS.risk_indicator = 1 WHERE (os.status is null or os.status = 1) AND os.organization_id = $$orgId$$ and os.deleted_at is null GROUP BY RL.id'),
(36,NULL,NULL,NULL,NULL,NULL,NULL,'My_High_priority_students_List','E',1,'\nselect\nSQL_CALC_FOUND_ROWS p.id,\np.id,\np.firstname,\np.lastname,\np.risk_level,\nitl.image_name as intent_imagename,\nitl.text as intent_text,\nrl.image_name as risk_imagename,\nrl.risk_text,\np.intent_to_leave as intent_leave,\n(count(distinct (lc.id))) as login_cnt,\np.cohert,\n(\n	select\n	(case when (activity_type=\'N\')\n		then concat(DATE_FORMAT(activity_date,\'%m/%d/%y\'), \' - \',\'Note\')\n		when (activity_type=\'A\')\n	then concat(DATE_FORMAT(activity_date,\'%m/%d/%y\'), \' - \',\'Appointment\')\n		when (activity_type=\'C\')\n				then concat(DATE_FORMAT(activity_date,\'%m/%d/%y\'), \' - \',\'Contact\')\n		when (activity_type=\'E\')\n				then concat(DATE_FORMAT(activity_date,\'%m/%d/%y\'), \' - \',\'Email\')\n		when (activity_type=\'R\')\n				then concat(DATE_FORMAT(activity_date,\'%m/%d/%y\'), \' - \',\'Referral\')\n				else\n					concat(DATE_FORMAT(activity_date,\'%m/%d/%y\'), \' - \',\'Login\')\n	END) as new\n    from activity_log where id =  max(lc.id)\n) as last_activity ,\nops.status,\nitl.color_hex as intent_color,\nrl.color_hex as risk_color,\n1 as risk_flag,\nunique_people_this_faculty_member_can_see_risk_for.intent_to_leave as intent_flag,\nelv.list_name as class_level\nfrom person p\nLEFT JOIN org_person_student os on (os.person_id = p.id and os.organization_id = p.organization_id )        \njoin\n(\n   select person_id, max(intent_to_leave) as intent_to_leave\n   from\n   (\n      select\n      ocs.person_id, flags.intent_to_leave\n      from org_course_student ocs\n      join\n      (\n         select\n         ocf.org_courses_id, op.intent_to_leave\n         from org_course_faculty ocf\n         join org_courses oc on oc.id = ocf.org_courses_id and oc.deleted_at is null\n         join org_academic_terms oat on oat.id = oc.org_academic_terms_id and oat.deleted_at is null\n         join org_permissionset op on ocf.org_permissionset_id = op.id and op.deleted_at is null\n         where ocf.person_id = $$personId$$\n         and ocf.deleted_at is null\n         and oat.end_date >= date(now())\n         and op.risk_indicator = 1\n         and op.accesslevel_ind_agg = 1\n      )\n      flags on flags.org_courses_id = ocs.org_courses_id and ocs.deleted_at is null\n      union\n      all\n      select\n      ogs.person_id, flags.intent_to_leave\n      from org_group_students ogs\n      join\n      (\n         select\n         ogf.org_group_id, op.intent_to_leave\n         from org_group_faculty ogf\n         join org_permissionset op on ogf.org_permissionset_id = op.id and op.deleted_at is null\n         where ogf.person_id = $$personId$$\n         and ogf.deleted_at is null\n         and op.risk_indicator = 1\n         and op.accesslevel_ind_agg = 1\n      )\n      flags on flags.org_group_id = ogs.org_group_id and ogs.deleted_at is null\n   )\n   non_unique_people_this_faculty_member_can_see_risk_for\n   group by person_id\n)\nunique_people_this_faculty_member_can_see_risk_for on p.id = unique_people_this_faculty_member_can_see_risk_for.person_id\ninner join org_person_student ops on ops.person_id = p.id and ops.deleted_at is null\nleft join risk_level rl on p.risk_level = rl.id\nleft join activity_log lc ON (lc.person_id_student = p.id and lc.deleted_at is null) and lc.activity_type in (\'R\',\'A\',\'C\',\'N\',\'E\')\nleft join intent_to_leave itl on itl.id = p.intent_to_leave\nleft join person_ebi_metadata pem on (pem.person_id = p.id and pem.ebi_metadata_id= [EBI_METADATA_CLASSLEVEL_ID] )\nleft join ebi_metadata_list_values elv on (elv.list_value = pem.metadata_value and elv.ebi_metadata_id = [EBI_METADATA_CLASSLEVEL_ID] )\nwhere p.risk_level in ($$risklevel$$)\nAND (p.last_contact_date < p.risk_update_date OR p.last_contact_date IS NULL)\nand p.deleted_at is null AND (os.status is null or os.status = 1) AND os.organization_id =  $$orgId$$ and os.deleted_at is null\ngroup by p.id\n[ORDER_BY]\n[LIMIT]\n'),
(37,NULL,NULL,NULL,NULL,NULL,NULL,'My_Total_students_List','E',1,'\nselect\nSQL_CALC_FOUND_ROWS p.id,\np.id,\np.firstname,\np.lastname,\np.risk_level,\nitl.image_name as intent_imagename,\nitl.text as intent_text,\nrl.image_name as risk_imagename,\nrl.risk_text,\np.intent_to_leave as intent_leave,\nlc.cnt as login_cnt,\np.cohert,\np.last_activity,\nops.status,\nitl.color_hex as intent_color,\nrl.color_hex as risk_color,\n1 as risk_flag,\nunique_people_this_faculty_member_can_see_risk_for.intent_to_leave as intent_flag,\nelv.list_name as class_level\nfrom person p\nLEFT JOIN org_person_student os on (os.person_id = p.id and os.organization_id = p.organization_id )         \njoin\n(\n   select person_id, max(intent_to_leave) as intent_to_leave\n   from\n   (\n      select\n      ocs.person_id, flags.intent_to_leave\n      from org_course_student ocs\n      join\n      (\n         select\n         ocf.org_courses_id, op.intent_to_leave\n         from org_course_faculty ocf\n         join org_courses oc on oc.id = ocf.org_courses_id and oc.deleted_at is null\n         join org_academic_terms oat on oat.id = oc.org_academic_terms_id and oat.deleted_at is null\n         join org_permissionset op on ocf.org_permissionset_id = op.id and op.deleted_at is null\n         where ocf.person_id = $$personId$$\n         and ocf.deleted_at is null\n         and oat.end_date >= date(now())\n         and op.risk_indicator = 1\n         and op.accesslevel_ind_agg = 1\n      )\n      flags on flags.org_courses_id = ocs.org_courses_id and ocs.deleted_at is null\n      union\n      all\n      select\n      ogs.person_id, flags.intent_to_leave\n      from org_group_students ogs\n      join\n      (\n         select\n         ogf.org_group_id, op.intent_to_leave\n         from org_group_faculty ogf\n         join org_permissionset op on ogf.org_permissionset_id = op.id and op.deleted_at is null\n         where ogf.person_id = $$personId$$\n         and ogf.deleted_at is null\n         and op.risk_indicator = 1\n         and op.accesslevel_ind_agg = 1\n      )\n      flags on flags.org_group_id = ogs.org_group_id and ogs.deleted_at is null\n   )\n   non_unique_people_this_faculty_member_can_see_risk_for\n   group by person_id\n)\nunique_people_this_faculty_member_can_see_risk_for on p.id = unique_people_this_faculty_member_can_see_risk_for.person_id\nleft join risk_level rl on p.risk_level = rl.id\nleft join Logins_count lc on lc.person_id = p.id\njoin org_person_student ops on ops.person_id = p.id and ops.deleted_at is null\nleft join intent_to_leave itl on itl.id = p.intent_to_leave\nleft join person_ebi_metadata pem on ( pem.person_id = p.id and pem.ebi_metadata_id = [EBI_METADATA_CLASSLEVEL_ID] )\nleft join ebi_metadata_list_values elv on (elv.list_value = pem.metadata_value and elv.ebi_metadata_id = [EBI_METADATA_CLASSLEVEL_ID] )\nwhere (p.risk_level in ($$risklevel$$) or p.risk_level is null)\nand p.deleted_at is null AND (os.status is null or os.status = 1) AND os.organization_id =  $$orgId$$ and os.deleted_at is null\n[ORDER_BY]\n[LIMIT]\n'),
(38,NULL,NULL,NULL,NULL,NULL,NULL,'My_Total_students_List_By_RiskLevel','E',1,'\nselect\nSQL_CALC_FOUND_ROWS p.id,\np.id,\np.firstname,\np.lastname,\np.risk_level,\nitl.image_name as intent_imagename,\nitl.text as intent_text,\nrl.image_name as risk_imagename,\nrl.risk_text,\np.intent_to_leave as intent_leave,\nlc.cnt as login_cnt,\np.cohert,\np.last_activity,\nops.status,\nitl.color_hex as intent_color,\nrl.color_hex as risk_color,\n1 as risk_flag,\nunique_people_this_faculty_member_can_see_risk_for.intent_to_leave as intent_flag,\nelv.list_name as class_level\nfrom person p\nLEFT JOIN org_person_student os on (os.person_id = p.id and os.organization_id = p.organization_id )        \njoin\n(\n   select person_id, max(intent_to_leave) as intent_to_leave\n   from\n   (\n      select\n      ocs.person_id, flags.intent_to_leave\n      from org_course_student ocs\n      join\n      (\n         select\n         ocf.org_courses_id, op.intent_to_leave\n         from org_course_faculty ocf\n         join org_courses oc on oc.id = ocf.org_courses_id and oc.deleted_at is null\n         join org_academic_terms oat on oat.id = oc.org_academic_terms_id and oat.deleted_at is null\n         join org_permissionset op on ocf.org_permissionset_id = op.id and op.deleted_at is null\n         where ocf.person_id = $$personId$$\n         and ocf.deleted_at is null\n         and oat.end_date >= date(now())\n         and op.risk_indicator = 1\n         and op.accesslevel_ind_agg = 1\n      )\n      flags on flags.org_courses_id = ocs.org_courses_id and ocs.deleted_at is null\n      union\n      all\n      select\n      ogs.person_id, flags.intent_to_leave\n      from org_group_students ogs\n      join\n      (\n         select\n         ogf.org_group_id, op.intent_to_leave\n         from org_group_faculty ogf\n         join org_permissionset op on ogf.org_permissionset_id = op.id and op.deleted_at is null\n         where ogf.person_id = $$personId$$\n         and ogf.deleted_at is null\n         and op.risk_indicator = 1\n         and op.accesslevel_ind_agg = 1\n      )\n      flags on flags.org_group_id = ogs.org_group_id and ogs.deleted_at is null\n   )\n   non_unique_people_this_faculty_member_can_see_risk_for\n   group by person_id\n)\nunique_people_this_faculty_member_can_see_risk_for on p.id = unique_people_this_faculty_member_can_see_risk_for.person_id\nleft join risk_level rl on p.risk_level = rl.id\nleft join Logins_count lc on lc.person_id = p.id\njoin org_person_student ops on ops.person_id = p.id and ops.deleted_at is null\nleft join intent_to_leave itl on itl.id = p.intent_to_leave\nleft join person_ebi_metadata pem on (pem.person_id = p.id and pem.ebi_metadata_id= [EBI_METADATA_CLASSLEVEL_ID] )\nleft join ebi_metadata_list_values elv on (elv.list_value = pem.metadata_value and elv.ebi_metadata_id = [EBI_METADATA_CLASSLEVEL_ID] )\nwhere p.deleted_at is null AND [RISK_LEVEL] AND (os.status is null or os.status = 1) AND os.organization_id =  $$orgId$$ and os.deleted_at is null\n[ORDER_BY]\n[LIMIT]\n'),
(39,NULL,NULL,NULL,NULL,NULL,NULL,'My_Open_Referrals_Received_List','E',1,'select \n    r.id as \'referral_id\',\n    r.person_id_student,\n    p.firstname,\n    p.lastname,\n    p.risk_level,\n    p.intent_to_leave,\n    rml.image_name,\n    rml.risk_text,\n    lc.cnt as login_cnt,\n    p.cohert,\n    p.last_activity\nFROM\n    referrals r\n        join\n    person p ON (r.person_id_student = p.id)\n        left join\n    referral_routing_rules rr ON (rr.activity_category_id = r.activity_category_id)\n        left join\n    organization_role orgr ON (r.organization_id = orgr.organization_id)\n        left join\n    risk_level rml ON (p.risk_level = rml.id)\n        left outer join\n    Logins_count lc ON (lc.person_id = r.person_id_student)\nwhere\n    r.deleted_at IS NULL AND r.status = \'O\'\n        and (r.person_id_assigned_to = $$personid$$\n        or (rr.person_id = $$personid$$\n        and r.person_id_assigned_to is null\n        and (rr.is_primary_coordinator = 0\n        or rr.is_primary_coordinator is null))\n        or (orgr.person_id = $$personid$$\n        and r.person_id_assigned_to is null\n        and orgr.role_id = 1\n        and (rr.is_primary_coordinator = 1\n        AND rr.person_id IS null)))\n		AND r.organization_id = $$orgid$$\ngroup by r.id -- maxscale route to server slave1 '),
(40,NULL,NULL,NULL,NULL,NULL,NULL,'My_Open_Referrals_Sent_List','E',1,'select r.id as \'referral_id\',r.person_id_student, p.firstname, p.lastname, p.risk_level, p.intent_to_leave,rml.image_name, rml.risk_text,lc.cnt as login_cnt, p.cohert, p.last_activity  FROM referrals r  join person p on (r.person_id_student = p.id ) LEFT join risk_level rml on (p.risk_level = rml.id) left outer join Logins_count lc on (lc.person_id = r.person_id_student)  where  r.deleted_at IS NULL AND (r.status = \'O\' or r.status=\'R\') and r.person_id_faculty = $$personid$$ -- maxscale route to server slave1 '),
(41,NULL,NULL,NULL,NULL,NULL,NULL,'Student_Profile_Datablock_Info','E',1,'select mm.id,\n                                mm.metadata_type,\n                                dml.datablock_desc as blockdesc,\n                                mml.meta_name,\n                                pm.metadata_value as myanswer,\n                                oay.name AS meta_year,\n                                oat.name AS meta_term,\n                                mm.scope\n                                from datablock_master dm\n                                JOIN datablock_master_lang dml ON dm.id = dml.datablock_id\n                                JOIN  datablock_metadata dmd ON dmd.datablock_id = dm.id\n                                JOIN ebi_metadata mm ON dmd.ebi_metadata_id = mm.id\n                                JOIN ebi_metadata_lang mml ON mml.ebi_metadata_id = mm.id\n                                JOIN person_ebi_metadata pm ON pm.ebi_metadata_id = mm.id\n                                LEFT JOIN org_academic_year oay ON pm.org_academic_year_id = oay.id\n                                LEFT JOIN org_academic_terms oat ON oat.id = pm.org_academic_terms_id\n                                where mml.lang_id= $$lang$$\n                                AND dm.block_type= \'profile\'\n                                AND pm.person_id = $$studentid$$\n                                AND dm.id IN($$datablockpermission$$)\n                                AND dm.deleted_at IS NULL\n                                AND  dml.deleted_at IS NULL\n                                AND dmd.deleted_at IS NULL\n                                AND mm.deleted_at IS NULL\n                                AND mml.deleted_at IS NULL\n                                AND pm.deleted_at IS NULL   -- maxscale route to server slave1\n                                '),
(42,NULL,NULL,NULL,NULL,NULL,NULL,'Student_Profile_ISP_Info','E',1,'select mm.id,mm.metadata_type,mm.meta_name,pm.metadata_value as myanswer from  org_metadata mm JOIN person_org_metadata pm ON pm.org_metadata_id = mm.id  where mm.definition_type=\"O\" AND pm.person_id = $$studentid$$ AND mm.id IN($$isppermission$$) AND mm.deleted_at IS NULL AND pm.deleted_at IS NULL -- maxscale route to server slave1 '),
(43,NULL,NULL,NULL,NULL,NULL,NULL,'Activity_All','E',1,'Select * from ((SELECT A.id AS AppointmentId, N.id AS NoteId, R.id AS ReferralId, C.id AS ContactId, AL.id AS activity_log_id, AL.created_at AS activity_date, AL.activity_type AS activity_type, AL.person_id_faculty AS activity_created_by_id, P.firstname AS activity_created_by_first_name, P.lastname AS activity_created_by_last_name, AC.id AS activity_reason_id, AC.short_name AS activity_reason_text, C.contact_types_id AS activity_contact_type_id, CTL.description AS activity_contact_type_text, R.status AS activity_referral_status, C.note AS contactDescription, R.note AS referralDescription, A.description AS appointmentDescription, N.note AS noteDescription, AL.created_at as created_date, E.id AS EmailId, E.email_subject AS activity_email_subject, E.email_body AS activity_email_body, A.start_date_time as app_created_date, C.contact_date as contact_created_date, AL.activity_date as act_date FROM activity_log AS AL LEFT JOIN appointment_recepient_and_status as ARS ON (AL.appointments_id = ARS.appointments_id) AND (ARS.deleted_at IS NULL) LEFT JOIN Appointments as A ON (ARS.appointments_id = A.id) LEFT JOIN appointments_teams AS APT ON A.id = APT.appointments_id LEFT JOIN note AS N ON AL.note_id = N.id LEFT JOIN note_teams AS NT ON N.id = NT.note_id LEFT JOIN contacts AS C ON AL.contacts_id = C.id LEFT JOIN contacts_teams AS CT ON C.id = CT.contacts_id LEFT JOIN email AS E ON AL.email_id = E.id LEFT JOIN email_teams AS ET ON E.id = ET.email_id LEFT JOIN referrals AS R ON AL.referrals_id = R.id LEFT JOIN referrals_teams AS RT ON R.id = RT.referrals_id LEFT JOIN activity_category AS AC ON A.activity_category_id = AC.id OR N.activity_category_id = AC.id OR R.activity_category_id = AC.id OR C.activity_category_id = AC.id OR E.activity_category_id = AC.id LEFT JOIN person AS P ON AL.person_id_faculty = P.id LEFT JOIN contact_types_lang AS CTL ON C.contact_types_id = CTL.contact_types_id LEFT JOIN organization_role as orgr ON orgr.organization_id = AL.organization_id LEFT JOIN referral_routing_rules as rr ON rr.activity_category_id = R.activity_category_id WHERE AL.person_id_student = $$studentId$$ AND AL.organization_id = $$orgId$$ AND AL.activity_type IN ($$acivityArr$$) AND AL.deleted_at IS NULL AND A.deleted_at IS NULL AND N.deleted_at IS NULL AND C.deleted_at IS NULL AND R.deleted_at IS NULL AND AL.id NOT IN (SELECT ALOG.id FROM related_activities AS related INNER JOIN activity_log AS ALOG ON related.note_id = ALOG.note_id WHERE related.note_id IS NOT NULL AND related.deleted_at IS NULL AND ALOG.deleted_at IS NULL) AND AL.id NOT IN (SELECT ALOG.id FROM related_activities AS related INNER JOIN activity_log AS ALOG ON related.contacts_id = ALOG.contacts_id WHERE related.contacts_id IS NOT NULL AND related.deleted_at IS NULL AND ALOG.deleted_at IS NULL) AND AL.id NOT IN (SELECT ALOG.id FROM related_activities AS related INNER JOIN activity_log AS ALOG ON related.email_id = ALOG.email_id WHERE related.email_id IS NOT NULL AND related.deleted_at IS NULL AND ALOG.deleted_at IS NULL) AND AL.id NOT IN (SELECT ALOG.id FROM related_activities AS related INNER JOIN activity_log AS ALOG ON related.referral_id = ALOG.referrals_id WHERE related.referral_id IS NOT NULL AND related.deleted_at IS NULL AND ALOG.deleted_at IS NULL) AND AL.id NOT IN (SELECT ALOG.id FROM related_activities AS related INNER JOIN activity_log AS ALOG ON related.appointment_id = ALOG.appointments_id WHERE related.appointment_id IS NOT NULL AND related.deleted_at IS NULL AND ALOG.deleted_at IS NULL) AND (CASE WHEN AL.activity_type = \"N\" THEN CASE WHEN N.access_team = 1 THEN NT.teams_id IN (SELECT teams_id FROM team_members WHERE person_id = $$faculty$$ AND teams_id IN (SELECT teams_id FROM note_teams WHERE note_id = N.id AND deleted_at IS NULL)) AND $$noteTeamAccess$$ = 1 ELSE CASE WHEN N.access_private = 1 THEN N.person_id_faculty = $$faculty$$ ELSE N.access_public = 1 AND $$notePublicAccess$$ = 1 END END OR N.person_id_faculty = $$faculty$$ ELSE CASE WHEN AL.activity_type = \"C\" THEN CASE WHEN C.access_team = 1 THEN CT.teams_id IN (SELECT teams_id FROM team_members WHERE person_id = $$faculty$$ AND teams_id IN (SELECT teams_id FROM contacts_teams WHERE contacts_id = C.id AND deleted_at IS NULL)) AND $$contactTeamAccess$$ = 1 ELSE CASE WHEN C.access_private = 1 THEN C.person_id_faculty = $$faculty$$ ELSE C.access_public = 1 AND $$contactPublicAccess$$ = 1 END END OR C.person_id_faculty = $$faculty$$ ELSE CASE WHEN AL.activity_type = \"E\" THEN CASE WHEN E.access_team = 1 THEN ET.teams_id IN (SELECT teams_id FROM team_members WHERE person_id = $$faculty$$ AND teams_id IN (SELECT teams_id FROM email_teams WHERE email_id = E.id AND deleted_at IS NULL)) AND $$emailTeamAccess$$ = 1 ELSE CASE WHEN E.access_private = 1 THEN E.person_id_faculty = $$faculty$$ ELSE E.access_public = 1 AND $$emailPublicAccess$$ = 1 END END OR E.person_id_faculty = $$faculty$$ ELSE CASE WHEN AL.activity_type = \"R\" THEN CASE WHEN R.access_team = 1 THEN RT.teams_id IN (SELECT teams_id FROM team_members WHERE person_id = $$faculty$$ AND teams_id IN (SELECT teams_id FROM referrals_teams WHERE referrals_id = R.id AND deleted_at IS NULL)) AND (($$referralTeamAccess$$ = 1 and is_reason_routed = 0) OR ($$referralTeamAccessReasonRouted$$ = 1 and is_reason_routed = 1)) ELSE CASE WHEN R.access_private = 1 THEN R.person_id_faculty = $$faculty$$ ELSE R.access_public = 1 AND (($$referralPublicAccess$$ = 1 and is_reason_routed = 0) OR ($$referralPublicAccessReasonRouted$$ = 1 and is_reason_routed = 1)) END END OR R.person_id_assigned_to = $$faculty$$ OR R.person_id_faculty = $$faculty$$ OR (orgr.person_id = $$faculty$$ AND orgr.role_id IN ($$roleIds$$) and R.person_id_student = $$studentId$$) ELSE CASE WHEN AL.activity_type = \"A\" THEN CASE WHEN A.access_team = 1 THEN APT.teams_id IN (SELECT teams_id FROM team_members WHERE person_id = $$faculty$$ AND teams_id IN (SELECT teams_id FROM appointments_teams WHERE appointments_id = A.id AND deleted_at IS NULL)) AND $$appointmentTeamAccess$$ = 1 ELSE CASE WHEN A.access_private = 1 THEN ARS.person_id_faculty = $$faculty$$ ELSE A.access_public = 1 AND $$appointmentPublicAccess$$ = 1 END END ELSE 1 = 1 END END END END END) GROUP BY AL.id) UNION ALL (SELECT null, null, R.id AS ReferralId, null, AL.id AS activity_log_id, AL.created_at AS activity_date, AL.activity_type AS activity_type, AL.person_id_faculty AS activity_created_by_id, P.firstname AS activity_created_by_first_name, P.lastname AS activity_created_by_last_name, AC.id AS activity_reason_id, AC.short_name AS activity_reason_text, null, null, R.status AS activity_referral_status, null, R.note AS referralDescription, null, null, AL.created_at as created_date, null, null, null, null, null, AL.activity_date as act_date FROM activity_log AS AL LEFT JOIN referrals AS R ON AL.referrals_id = R.id LEFT JOIN referrals_teams AS RT ON R.id = RT.referrals_id LEFT JOIN activity_category AS AC ON R.activity_category_id = AC.id LEFT JOIN person AS P ON AL.person_id_faculty = P.id LEFT JOIN referrals_interested_parties as rip ON rip.person_id = $$faculty$$ and R.id = rip.referrals_id where rip.person_id = $$faculty$$ and R.person_id_student = $$studentId$$ and rip.deleted_at is null and (CASE WHEN R.access_team = 1 THEN RT.teams_id IN (SELECT teams_id FROM team_members WHERE person_id = $$faculty$$ AND teams_id IN (SELECT teams_id FROM referrals_teams WHERE referrals_id = R.id AND deleted_at IS NULL)) AND (($$referralTeamAccess$$ = 1 and is_reason_routed = 0) OR ($$referralTeamAccessReasonRouted$$ = 1 and is_reason_routed = 1)) ELSE CASE WHEN R.access_private = 1 THEN (R.person_id_faculty = $$faculty$$ OR rip.person_id = $$faculty$$) ELSE R.access_public = 1 AND (($$referralPublicAccess$$ = 1 and is_reason_routed = 0) OR ($$referralPublicAccessReasonRouted$$ = 1 and is_reason_routed = 1)) END END))) merger group by activity_log_id ORDER BY act_date DESC'),
(44,NULL,NULL,NULL,NULL,NULL,NULL,'Activity_Note','E',1,'\nSELECT N.id AS activity_id, AL.id AS activity_log_id, N.note_date AS activity_date, N.person_id_faculty AS activity_created_by_id, P.firstname AS activity_created_by_first_name, P.lastname AS activity_created_by_last_name, AC.id AS activity_reason_id, AC.short_name AS activity_reason_text, N.note AS activity_description FROM activity_log AS AL LEFT JOIN note AS N ON AL.note_id = N.id LEFT JOIN person AS P ON N.person_id_faculty = P.id LEFT JOIN activity_category AS AC ON N.activity_category_id = AC.id LEFT JOIN note_teams AS NT ON N.id = NT.note_id LEFT JOIN related_activities as RA ON N.id  = RA.note_id LEFT JOIN activity_log AL1 ON  RA.activity_log_id = AL1.id LEFT JOIN referrals AS R ON  AL1.referrals_id = R.id LEFT JOIN note AS N1 ON  AL1.note_id = N1.id LEFT JOIN contacts AS C ON  AL1.contacts_id = C.id LEFT JOIN Appointments AS A ON  AL1.appointments_id = A.id WHERE AL.person_id_student = $$studentId$$ /*Student id in request parameter */ AND AL.deleted_at IS NULL AND N.deleted_at IS NULL AND ( CASE WHEN AL1.activity_type IS NOT NULL AND ((AL1.activity_type = \"R\" AND R.access_private = 1) OR (AL1.activity_type = \"C\" AND C.access_private = 1) OR (AL1.activity_type = \"N\" AND N.access_private = 1)) THEN N.person_id_faculty = $$faculty$$ ELSE CASE WHEN N.access_team = 1 THEN NT.teams_id IN (SELECT teams_id FROM team_members WHERE person_id = $$faculty$$ AND teams_id IN (SELECT teams_id from note_teams WHERE note_id = N.id AND deleted_at IS NULL))AND $$teamAccess$$ = 1 /* logged in person id*/ ELSE CASE WHEN N.access_private = 1 THEN N.person_id_faculty = $$faculty$$ /* logged in person id*/ ELSE N.access_public = 1 AND $$publicAccess$$ = 1 END END END OR N.person_id_faculty = $$faculty$$) GROUP BY N.id order by N.note_date desc\n     -- maxscale route to server slave1 '),
(45,NULL,NULL,NULL,NULL,NULL,NULL,'Activity_Contact','E',1,'\nSELECT C.id AS activity_id, AL.id AS activity_log_id, C.contact_date AS activity_date, C.person_id_faculty AS activity_created_by_id, P.firstname AS activity_created_by_first_name, P.lastname AS activity_created_by_last_name, AC.id AS activity_reason_id, AC.short_name AS activity_reason_text, C.note AS activity_description, C.contact_types_id AS activity_contact_type_id, CTL.description AS activity_contact_type_text , C.contact_date as contact_created_date  FROM activity_log AS AL LEFT JOIN contacts AS C ON AL.contacts_id = C.id LEFT JOIN person AS P ON C.person_id_faculty = P.id LEFT JOIN contact_types_lang AS CTL ON C.contact_types_id = CTL.contact_types_id LEFT JOIN activity_category AS AC ON C.activity_category_id = AC.id LEFT JOIN contacts_teams AS CT ON C.id = CT.contacts_id LEFT JOIN related_activities as RA ON C.id = RA.contacts_id LEFT JOIN activity_log AL1 ON RA.activity_log_id = AL1.id LEFT JOIN referrals AS R1 ON AL1.referrals_id = R1.id LEFT JOIN note AS N1 ON AL1.note_id = N1.id LEFT JOIN contacts AS C1 ON AL1.contacts_id = C1.id LEFT JOIN Appointments AS A1 ON AL1.appointments_id = A1.id WHERE C.person_id_student = $$studentId$$ AND C.deleted_at IS NULL AND ( CASE WHEN AL1.activity_type IS NOT NULL AND ((AL1.activity_type = \"R\" AND R1.access_private = 1) OR (AL1.activity_type = \"C\" AND C1.access_private = 1) OR (AL1.activity_type = \"N\" AND N1.access_private = 1)) THEN C.person_id_faculty = $$facultyId$$ ELSE CASE WHEN C.access_team = 1 THEN CT.teams_id IN (SELECT teams_id FROM team_members WHERE person_id = $$facultyId$$ AND teams_id IN (SELECT teams_id from contacts_teams WHERE contacts_id = C.id AND deleted_at IS NULL)) AND $$teamAccess$$ = 1 ELSE CASE WHEN C.access_private = 1 THEN C.person_id_faculty = $$facultyId$$ ELSE C.access_public = 1 AND $$publicAccess$$ = 1 END END END OR C.person_id_faculty = $$facultyId$$) GROUP BY C.id order by C.contact_date desc\n     -- maxscale route to server slave1 '),
(46,NULL,NULL,NULL,NULL,NULL,NULL,'Activity_Referral','E',1,'SELECT R.id AS activity_id, AL.id AS activity_log_id, R.referral_date AS activity_date, R.person_id_faculty AS activity_created_by_id, P.firstname AS activity_created_by_first_name, P.lastname AS activity_created_by_last_name, AC.id AS activity_reason_id, AC.short_name AS activity_reason_text, R.note AS activity_description, R.status AS activity_referral_status FROM activity_log AS AL LEFT JOIN referrals AS R ON AL.referrals_id = R.id LEFT JOIN person AS P ON R.person_id_faculty = P.id LEFT JOIN activity_category AS AC ON R.activity_category_id = AC.id LEFT JOIN referrals_teams AS RT ON R.id = RT.referrals_id LEFT JOIN organization_role as orgr ON orgr.organization_id = AL.organization_id LEFT JOIN referral_routing_rules as rr ON rr.activity_category_id = R.activity_category_id WHERE R.person_id_student = $$studentId$$ AND R.organization_id = $$orgId$$ AND R.deleted_at IS NULL AND (CASE WHEN access_team = 1 THEN RT.teams_id IN (SELECT teams_id FROM team_members WHERE person_id = $$faculty$$ AND teams_id IN (SELECT teams_id from referrals_teams WHERE referrals_id = R.id AND deleted_at IS NULL)) AND (($$teamAccess$$ = 1 and is_reason_routed = 0) OR ($$teamAccessReasonRouted$$ = 1 and is_reason_routed = 1)) ELSE CASE WHEN access_private = 1 THEN R.person_id_faculty = $$faculty$$ ELSE R.access_public = 1 AND (($$publicAccess$$ = 1 and is_reason_routed = 0) OR ($$publicAccessReasonRouted$$ = 1 and is_reason_routed = 1)) END END OR R.person_id_assigned_to = $$faculty$$ OR R.person_id_faculty = $$faculty$$ OR (orgr.person_id = $$faculty$$ AND orgr.role_id IN ($$roleIds$$) and R.person_id_student = $$studentId$$) OR (R.id IN (select rip.referrals_id from referrals_interested_parties as rip left join referrals as R2 ON R2.id = rip.referrals_id where rip.person_id = $$faculty$$ and R2.person_id_student = $$studentId$$ and rip.deleted_at is null and (CASE WHEN access_team = 1 THEN RT.teams_id IN (SELECT teams_id FROM team_members WHERE person_id = $$faculty$$ AND teams_id IN (SELECT teams_id from referrals_teams WHERE referrals_id = R.id AND deleted_at IS NULL)) AND (($$teamAccess$$ = 1 and is_reason_routed = 0) OR ($$teamAccessReasonRouted$$ = 1 and is_reason_routed = 1)) ELSE CASE WHEN access_private = 1 THEN (R.person_id_faculty = $$faculty$$ OR rip.person_id = $$faculty$$) ELSE R.access_public = 1 AND (($$publicAccess$$ = 1 and is_reason_routed = 0) OR ($$publicAccessReasonRouted$$ = 1 and is_reason_routed = 1)) END END)))) GROUP BY R.id order by R.referral_date desc'),
(47,NULL,NULL,NULL,NULL,NULL,NULL,'Activity_Contact_Interaction','E',1,'\nSELECT C.id AS activity_id, AL.id AS activity_log_id, C.contact_date AS activity_date, C.person_id_faculty AS activity_created_by_id, P.firstname AS activity_created_by_first_name, P.lastname AS activity_created_by_last_name, AC.id AS activity_reason_id, AC.short_name AS activity_reason_text, C.note AS activity_description, C.contact_types_id AS activity_contact_type_id, CTL.description AS activity_contact_type_text ,C.contact_date as contact_created_date  FROM activity_log AS AL LEFT JOIN contacts AS C ON AL.contacts_id = C.id LEFT JOIN person AS P ON C.person_id_faculty = P.id LEFT JOIN contact_types_lang AS CTL ON C.contact_types_id = CTL.contact_types_id LEFT JOIN activity_category AS AC ON C.activity_category_id = AC.id LEFT JOIN related_activities as RA ON C.id = RA.contacts_id LEFT JOIN activity_log AL1 ON RA.activity_log_id = AL1.id LEFT JOIN referrals AS R1 ON AL1.referrals_id = R1.id LEFT JOIN note AS N1 ON AL1.note_id = N1.id LEFT JOIN contacts AS C1 ON AL1.contacts_id = C1.id LEFT JOIN Appointments AS A1 ON AL1.appointments_id = A1.id LEFT JOIN contacts_teams AS CT ON C.id = CT.contacts_id LEFT JOIN contact_types AS CONT ON C.contact_types_id = CONT.id WHERE C.person_id_student = $$studentId$$ /* Student id in request parameter */ AND (CONT.parent_contact_types_id = 1 OR CONT.parent_contact_types_id IS NULL) AND C.deleted_at IS NULL AND ( CASE WHEN AL1.activity_type IS NOT NULL AND ((AL1.activity_type = \"R\" AND R1.access_private = 1) OR (AL1.activity_type = \"C\" AND C1.access_private = 1) OR (AL1.activity_type = \"N\" AND N1.access_private = 1)) THEN C.person_id_faculty = $$facultyId$$ ELSE CASE WHEN C.access_team = 1 THEN CT.teams_id IN (SELECT teams_id FROM team_members WHERE person_id = $$facultyId$$ AND teams_id IN (SELECT teams_id from contacts_teams WHERE contacts_id = C.id AND deleted_at IS NULL)) AND $$teamAccess$$ = 1 ELSE CASE WHEN C.access_private = 1 THEN C.person_id_faculty = $$facultyId$$ ELSE C.access_public = 1 AND $$publicAccess$$ = 1 END END END OR C.person_id_faculty = $$facultyId$$) GROUP BY C.id order by C.contact_date desc\n -- maxscale route to server slave1 '),
(48,NULL,NULL,NULL,NULL,NULL,NULL,'Activity_Count','E',1,'Select activity_type from (SELECT AL.activity_type AS activity_type, AL.id FROM activity_log AS AL LEFT JOIN appointment_recepient_and_status as ARS ON (AL.appointments_id = ARS.appointments_id) AND (ARS.deleted_at IS NULL) LEFT JOIN Appointments as A ON (ARS.appointments_id = A.id) LEFT JOIN appointments_teams AS APT ON A.id = APT.appointments_id LEFT JOIN note AS N ON AL.note_id = N.id LEFT JOIN note_teams AS NT ON N.id = NT.note_id LEFT JOIN contacts AS C ON AL.contacts_id = C.id LEFT JOIN contacts_teams AS CT ON C.id = CT.contacts_id LEFT JOIN email AS E ON AL.email_id = E.id LEFT JOIN email_teams AS ET ON E.id = ET.email_id LEFT JOIN referrals AS R ON AL.referrals_id = R.id LEFT JOIN referrals_teams AS RT ON R.id = RT.referrals_id LEFT JOIN activity_category AS AC ON A.activity_category_id = AC.id OR N.activity_category_id = AC.id OR R.activity_category_id = AC.id OR C.activity_category_id = AC.id LEFT JOIN related_activities as RA ON (N.id = RA.note_id OR C.id = RA.contacts_id) LEFT JOIN activity_log AL1 ON RA.activity_log_id = AL1.id LEFT JOIN referrals AS R1 ON AL1.referrals_id = R1.id LEFT JOIN note AS N1 ON AL1.note_id = N1.id LEFT JOIN contacts AS C1 ON AL1.contacts_id = C1.id LEFT JOIN Appointments AS A1 ON AL1.appointments_id = A1.id LEFT JOIN person AS P ON AL.person_id_faculty = P.id LEFT JOIN contact_types_lang AS CTL ON C.contact_types_id = CTL.contact_types_id LEFT JOIN organization_role as orgr ON orgr.organization_id = AL.organization_id LEFT JOIN referral_routing_rules as rr ON rr.activity_category_id = R.activity_category_id WHERE AL.person_id_student = $$studentId$$ AND AL.organization_id = $$orgId$$ AND AL.activity_type IN ($$acivityArr$$) AND AL.deleted_at IS NULL AND A.deleted_at IS NULL AND N.deleted_at IS NULL AND C.deleted_at IS NULL AND R.deleted_at IS NULL AND (CASE WHEN AL.activity_type = \"N\" THEN CASE WHEN AL1.activity_type IS NOT NULL AND ((AL1.activity_type = \"R\" AND R1.access_private = 1) OR (AL1.activity_type = \"C\" AND C1.access_private = 1) OR (AL1.activity_type = \"N\" AND N1.access_private = 1)) THEN N.person_id_faculty = $$faculty$$ ELSE CASE WHEN N.access_team = 1 THEN NT.teams_id IN (SELECT teams_id FROM team_members WHERE person_id = $$faculty$$ AND teams_id IN (SELECT teams_id from note_teams WHERE note_id = N.id AND deleted_at IS NULL)) AND $$noteTeamAccess$$ = 1 ELSE CASE WHEN N.access_private = 1 THEN N.person_id_faculty = $$faculty$$ ELSE N.access_public = 1 AND $$notePublicAccess$$ = 1 END END END OR N.person_id_faculty = $$faculty$$ ELSE CASE WHEN AL.activity_type = \"C\" THEN CASE WHEN AL1.activity_type IS NOT NULL AND ((AL1.activity_type = \"R\" AND R1.access_private = 1) OR (AL1.activity_type = \"C\" AND C1.access_private = 1) OR (AL1.activity_type = \"N\" AND N1.access_private = 1)) THEN C.person_id_faculty = $$faculty$$ ELSE CASE WHEN C.access_team = 1 THEN CT.teams_id IN (SELECT teams_id FROM team_members WHERE person_id = $$faculty$$ AND teams_id IN (SELECT teams_id from contacts_teams WHERE contacts_id = C.id AND deleted_at IS NULL)) AND $$contactTeamAccess$$ = 1 ELSE CASE WHEN C.access_private = 1 THEN C.person_id_faculty = $$faculty$$ ELSE C.access_public = 1 AND $$contactPublicAccess$$ = 1 END END END OR C.person_id_faculty = $$faculty$$ ELSE CASE WHEN AL.activity_type = \"E\" THEN CASE WHEN AL1.activity_type IS NOT NULL AND ((AL1.activity_type = \"R\" AND R1.access_private = 1) OR (AL1.activity_type = \"C\" AND C1.access_private = 1) OR (AL1.activity_type = \"N\" AND N1.access_private = 1)) THEN E.person_id_faculty = $$faculty$$ ELSE CASE WHEN E.access_team = 1 THEN ET.teams_id IN (SELECT teams_id FROM team_members WHERE person_id = $$faculty$$ AND teams_id IN (SELECT teams_id from email_teams WHERE email_id = E.id AND deleted_at IS NULL)) AND $$emailTeamAccess$$ = 1 ELSE CASE WHEN E.access_private = 1 THEN E.person_id_faculty = $$faculty$$ ELSE E.access_public = 1 AND $$emailPublicAccess$$ = 1 END END END OR E.person_id_faculty = $$faculty$$ ELSE CASE WHEN AL.activity_type = \"R\" THEN CASE WHEN R.access_team = 1 THEN RT.teams_id IN (SELECT teams_id FROM team_members WHERE person_id = $$faculty$$ AND teams_id IN (SELECT teams_id from referrals_teams WHERE referrals_id = R.id AND deleted_at IS NULL)) AND (($$referralTeamAccess$$ = 1 and R.is_reason_routed = 0) OR ($$referralTeamAccessReasonRouted$$ = 1 and R.is_reason_routed = 1)) ELSE CASE WHEN R.access_private = 1 THEN R.person_id_faculty = $$faculty$$ ELSE R.access_public = 1 AND (($$referralPublicAccess$$ = 1 and R.is_reason_routed = 0) OR ($$referralPublicAccessReasonRouted$$ = 1 and R.is_reason_routed = 1)) END END OR R.person_id_assigned_to = $$faculty$$ OR R.person_id_faculty = $$faculty$$ OR (orgr.person_id = $$faculty$$ AND orgr.role_id IN ($$roleIds$$) and R.person_id_student = $$studentId$$) ELSE CASE WHEN AL.activity_type = \"A\" THEN CASE WHEN A.access_team = 1 THEN APT.teams_id IN (SELECT teams_id FROM team_members WHERE person_id = $$faculty$$ AND teams_id IN (SELECT teams_id from appointments_teams WHERE appointments_id = A.id AND deleted_at IS NULL)) AND $$appointmentTeamAccess$$ = 1 ELSE CASE WHEN A.access_private = 1 THEN ARS.person_id_faculty = $$faculty$$ ELSE A.access_public = 1 AND $$appointmentPublicAccess$$ = 1 END END ELSE 1 = 1 END END END END END) GROUP BY AL.id UNION ALL (select \"R\" as activity_type, AL.id from referrals_interested_parties as rip left join referrals as R2 ON R2.id = rip.referrals_id LEFT JOIN activity_log AS AL ON AL.referrals_id = R2.id LEFT JOIN referrals_teams AS RT ON R2.id = RT.referrals_id where rip.person_id = $$faculty$$ and R2.person_id_student = $$studentId$$ and rip.deleted_at is null and (CASE WHEN R2.access_team = 1 THEN RT.teams_id IN (SELECT teams_id FROM team_members WHERE person_id = $$faculty$$ AND teams_id IN (SELECT teams_id from referrals_teams WHERE referrals_id = R2.id AND deleted_at IS NULL)) AND (($$referralTeamAccess$$ = 1 and R2.is_reason_routed = 0) OR ($$referralTeamAccessReasonRouted$$ = 1 and R2.is_reason_routed = 1)) ELSE CASE WHEN R2.access_private = 1 THEN (R2.person_id_faculty = $$faculty$$ OR rip.person_id = $$faculty$$) ELSE R2.access_public = 1 AND (($$referralPublicAccess$$ = 1 and R2.is_reason_routed = 0) OR ($$referralPublicAccessReasonRouted$$ = 1 and R2.is_reason_routed = 1)) END END))) merged group by id , activity_type'),
(49,NULL,NULL,NULL,NULL,NULL,NULL,'Activity_Contact_Int_Count','E',1,'SELECT COUNT(DISTINCT(C.id)) AS cnt FROM activity_log AS AL LEFT JOIN contacts AS C ON AL.contacts_id = C.id LEFT JOIN person AS P ON C.person_id_faculty = P.id LEFT JOIN contact_types_lang AS CTL ON C.contact_types_id = CTL.contact_types_id LEFT JOIN activity_category AS AC ON C.activity_category_id = AC.id LEFT JOIN contacts_teams AS CT ON C.id = CT.contacts_id LEFT JOIN related_activities as RA ON C.id = RA.contacts_id LEFT JOIN activity_log AL1 ON RA.activity_log_id = AL1.id LEFT JOIN referrals AS R1 ON AL1.referrals_id = R1.id LEFT JOIN note AS N1 ON AL1.note_id = N1.id LEFT JOIN contacts AS C1 ON AL1.contacts_id = C1.id LEFT JOIN Appointments AS A1 ON AL1.appointments_id = A1.id LEFT JOIN contact_types AS CONT ON C.contact_types_id = CONT.id WHERE C.person_id_student = $$studentId$$ /* Student id in request parameter */ AND (CONT.parent_contact_types_id = 1 OR CONT.parent_contact_types_id IS NULL)/* is interaction */ AND C.deleted_at IS NULL AND (CASE WHEN AL1.activity_type IS NOT NULL AND ((AL1.activity_type = \"R\" AND R1.access_private = 1) OR (AL1.activity_type = \"C\" AND C1.access_private = 1) OR (AL1.activity_type = \"N\" AND N1.access_private = 1)) THEN C.person_id_faculty = $$facultyId$$ ELSE CASE WHEN C.access_team = 1 THEN CT.teams_id IN (SELECT teams_id FROM team_members WHERE person_id = $$facultyId$$ AND teams_id IN (SELECT teams_id FROM contacts_teams WHERE contacts_id = C.id AND deleted_at IS NULL)) AND $$teamAccess$$ = 1 ELSE CASE WHEN C.access_private = 1 THEN C.person_id_faculty = $$facultyId$$  ELSE C.access_public = 1 AND $$publicAccess$$ = 1 END END END OR C.person_id_faculty = $$facultyId$$) -- maxscale route to server slave1 '),
(50,NULL,NULL,NULL,NULL,NULL,NULL,'Coordinator_Activity_All','E',1,'SELECT A.id as AppointmentId, N.id as NoteId,R.id as ReferralId,C.id  as ContactId,AL.id as activity_log_id,AL.created_at as activity_date,AL.activity_type  as activity_type,AL.person_id_faculty as activity_created_by_id,P.firstname as activity_created_by_first_name,P.lastname as activity_created_by_last_name,AC.id as activity_reason_id,AC.short_name as activity_reason_text,C.contact_types_id as activity_contact_type_id,CTL.description  as activity_contact_type_text,R.status as activity_referral_status,C.note as contactDescription,R.note as referralDescription,A.description as appointmentDescription,N.note as noteDescription FROM activity_log as AL LEFT JOIN Appointments as A ON AL.appointments_id = A.id LEFT JOIN note as N ON AL.note_id = N.id LEFT JOIN note_teams  as NT ON N.id = NT.note_id LEFT JOIN contacts as C ON AL.contacts_id = C.id LEFT JOIN contacts_teams  as CT ON C.id = CT.contacts_id LEFT JOIN referrals as R ON AL.referrals_id = R.id LEFT JOIN referrals_teams  as RT ON R.id = RT.referrals_id LEFT JOIN activity_category as AC ON A.activity_category_id = AC.id OR N.activity_category_id = AC.id OR R.activity_category_id = AC.id OR C.activity_category_id = AC.id LEFT JOIN person as P ON AL.person_id_faculty = P.id LEFT JOIN contact_types_lang as CTL ON C.contact_types_id = CTL.contact_types_id WHERE AL.person_id_student = $$studentId$$ AND AL.organization_id = $$orgId$$ AND AL.activity_type IN ($$acivityArr$$) AND AL.deleted_at IS NULL AND A.deleted_at IS NULL AND N.deleted_at IS NULL AND C.deleted_at IS NULL AND R.deleted_at IS NULL AND  AL.id NOT IN( SELECT ALOG.id  FROM  related_activities as related  LEFT JOIN activity_log as ALOG ON related.note_id = ALOG.note_id where related.note_id IS NOT NULL  AND related.deleted_at IS NULL  AND ALOG.deleted_at IS NULL)  AND  AL.id NOT IN( SELECT ALOG.id  FROM  related_activities as related LEFT JOIN activity_log as ALOG ON related.contacts_id = ALOG.contacts_id where related.contacts_id IS NOT NULL  AND related.deleted_at IS NULL AND ALOG.deleted_at IS NULL) GROUP BY AL.id ORDER BY AL.created_at desc -- maxscale route to server slave1 '),
(51,NULL,NULL,NULL,NULL,NULL,NULL,'Coordinator_Activity_Note','E',1,'SELECT N.id as activity_id,AL.id as activity_log_id,  N.created_at as  activity_date,  N.person_id_faculty as activity_created_by_id , P.firstname as activity_created_by_first_name, P.lastname as activity_created_by_last_name, AC.id as activity_reason_id, AC.short_name as activity_reason_text, N.note as activity_description FROM activity_log as AL  LEFT JOIN note as N ON  AL.note_id = N.id LEFT JOIN person as P ON  N.person_id_faculty = P.id LEFT JOIN activity_category as AC ON N.activity_category_id  = AC.id LEFT JOIN note_teams  as NT ON N.id = NT.note_id WHERE AL.person_id_student = $$studentId$$ /*Student id in request parameter */ AND AL.deleted_at IS NULL AND N.deleted_at IS NULL AND AL.activity_type = \"N\" AND AL.id NOT IN(SELECT ALOG.id  FROM  related_activities as related LEFT JOIN activity_log as ALOG ON related.note_id = ALOG.note_id	where related.note_id IS NOT NULL 	AND related.deleted_at IS NULL 	AND ALOG.deleted_at IS NULL) GROUP BY N.id -- maxscale route to server slave1 '),
(52,NULL,NULL,NULL,NULL,NULL,NULL,'Coordinator_Activity_Contact','E',1,'SELECT  C.id as activity_id, AL.id as activity_log_id, C.created_at as  activity_date, C.person_id_faculty as activity_created_by_id , P.firstname as activity_created_by_first_name, P.lastname as activity_created_by_last_name, AC.id as activity_reason_id, AC.short_name as activity_reason_text, C.note as activity_description, C.contact_types_id  as activity_contact_type_id,CTL.description  as activity_contact_type_text FROM activity_log as AL LEFT JOIN contacts as C ON  AL.contacts_id = C.id LEFT JOIN person as P  ON C.person_id_faculty = P.id  LEFT JOIN contact_types_lang as CTL ON C.contact_types_id = CTL.contact_types_id LEFT JOIN activity_category as AC ON C.activity_category_id  =  AC.id LEFT JOIN contacts_teams  as CT ON C.id = CT.contacts_id  WHERE C.person_id_student  = $$studentId$$ AND C.deleted_at  IS NULL AND  AL.id NOT IN(SELECT ALOG.id  FROM  related_activities as related LEFT JOIN activity_log as ALOG ON related.contacts_id = ALOG.contacts_id where related.contacts_id IS NOT NULL AND related.deleted_at IS NULL AND ALOG.deleted_at IS NULL) GROUP BY C.id -- maxscale route to server slave1 '),
(53,NULL,NULL,NULL,NULL,NULL,NULL,'Coordinator_Activity_Referral','E',1,'SELECT R.id as activity_id,AL.id as activity_log_id,R.created_at as  activity_date,R.person_id_faculty as activity_created_by_id ,P.firstname as activity_created_by_first_name,P.lastname as activity_created_by_last_name,AC.id as activity_reason_id,AC.short_name as activity_reason_text, R.note as activity_description,R.status as activity_referral_status FROM activity_log as AL LEFT JOIN referrals as R ON  AL.referrals_id = R.id LEFT JOIN person as P ON  R.person_id_faculty = P.id LEFT JOIN activity_category as AC ON R.activity_category_id  =  AC.id LEFT JOIN referrals_teams  as RT ON R.id = RT.referrals_id  WHERE R.person_id_student = $$studentId$$ /* Student id in request parameter */ AND R.deleted_at IS NULL GROUP BY R.id -- maxscale route to server slave1 '),
(54,NULL,NULL,NULL,NULL,NULL,NULL,'Coordinator_Activity_Contact_Interaction','E',1,'SELECT C.id as activity_id, AL.id as activity_log_id,C.created_at as  activity_date,C.person_id_faculty as activity_created_by_id ,P.firstname as activity_created_by_first_name,P.lastname as activity_created_by_last_name,AC.id as activity_reason_id,AC.short_name as activity_reason_text,C.note as activity_description,C.contact_types_id  as activity_contact_type_id,CTL.description  as activity_contact_type_text FROM activity_log as AL LEFT JOIN contacts as C ON  AL.contacts_id = C.id LEFT JOIN person as P  ON C.person_id_faculty = P.id LEFT JOIN contact_types_lang as CTL ON C.contact_types_id = CTL.contact_types_id LEFT JOIN activity_category as AC ON C.activity_category_id  =  AC.id LEFT JOIN contacts_teams  as CT ON C.id = CT.contacts_id LEFT JOIN contact_types  as CONT ON C.contact_types_id = CONT.id WHERE C.person_id_student  = $$studentId$$ /* Student id in request parameter */ AND (CONT.parent_contact_types_id = 1 OR CONT.parent_contact_types_id IS NULL) /* is interaction */ AND C.deleted_at  IS NULL AND  AL.id NOT IN( SELECT ALOG.id  FROM  related_activities as related LEFT JOIN activity_log as ALOG ON related.contacts_id = ALOG.contacts_id where related.contacts_id IS NOT NULL AND related.deleted_at IS NULL AND ALOG.deleted_at IS NULL) GROUP BY C.id -- maxscale route to server slave1 '),
(55,NULL,NULL,NULL,NULL,NULL,NULL,'Coordinator_Activity_Count','E',1,'SELECT  AL.activity_type as activity_type FROM activity_log as AL LEFT JOIN Appointments as A ON AL.appointments_id = A.id LEFT JOIN note as N ON AL.note_id = N.id LEFT JOIN note_teams  as NT ON N.id = NT.note_id LEFT JOIN contacts as C ON AL.contacts_id = C.id LEFT JOIN contacts_teams  as CT ON C.id = CT.contacts_id LEFT JOIN referrals as R ON AL.referrals_id = R.id LEFT JOIN referrals_teams  as RT ON R.id = RT.referrals_id LEFT JOIN activity_category as AC ON A.activity_category_id = AC.id OR N.activity_category_id = AC.id OR R.activity_category_id = AC.id OR C.activity_category_id = AC.id LEFT JOIN person as P ON AL.person_id_faculty = P.id LEFT JOIN contact_types_lang as CTL ON C.contact_types_id = CTL.contact_types_id WHERE AL.person_id_student = $$studentId$$ AND AL.organization_id = $$orgId$$ AND AL.activity_type IN ($$acivityArr$$) AND AL.deleted_at IS NULL AND A.deleted_at IS NULL AND N.deleted_at IS NULL AND C.deleted_at IS NULL AND R.deleted_at IS NULL GROUP BY AL.id ORDER BY AL.created_at desc -- maxscale route to server slave1 '),
(56,NULL,NULL,NULL,NULL,NULL,NULL,'Coordinator_Activity_Contact_Int_Count','E',1,'SELECT COUNT(DISTINCT(C.id)) as cnt FROM activity_log as AL LEFT JOIN contacts as C ON  AL.contacts_id = C.id LEFT JOIN person as P  ON C.person_id_faculty = P.id LEFT JOIN contact_types_lang as CTL ON C.contact_types_id = CTL.contact_types_id LEFT JOIN activity_category as AC ON C.activity_category_id  =  AC.id LEFT JOIN contacts_teams  as CT ON C.id = CT.contacts_id LEFT JOIN contact_types  as CONT ON C.contact_types_id = CONT.id WHERE C.person_id_student  = $$studentId$$ /* Student id in request parameter */ AND (CONT.parent_contact_types_id = 1 OR CONT.parent_contact_types_id IS NULL) /* is interaction */ AND C.deleted_at  IS NULL AND  AL.id NOT IN( SELECT ALOG.id  FROM  related_activities as related LEFT JOIN activity_log as ALOG ON related.contacts_id = ALOG.contacts_id where related.contacts_id IS NOT NULL AND related.deleted_at IS NULL AND ALOG.deleted_at IS NULL) -- maxscale route to server slave1 '),
(57,NULL,NULL,NULL,NULL,NULL,NULL,'All_My_Student','P',1,'SELECT SQL_CALC_FOUND_ROWS P.id , P.id AS student,  P.firstname, P.lastname, P.risk_level, RL.risk_text, RL.image_name, IL.text AS intent_to_leave_text, IL.image_name AS intent_to_leave_image, RML.risk_model_id, P.last_activity, OPS.surveycohort AS student_cohort, (count(distinct (acl.id))) as cnt, OPS.status, OPS.photo_url,pem.metadata_value as class_level FROM person P LEFT JOIN  risk_level AS RL ON P.risk_level = RL.id LEFT JOIN risk_model_levels AS RML ON RML.risk_level = RL.id LEFT JOIN intent_to_leave AS IL ON P.intent_to_leave = IL.id LEFT JOIN org_person_student AS OPS ON OPS.person_id = P.id LEFT JOIN activity_log acl on (acl.person_id_student = P.id) LEFT JOIN person_ebi_metadata as pem on (pem.person_id = P.id and pem.ebi_metadata_id IN ( Select id from ebi_metadata where meta_key =\"ClassLevel\")) where   P.id IN ($$personIds$$ ) GROUP BY P.id -- maxscale route to server slave1 '),
(58,NULL,NULL,NULL,NULL,NULL,NULL,'My_Primary_Campus_Connection','P',1,'SELECT SQL_CALC_FOUND_ROWS P.id , P.id AS student,  P.firstname, P.lastname, P.risk_level, RL.risk_text, RL.image_name, IL.text AS intent_to_leave_text, IL.image_name AS intent_to_leave_image, RML.risk_model_id, P.last_activity, OPS.surveycohort AS student_cohort, (count(distinct (acl.id))) as cnt, OPS.status, OPS.photo_url,pem.metadata_value as class_level FROM person P LEFT JOIN  risk_level AS RL ON P.risk_level = RL.id LEFT JOIN risk_model_levels AS RML ON RML.risk_level = RL.id LEFT JOIN intent_to_leave AS IL ON P.intent_to_leave = IL.id LEFT JOIN org_person_student AS OPS ON OPS.person_id = P.id LEFT JOIN activity_log acl on (acl.person_id_student = P.id) LEFT JOIN person_ebi_metadata as pem on (pem.person_id = P.id and pem.ebi_metadata_id IN ( Select id from ebi_metadata where meta_key =\"ClassLevel\")) where   OPS.person_id_primary_connect = $$facultyId$$ AND P.id IN ($$personIds$$ ) GROUP BY P.id -- maxscale route to server slave1 '),
(59,NULL,NULL,NULL,NULL,NULL,NULL,'Class_Level','P',1,'SELECT SQL_CALC_FOUND_ROWS P.id , P.id AS student,  P.firstname, P.lastname, P.risk_level, RL.risk_text, RL.image_name, IL.text AS intent_to_leave_text, IL.image_name AS intent_to_leave_image, RML.risk_model_id, P.last_activity, OPS.surveycohort AS student_cohort, (count(distinct (acl.id))) as cnt, OPS.status, OPS.photo_url,pem.metadata_value as class_level FROM person P LEFT JOIN  risk_level AS RL ON P.risk_level = RL.id LEFT JOIN risk_model_levels AS RML ON RML.risk_level = RL.id LEFT JOIN intent_to_leave AS IL ON P.intent_to_leave = IL.id LEFT JOIN org_person_student AS OPS ON OPS.person_id = P.id LEFT JOIN activity_log acl on (acl.person_id_student = P.id) LEFT JOIN person_ebi_metadata AS PEM ON PEM.person_id = P.id LEFT JOIN person_ebi_metadata as pem on (pem.person_id = P.id and pem.ebi_metadata_id IN ( Select id from ebi_metadata where meta_key =\"ClassLevel\")) where   PEM.ebi_metadata_id IN (SELECT id FROM ebi_metadata WHERE meta_key=\"ClassLevel\") AND P.id IN ($$personIds$$ ) GROUP BY P.id -- maxscale route to server slave1 '),
(60,NULL,NULL,NULL,NULL,NULL,NULL,'At_Risk','P',1,'SELECT SQL_CALC_FOUND_ROWS P.id , P.id AS student,  P.firstname, P.lastname, P.risk_level, RL.risk_text, RL.image_name, IL.text AS intent_to_leave_text, IL.image_name AS intent_to_leave_image, RML.risk_model_id, P.last_activity, OPS.surveycohort AS student_cohort, (count(distinct (acl.id))) as cnt, OPS.status, OPS.photo_url,pem.metadata_value as class_level FROM person P LEFT JOIN  risk_level AS RL ON P.risk_level = RL.id LEFT JOIN risk_model_levels AS RML ON RML.risk_level = RL.id LEFT JOIN intent_to_leave AS IL ON P.intent_to_leave = IL.id LEFT JOIN org_person_student AS OPS ON OPS.person_id = P.id LEFT JOIN activity_log acl on (acl.person_id_student = P.id) LEFT JOIN person_ebi_metadata as pem on (pem.person_id = P.id and pem.ebi_metadata_id IN ( Select id from ebi_metadata where meta_key =\"ClassLevel\")) where   P.risk_level IN(1,2) AND P.id IN ($$personIds$$ ) GROUP BY P.id -- maxscale route to server slave1 '),
(61,NULL,NULL,NULL,NULL,NULL,NULL,'High_Priority_Students','P',1,'SELECT SQL_CALC_FOUND_ROWS\n    P.id,\n    P.id AS student,\n    P.firstname,\n    P.lastname,\n    P.risk_level,\n    RL.risk_text,\n    RL.image_name,\n    IL.text AS intent_to_leave_text,\n    IL.image_name AS intent_to_leave_image,\n    RML.risk_model_id,\n    P.last_activity,\n    OPS.surveycohort AS student_cohort,\n    (COUNT(DISTINCT (acl.id))) AS cnt,\n    OPS.status,\n    OPS.photo_url,\n    pem.metadata_value AS class_level\nFROM\n    person P\n        LEFT JOIN\n    risk_level AS RL ON P.risk_level = RL.id\n        LEFT JOIN\n    risk_model_levels AS RML ON RML.risk_level = RL.id\n        LEFT JOIN\n    intent_to_leave AS IL ON P.intent_to_leave = IL.id\n        LEFT JOIN\n    org_person_student AS OPS ON OPS.person_id = P.id\n        LEFT JOIN\n    activity_log acl ON (acl.person_id_student = P.id)\n        LEFT JOIN\n    person_ebi_metadata AS pem ON (pem.person_id = P.id\n        AND pem.ebi_metadata_id IN (SELECT \n            id\n        FROM\n            ebi_metadata\n        WHERE\n            meta_key = \'ClassLevel\'))\nWHERE\n    P.risk_level IN (1 , 2)\n        AND (P.risk_update_date > P.last_contact_date\n        OR P.last_contact_date IS NULL)\n        AND P.id IN ($$personIds$$)\nGROUP BY P.id -- maxscale route to server slave1 '),
(62,NULL,NULL,NULL,NULL,NULL,NULL,'Respondents_To_Current_Survey','P',1,'\nSELECT SQL_CALC_FOUND_ROWS P.id, P.id AS student, P.firstname, P.lastname, P.risk_level, RL.risk_text, RL.image_name, IL.text AS intent_to_leave_text, IL.image_name AS intent_to_leave_image, ( SELECT RML.risk_model_id FROM risk_model_levels AS RML WHERE RML.risk_level = RL.id LIMIT 1) AS risk_model_id, P.last_activity, OPS.surveycohort AS student_cohort, (COUNT(DISTINCT (acl.id))) AS cnt, OPS.status, OPS.photo_url, pem.metadata_value AS class_level FROM person P LEFT JOIN intent_to_leave AS IL FORCE INDEX (PRIMARY) ON P.intent_to_leave = IL.id LEFT JOIN risk_level AS RL FORCE INDEX (PRIMARY) ON P.risk_level = RL.id LEFT JOIN org_person_student AS OPS ON OPS.person_id = P.id LEFT JOIN activity_log acl ON (acl.person_id_student = P.id) INNER JOIN survey_response AS SR ON SR.person_id = P.id INNER JOIN wess_link AS WL ON WL.survey_id = SR.survey_id LEFT JOIN person_ebi_metadata AS pem ON (pem.person_id = P.id AND pem.ebi_metadata_id IN (SELECT id FROM ebi_metadata WHERE meta_key = \"ClassLevel\")) WHERE P.id IN ($$personIds$$ ) AND WL.id = (SELECT id from wess_link where year_id = $$yearText$$ AND org_id = $$orgId$$ AND status in (\"launched\", \"closed\") ORDER BY close_date DESC LIMIT 1) GROUP BY P.id  \n'),
(63,NULL,NULL,NULL,NULL,NULL,NULL,'Non_Respondents_To_Current_Survey','P',1,'SELECT SQL_CALC_FOUND_ROWS P.id , P.id AS student,  P.firstname, P.lastname, P.risk_level, RL.risk_text, RL.image_name, IL.text AS intent_to_leave_text, IL.image_name AS intent_to_leave_image, RML.risk_model_id, P.last_activity, OPS.surveycohort AS student_cohort, (count(distinct (acl.id))) as cnt, OPS.status, OPS.photo_url,pem.metadata_value as class_level FROM person P LEFT JOIN  risk_level AS RL ON P.risk_level = RL.id LEFT JOIN risk_model_levels AS RML ON RML.risk_level = RL.id LEFT JOIN intent_to_leave AS IL ON P.intent_to_leave = IL.id LEFT JOIN org_person_student AS OPS ON OPS.person_id = P.id LEFT JOIN activity_log acl on (acl.person_id_student = P.id) LEFT JOIN survey_response AS SR ON SR.person_id = P.id LEFT JOIN person_ebi_metadata as pem on (pem.person_id = P.id and pem.ebi_metadata_id IN ( Select id from ebi_metadata where meta_key =\"ClassLevel\")) where   P.id IN ($$personIds$$ ) AND P.id NOT IN (SELECT DISTINCT(person_id) FROM survey_response AS SR WHERE SR.org_id = $$orgId$$ AND SR.org_academic_year_id = $$yearId$$ AND SR.survey_id IN (SELECT DISTINCT(survey_id) FROM wess_link WHERE year_id = $$yearText$$ AND status= \"launched\" AND org_id = $$orgId$$)) GROUP BY P.id -- maxscale route to server slave1 '),
(64,NULL,NULL,NULL,NULL,NULL,NULL,'Accessed_Current_Survey_Report','P',1,'SELECT SQL_CALC_FOUND_ROWS P.id , P.id AS student,  P.firstname, P.lastname, P.risk_level, RL.risk_text, RL.image_name, IL.text AS intent_to_leave_text, IL.image_name AS intent_to_leave_image, RML.risk_model_id, P.last_activity, OPS.surveycohort AS student_cohort, (count(distinct (acl.id))) as cnt, OPS.status, OPS.photo_url,pem.metadata_value as class_level FROM person P LEFT JOIN  risk_level AS RL ON P.risk_level = RL.id LEFT JOIN risk_model_levels AS RML ON RML.risk_level = RL.id LEFT JOIN intent_to_leave AS IL ON P.intent_to_leave = IL.id LEFT JOIN org_person_student AS OPS ON OPS.person_id = P.id LEFT JOIN activity_log acl on (acl.person_id_student = P.id) LEFT JOIN org_survey_report_access_history AS SR ON SR.person_id = P.id LEFT JOIN person_ebi_metadata as pem on (pem.person_id = P.id and pem.ebi_metadata_id IN ( Select id from ebi_metadata where meta_key =\"ClassLevel\")) where   P.id IN ($$personIds$$ ) AND SR.survey_id IN (SELECT DISTINCT(survey_id) FROM wess_link WHERE year_id = $$yearText$$ AND status= \"launched\" AND org_id = $$orgId$$) AND SR.deleted_at IS NULL GROUP BY P.id -- maxscale route to server slave1 '),
(65,NULL,NULL,NULL,NULL,NULL,NULL,'Not_Accessed_Current_Survey_Report','P',1,'SELECT SQL_CALC_FOUND_ROWS P.id ,  P.id AS student,  P.firstname, P.lastname, P.risk_level, RL.risk_text, RL.image_name, IL.text AS intent_to_leave_text, IL.image_name AS intent_to_leave_image, RML.risk_model_id, P.last_activity, OPS.surveycohort AS student_cohort, (count(distinct (acl.id))) as cnt, OPS.status, OPS.photo_url,pem.metadata_value as class_level FROM person P LEFT JOIN  risk_level AS RL ON P.risk_level = RL.id LEFT JOIN risk_model_levels AS RML ON RML.risk_level = RL.id LEFT JOIN intent_to_leave AS IL ON P.intent_to_leave = IL.id LEFT JOIN org_person_student AS OPS ON OPS.person_id = P.id LEFT JOIN activity_log acl on (acl.person_id_student = P.id) LEFT JOIN person_ebi_metadata as pem on (pem.person_id = P.id and pem.ebi_metadata_id IN ( Select id from ebi_metadata where meta_key =\"ClassLevel\")) where   P.id IN ($$personIds$$ ) AND P.id NOT IN (SELECT DISTINCT(person_id) FROM org_survey_report_access_history AS SR WHERE SR.org_id = $$orgId$$ AND SR.year_id = $$yearText$$ AND SR.survey_id IN (SELECT DISTINCT(survey_id) FROM wess_link WHERE year_id = $$yearText$$ AND status= \"launched\" AND org_id = $$orgId$$) AND SR.deleted_at IS NULL) GROUP BY P.id -- maxscale route to server slave1 '),
(66,NULL,NULL,NULL,NULL,NULL,NULL,'High_Intent_To_Leave','P',1,'SELECT SQL_CALC_FOUND_ROWS P.id , P.id AS student,  P.firstname, P.lastname, P.risk_level, RL.risk_text, RL.image_name, IL.text AS intent_to_leave_text, IL.image_name AS intent_to_leave_image, RML.risk_model_id, P.last_activity, OPS.surveycohort AS student_cohort, (count(distinct (acl.id))) as cnt, OPS.status, OPS.photo_url,pem.metadata_value as class_level FROM person P LEFT JOIN  risk_level AS RL ON P.risk_level = RL.id LEFT JOIN risk_model_levels AS RML ON RML.risk_level = RL.id LEFT JOIN intent_to_leave AS IL ON P.intent_to_leave = IL.id LEFT JOIN org_person_student AS OPS ON OPS.person_id = P.id LEFT JOIN activity_log acl on (acl.person_id_student = P.id) LEFT JOIN person_ebi_metadata as pem on (pem.person_id = P.id and pem.ebi_metadata_id IN ( Select id from ebi_metadata where meta_key =\"ClassLevel\")) where   P.id IN ($$personIds$$ ) AND P.intent_to_leave = 1 GROUP BY P.id -- maxscale route to server slave1 '),
(67,NULL,NULL,NULL,NULL,NULL,NULL,'At_Risk_Of_Failure','P',1,'SELECT SQL_CALC_FOUND_ROWS P.id , P.id AS student,  P.firstname, P.lastname, P.risk_level, RL.risk_text, RL.image_name, IL.text AS intent_to_leave_text, IL.image_name AS intent_to_leave_image, RML.risk_model_id, P.last_activity, OPS.surveycohort AS student_cohort, (count(distinct (acl.id))) as cnt, OPS.status, OPS.photo_url,pem.metadata_value as class_level FROM person P LEFT JOIN org_course_student OCS ON OCS.person_id = P.id LEFT JOIN org_courses OC ON OC.id = OCS.org_courses_id LEFT JOIN risk_level AS RL ON P.risk_level = RL.id LEFT JOIN risk_model_levels AS RML ON RML.risk_level = RL.id LEFT JOIN intent_to_leave AS IL ON P.intent_to_leave = IL.id LEFT JOIN org_person_student AS OPS ON OPS.person_id = P.id LEFT JOIN activity_log acl on (acl.person_id_student = P.id) LEFT JOIN academic_update AU ON (AU.person_id_student = P.id) LEFT JOIN person_ebi_metadata as pem on (pem.person_id = P.id and pem.ebi_metadata_id IN ( Select id from ebi_metadata where meta_key =\"ClassLevel\")) where OC.deleted_at IS NULL AND OCS.deleted_at IS NULL AND OC.org_academic_terms_id IN ($$termsId$$) AND P.id IN ($$personIds$$ ) AND AU.failure_risk_level = \"high\" AND AU.update_date BETWEEN \"$$startDate$$\" AND \"$$endDate$$\" GROUP BY P.id -- maxscale route to server slave1 '),
(68,NULL,NULL,NULL,NULL,NULL,NULL,'Missed_3_Classes','P',1,'SELECT SQL_CALC_FOUND_ROWS P.id , P.id AS student,  P.firstname, P.lastname, P.risk_level, RL.risk_text, RL.image_name, IL.text AS intent_to_leave_text, IL.image_name AS intent_to_leave_image, RML.risk_model_id, P.last_activity, OPS.surveycohort AS student_cohort, (count(distinct (acl.id))) as cnt, OPS.status, OPS.photo_url,pem.metadata_value as class_level FROM person P LEFT JOIN org_course_student OCS ON OCS.person_id = P.id LEFT JOIN org_courses OC ON OC.id = OCS.org_courses_id LEFT JOIN risk_level AS RL ON P.risk_level = RL.id LEFT JOIN risk_model_levels AS RML ON RML.risk_level = RL.id LEFT JOIN intent_to_leave AS IL ON P.intent_to_leave = IL.id LEFT JOIN org_person_student AS OPS ON OPS.person_id = P.id LEFT JOIN activity_log acl on (acl.person_id_student = P.id) LEFT JOIN academic_update AU ON (AU.person_id_student = P.id) LEFT JOIN person_ebi_metadata as pem on (pem.person_id = P.id and pem.ebi_metadata_id IN ( Select id from ebi_metadata where meta_key =\"ClassLevel\")) where OC.deleted_at IS NULL AND OCS.deleted_at IS NULL AND OC.org_academic_terms_id IN ($$termsId$$) AND P.id IN ($$personIds$$ ) AND AU.absence > 3 AND AU.update_date BETWEEN \"$$startDate$$\" AND \"$$endDate$$\" GROUP BY P.id -- maxscale route to server slave1 '),
(69,NULL,NULL,NULL,NULL,NULL,NULL,'In-progress_Grade_Of_C_Or_Below','P',1,'SELECT SQL_CALC_FOUND_ROWS P.id , P.id AS student,  P.firstname, P.lastname, P.risk_level, RL.risk_text, RL.image_name, IL.text AS intent_to_leave_text, IL.image_name AS intent_to_leave_image, RML.risk_model_id, P.last_activity, OPS.surveycohort AS student_cohort, (count(distinct (acl.id))) as cnt, OPS.status, OPS.photo_url,pem.metadata_value as class_level FROM person P LEFT JOIN org_course_student OCS ON OCS.person_id = P.id LEFT JOIN org_courses OC ON OC.id = OCS.org_courses_id LEFT JOIN risk_level AS RL ON P.risk_level = RL.id LEFT JOIN risk_model_levels AS RML ON RML.risk_level = RL.id LEFT JOIN intent_to_leave AS IL ON P.intent_to_leave = IL.id LEFT JOIN org_person_student AS OPS ON OPS.person_id = P.id LEFT JOIN activity_log acl on (acl.person_id_student = P.id) LEFT JOIN academic_update AU ON (AU.person_id_student = P.id) LEFT JOIN person_ebi_metadata as pem on (pem.person_id = P.id and pem.ebi_metadata_id IN ( Select id from ebi_metadata where meta_key =\"ClassLevel\")) where OC.deleted_at IS NULL AND OCS.deleted_at IS NULL AND OC.org_academic_terms_id IN ($$termsId$$) AND P.id IN ($$personIds$$ ) AND AU.grade IN (\"C\",\"D\", \"F\", \"No Pass\",\"F/No Pass\") AND AU.update_date BETWEEN \"$$startDate$$\" AND \"$$endDate$$\" GROUP BY P.id -- maxscale route to server slave1 '),
(70,NULL,NULL,NULL,NULL,NULL,NULL,'Final_Grade_Of_C_Or_Below','P',1,'SELECT SQL_CALC_FOUND_ROWS P.id , P.id AS student,  P.firstname, P.lastname, P.risk_level, RL.risk_text, RL.image_name, IL.text AS intent_to_leave_text, IL.image_name AS intent_to_leave_image, RML.risk_model_id, P.last_activity, OPS.surveycohort AS student_cohort, (count(distinct (acl.id))) as cnt, OPS.status, OPS.photo_url,pem.metadata_value as class_level FROM person P LEFT JOIN org_course_student OCS ON OCS.person_id = P.id LEFT JOIN org_courses OC ON OC.id = OCS.org_courses_id LEFT JOIN risk_level AS RL ON P.risk_level = RL.id LEFT JOIN risk_model_levels AS RML ON RML.risk_level = RL.id LEFT JOIN intent_to_leave AS IL ON P.intent_to_leave = IL.id LEFT JOIN org_person_student AS OPS ON OPS.person_id = P.id LEFT JOIN activity_log acl on (acl.person_id_student = P.id) LEFT JOIN academic_update AU ON (AU.person_id_student = P.id) LEFT JOIN person_ebi_metadata as pem on (pem.person_id = P.id and pem.ebi_metadata_id IN ( Select id from ebi_metadata where meta_key =\"ClassLevel\")) where OC.deleted_at IS NULL AND OCS.deleted_at IS NULL AND OC.org_academic_terms_id IN ($$termsId$$) AND P.id IN ($$personIds$$ ) AND AU.final_grade IN (\"C\", \"C-\", \"D+\", \"D\",\"D-\",\"F\", \"No Pass\",\"F/No Pass\") AND AU.update_date BETWEEN \"$$startDate$$\" AND \"$$endDate$$\" GROUP BY P.id -- maxscale route to server slave1 '),
(71,NULL,NULL,NULL,NULL,NULL,NULL,'In-progress_Grade_Of_D_Or_Below','P',1,'SELECT SQL_CALC_FOUND_ROWS P.id , P.id AS student,  P.firstname, P.lastname, P.risk_level, RL.risk_text, RL.image_name, IL.text AS intent_to_leave_text, IL.image_name AS intent_to_leave_image, RML.risk_model_id, P.last_activity, OPS.surveycohort AS student_cohort, (count(distinct (acl.id))) as cnt, OPS.status, OPS.photo_url,pem.metadata_value as class_level FROM person P LEFT JOIN org_course_student OCS ON OCS.person_id = P.id LEFT JOIN org_courses OC ON OC.id = OCS.org_courses_id LEFT JOIN risk_level AS RL ON P.risk_level = RL.id LEFT JOIN risk_model_levels AS RML ON RML.risk_level = RL.id LEFT JOIN intent_to_leave AS IL ON P.intent_to_leave = IL.id LEFT JOIN org_person_student AS OPS ON OPS.person_id = P.id LEFT JOIN activity_log acl on (acl.person_id_student = P.id) LEFT JOIN academic_update AU ON (AU.person_id_student = P.id) LEFT JOIN person_ebi_metadata as pem on (pem.person_id = P.id and pem.ebi_metadata_id IN ( Select id from ebi_metadata where meta_key =\"ClassLevel\")) where OC.deleted_at IS NULL AND OCS.deleted_at IS NULL AND OC.org_academic_terms_id IN ($$termsId$$) AND P.id IN ($$personIds$$ ) AND  AU.grade IN (\"D\", \"F\", \"No Pass\",\"F/No Pass\") AND AU.update_date BETWEEN \"$$startDate$$\" AND \"$$endDate$$\" GROUP BY P.id -- maxscale route to server slave1 '),
(72,NULL,NULL,NULL,NULL,NULL,NULL,'Final_Grade_Of_D_Or_Below','P',1,'SELECT SQL_CALC_FOUND_ROWS P.id , P.id AS student,  P.firstname, P.lastname, P.risk_level, RL.risk_text, RL.image_name, IL.text AS intent_to_leave_text, IL.image_name AS intent_to_leave_image, RML.risk_model_id, P.last_activity, OPS.surveycohort AS student_cohort, (count(distinct (acl.id))) as cnt, OPS.status, OPS.photo_url,pem.metadata_value as class_level FROM person P LEFT JOIN org_course_student OCS ON OCS.person_id = P.id LEFT JOIN org_courses OC ON OC.id = OCS.org_courses_id LEFT JOIN risk_level AS RL ON P.risk_level = RL.id LEFT JOIN risk_model_levels AS RML ON RML.risk_level = RL.id LEFT JOIN intent_to_leave AS IL ON P.intent_to_leave = IL.id LEFT JOIN org_person_student AS OPS ON OPS.person_id = P.id LEFT JOIN activity_log acl on (acl.person_id_student = P.id) LEFT JOIN academic_update AU ON (AU.person_id_student = P.id) LEFT JOIN person_ebi_metadata as pem on (pem.person_id = P.id and pem.ebi_metadata_id IN ( Select id from ebi_metadata where meta_key =\"ClassLevel\")) where OC.deleted_at IS NULL AND OCS.deleted_at IS NULL AND OC.org_academic_terms_id IN ($$termsId$$) AND P.id IN ($$personIds$$ ) AND AU.final_grade IN (\"D\" ,\"D-\",\"F\", \"No Pass\", \"F/No Pass\") AND AU.update_date BETWEEN \"$$startDate$$\" AND \"$$endDate$$\" GROUP BY P.id -- maxscale route to server slave1 '),
(73,NULL,NULL,NULL,NULL,NULL,NULL,'Students_With_More_Than_One_In-progress_Grade_Of_D_Or_Below','P',1,'SELECT SQL_CALC_FOUND_ROWS T.student ,T.* , count(T.student) as t , (select count(*) from activity_log where person_id_student = T.student AND deleted_at IS NULL group BY person_id_student) as cnt from ( SELECT P.id AS student, P.firstname, P.lastname, P.risk_level, RL.risk_text, RL.image_name, IL.text AS intent_to_leave_text, IL.image_name AS intent_to_leave_image, RML.risk_model_id, P.last_activity, OPS.surveycohort AS student_cohort, OPS.status, OPS.photo_url, pem.metadata_value AS class_level FROM synapse.academic_update AS AU LEFT JOIN person as P ON AU.person_id_student = P.id LEFT JOIN org_courses OC ON OC.id = AU.org_courses_id LEFT JOIN risk_level AS RL ON P.risk_level = RL.id LEFT JOIN risk_model_levels AS RML ON RML.risk_level = RL.id LEFT JOIN intent_to_leave AS IL ON P.intent_to_leave = IL.id LEFT JOIN org_person_student AS OPS ON OPS.person_id = P.id LEFT JOIN activity_log acl ON (acl.person_id_student = P.id) LEFT JOIN person_ebi_metadata AS pem ON (pem.person_id = P.id AND pem.ebi_metadata_id IN (SELECT id FROM ebi_metadata WHERE meta_key =\"ClassLevel\")) where AU.person_id_student IN($$personIds$$) AND (AU.grade IS NOT NULL) AND AU.deleted_at IS NULL AND OC.deleted_at IS NULL AND OC.org_academic_terms_id IN ($$termsId$$) AND AU.update_date BETWEEN \"$$startDate$$\" AND \"$$endDate$$\" AND AU.grade IN (\"D\", \"F\", \"No Pass\",\"F/No Pass\") GROUP BY AU.org_courses_id,P.id ) AS T GROUP BY T.student HAVING T > 1 -- maxscale route to server slave1 '),
(74,NULL,NULL,NULL,NULL,NULL,NULL,'Students_With_More_Than_One_Final_Grade_Of_D_Or_Below','P',1,'SELECT SQL_CALC_FOUND_ROWS T.student ,T.* , count(T.student) as t , (select count(*) from activity_log where person_id_student = T.student AND deleted_at IS NULL group BY person_id_student) as cnt from ( SELECT P.id AS student, P.firstname, P.lastname, P.risk_level, RL.risk_text, RL.image_name, IL.text AS intent_to_leave_text, IL.image_name AS intent_to_leave_image, RML.risk_model_id, P.last_activity, OPS.surveycohort AS student_cohort, OPS.status, OPS.photo_url, pem.metadata_value AS class_level FROM synapse.academic_update AS AU LEFT JOIN person as P ON AU.person_id_student = P.id LEFT JOIN org_courses OC ON OC.id = AU.org_courses_id LEFT JOIN risk_level AS RL ON P.risk_level = RL.id LEFT JOIN risk_model_levels AS RML ON RML.risk_level = RL.id LEFT JOIN intent_to_leave AS IL ON P.intent_to_leave = IL.id LEFT JOIN org_person_student AS OPS ON OPS.person_id = P.id LEFT JOIN activity_log acl ON (acl.person_id_student = P.id) LEFT JOIN person_ebi_metadata AS pem ON (pem.person_id = P.id AND pem.ebi_metadata_id IN (SELECT id FROM ebi_metadata WHERE meta_key =\"ClassLevel\")) where AU.person_id_student IN($$personIds$$) AND (AU.final_grade IS NOT NULL) AND AU.deleted_at IS NULL AND OC.deleted_at IS NULL  AND OC.org_academic_terms_id IN ($$termsId$$) AND  AU.update_date BETWEEN \"$$startDate$$\" AND \"$$endDate$$\" AND AU.final_grade IN  (\"D\" ,\"D-\",\"F\", \"No Pass\",\"F/No Pass\") GROUP BY AU.org_courses_id,P.id ) AS T GROUP BY T.student HAVING T > 1 -- maxscale route to server slave1 '),
(75,NULL,NULL,NULL,NULL,NULL,NULL,'Interaction_Activity','P',1,'SELECT SQL_CALC_FOUND_ROWS C.person_id_student , C.person_id_faculty AS faculty, C.person_id_student AS student, P.firstname, P.lastname, P.risk_level, RL.risk_text, RL.image_name, IL.text AS intent_to_leave_text, IL.image_name AS intent_to_leave_image, RML.risk_model_id, P.last_activity, OPS.surveycohort AS student_cohort, (count(distinct (acl.id))) as cnt, OPS.status, OPS.photo_url,pem.metadata_value as class_level FROM activity_log AS AL LEFT JOIN contacts AS C ON AL.contacts_id = C.id LEFT JOIN person AS P ON C.person_id_student = P.id LEFT JOIN contact_types_lang AS CTL ON C.contact_types_id = CTL.contact_types_id LEFT JOIN activity_category AS AC ON C.activity_category_id = AC.id LEFT JOIN contacts_teams AS CT ON C.id = CT.contacts_id LEFT JOIN contact_types AS CONT ON C.contact_types_id = CONT.id LEFT JOIN risk_level AS RL ON P.risk_level = RL.id LEFT JOIN risk_model_levels AS RML ON RML.risk_level = RL.id LEFT JOIN intent_to_leave AS IL ON P.intent_to_leave = IL.id LEFT JOIN org_person_student AS OPS ON OPS.person_id = C.person_id_student LEFT JOIN org_course_student AS OCS ON OCS.person_id = C.person_id_student LEFT JOIN org_courses AS OC ON (OCS.org_courses_id = OC.id) LEFT JOIN activity_log acl on (acl.person_id_student = P.id) LEFT JOIN person_ebi_metadata as pem on (pem.person_id = P.id and pem.ebi_metadata_id IN ( Select id from ebi_metadata where meta_key =\"ClassLevel\")) WHERE (CONT.parent_contact_types_id = 1 OR CONT.id = 1) AND C.deleted_at IS NULL AND  C.person_id_student IN ($$personIds$$) AND acl.id NOT IN (SELECT ALOG.id FROM related_activities AS related LEFT JOIN activity_log AS ALOG ON related.contacts_id = ALOG.contacts_id WHERE related.contacts_id IS NOT NULL AND related.deleted_at IS NULL AND ALOG.deleted_at IS NULL) AND CASE WHEN C.access_team = 1 THEN CT.teams_id IN (SELECT teams_id FROM team_members WHERE person_id = $$facultyId$$) ELSE CASE WHEN C.access_private = 1 THEN C.person_id_faculty = $$facultyId$$  ELSE C.access_public = 1 END END GROUP BY P.id -- maxscale route to server slave1 '),
(76,NULL,NULL,NULL,NULL,NULL,NULL,'Non-interaction_Activity','P',1,'SELECT SQL_CALC_FOUND_ROWS C.person_id_student , C.person_id_faculty AS faculty, C.person_id_student AS student, P.firstname, P.lastname, P.risk_level, RL.risk_text, RL.image_name, IL.text AS intent_to_leave_text, IL.image_name AS intent_to_leave_image, RML.risk_model_id, P.last_activity, OPS.surveycohort AS student_cohort, (count(distinct (acl.id))) as cnt, OPS.status, OPS.photo_url,pem.metadata_value as class_level FROM activity_log AS AL LEFT JOIN contacts AS C ON AL.contacts_id = C.id LEFT JOIN person AS P ON C.person_id_student = P.id LEFT JOIN contact_types_lang AS CTL ON C.contact_types_id = CTL.contact_types_id LEFT JOIN activity_category AS AC ON C.activity_category_id = AC.id LEFT JOIN contacts_teams AS CT ON C.id = CT.contacts_id LEFT JOIN contact_types AS CONT ON C.contact_types_id = CONT.id LEFT JOIN risk_level AS RL ON P.risk_level = RL.id LEFT JOIN risk_model_levels AS RML ON RML.risk_level = RL.id LEFT JOIN intent_to_leave AS IL ON P.intent_to_leave = IL.id LEFT JOIN org_person_student AS OPS ON OPS.person_id = C.person_id_student LEFT JOIN org_course_student AS OCS ON OCS.person_id = C.person_id_student LEFT JOIN org_courses AS OC ON (OCS.org_courses_id = OC.id) LEFT JOIN activity_log acl on (acl.person_id_student = P.id) LEFT JOIN person_ebi_metadata as pem on (pem.person_id = P.id and pem.ebi_metadata_id IN ( Select id from ebi_metadata where meta_key =\"ClassLevel\")) WHERE (CONT.parent_contact_types_id = 2 OR CONT.id = 2) AND C.deleted_at IS NULL AND  C.person_id_student IN ($$personIds$$) AND AL.id NOT IN (SELECT ALOG.id FROM related_activities AS related LEFT JOIN activity_log AS ALOG ON related.contacts_id = ALOG.contacts_id WHERE related.contacts_id IS NOT NULL AND related.deleted_at IS NULL AND ALOG.deleted_at IS NULL) AND CASE WHEN C.access_team = 1 THEN CT.teams_id IN (SELECT teams_id FROM team_members WHERE person_id = $$facultyId$$) ELSE CASE WHEN C.access_private = 1 THEN C.person_id_faculty = $$facultyId$$ ELSE C.access_public = 1 END END GROUP BY C.id -- maxscale route to server slave1 '),
(77,NULL,NULL,NULL,NULL,NULL,NULL,'Have_Not_Been_Reviewed','P',1,'SELECT SQL_CALC_FOUND_ROWS P.id , P.id AS student,  P.firstname, P.lastname, P.risk_level, RL.risk_text, RL.image_name, IL.text AS intent_to_leave_text, IL.image_name AS intent_to_leave_image, RML.risk_model_id, P.last_activity, OPS.surveycohort AS student_cohort, (count(distinct (acl.id))) as cnt, OPS.status, OPS.photo_url,pem.metadata_value as class_level FROM person P LEFT JOIN  risk_level AS RL ON P.risk_level = RL.id LEFT JOIN risk_model_levels AS RML ON RML.risk_level = RL.id LEFT JOIN intent_to_leave AS IL ON P.intent_to_leave = IL.id LEFT JOIN org_person_student AS OPS ON OPS.person_id = P.id LEFT JOIN activity_log acl on (acl.person_id_student = P.id) LEFT JOIN student_db_view_log SDV ON (SDV.person_id_student = P.id) LEFT JOIN person_ebi_metadata as pem on (pem.person_id = P.id and pem.ebi_metadata_id IN ( Select id from ebi_metadata where meta_key =\"ClassLevel\")) where   P.id IN ($$personIds$$ ) AND SDV.organization_id = $$orgId$$ AND SDV.person_id_faculty = $$facultyIds$$ AND SDV.last_viewed_on < P.risk_update_date group by P.id'),
(78,NULL,NULL,NULL,NULL,NULL,NULL,'Activity_All_Interaction','E',1,'SELECT A.id AS AppointmentId, N.id AS NoteId, R.id AS ReferralId, C.id AS ContactId, AL.id AS activity_log_id, AL.created_at AS activity_date, AL.activity_type AS activity_type, AL.person_id_faculty AS activity_created_by_id, P.firstname AS activity_created_by_first_name, P.lastname AS activity_created_by_last_name, AC.id AS activity_reason_id, AC.short_name AS activity_reason_text, C.contact_types_id AS activity_contact_type_id, CTL.description AS activity_contact_type_text, R.status AS activity_referral_status, C.note AS contactDescription, R.note AS referralDescription, A.description AS appointmentDescription, N.note AS noteDescription, AL.created_at as created_date, A.start_date_time as app_created_date, C.contact_date as contact_created_date, AL.activity_date as act_date FROM activity_log AS AL LEFT JOIN Appointments AS A ON AL.appointments_id = A.id LEFT JOIN note AS N ON AL.note_id = N.id LEFT JOIN note_teams AS NT ON N.id = NT.note_id LEFT JOIN contacts AS C ON AL.contacts_id = C.id LEFT JOIN contacts_teams AS CT ON C.id = CT.contacts_id LEFT JOIN referrals AS R ON AL.referrals_id = R.id LEFT JOIN referrals_teams AS RT ON R.id = RT.referrals_id LEFT JOIN activity_category AS AC ON A.activity_category_id = AC.id OR N.activity_category_id = AC.id OR R.activity_category_id = AC.id OR C.activity_category_id = AC.id LEFT JOIN person AS P ON AL.person_id_faculty = P.id LEFT JOIN contact_types_lang AS CTL ON C.contact_types_id = CTL.contact_types_id LEFT JOIN contact_types AS CONT ON C.contact_types_id = CONT.id LEFT JOIN organization_role as orgr ON orgr.organization_id = AL.organization_id LEFT JOIN referral_routing_rules as rr ON rr.activity_category_id = R.activity_category_id WHERE AL.person_id_student = $$studentId$$ AND AL.organization_id = $$orgId$$ AND AL.activity_type IN ($$acivityArr$$) AND AL.deleted_at IS NULL AND A.deleted_at IS NULL AND N.deleted_at IS NULL AND C.deleted_at IS NULL AND R.deleted_at IS NULL AND CASE WHEN AL.activity_type = \"C\" THEN CONT.parent_contact_types_id = 1 OR CONT.id = 1 ELSE 1 = 1 END AND AL.id NOT IN (SELECT ALOG.id FROM related_activities AS related LEFT JOIN activity_log AS ALOG ON related.appointment_id = ALOG.appointments_id WHERE related.appointment_id IS NOT NULL AND related.deleted_at IS NULL AND ALOG.deleted_at IS NULL) AND AL.id NOT IN (SELECT ALOG.id FROM related_activities AS related LEFT JOIN activity_log AS ALOG ON related.referral_id = ALOG.referrals_id WHERE related.referral_id IS NOT NULL AND related.deleted_at IS NULL AND ALOG.deleted_at IS NULL) AND AL.id NOT IN (SELECT ALOG.id FROM related_activities AS related LEFT JOIN activity_log AS ALOG ON related.note_id = ALOG.note_id WHERE related.note_id IS NOT NULL AND related.deleted_at IS NULL AND ALOG.deleted_at IS NULL) AND AL.id NOT IN (SELECT ALOG.id FROM related_activities AS related LEFT JOIN activity_log AS ALOG ON related.contacts_id = ALOG.contacts_id WHERE related.contacts_id IS NOT NULL AND related.deleted_at IS NULL AND ALOG.deleted_at IS NULL) AND CASE WHEN AL.activity_type = \"N\" THEN CASE WHEN N.access_team = 1 THEN NT.teams_id IN (SELECT teams_id FROM team_members WHERE person_id = $$faculty$$ AND teams_id IN (SELECT teams_id FROM note_teams WHERE note_id = N.id AND deleted_at IS NULL)) AND $$noteTeamAccess$$ = 1 ELSE CASE WHEN N.access_private = 1 THEN N.person_id_faculty = $$faculty$$ ELSE N.access_public = 1 AND $$notePublicAccess$$ = 1 END END ELSE CASE WHEN AL.activity_type = \"C\" THEN CASE WHEN C.access_team = 1 THEN CT.teams_id IN (SELECT teams_id FROM team_members WHERE person_id = $$faculty$$ AND teams_id IN (SELECT teams_id FROM contacts_teams WHERE contacts_id = C.id AND deleted_at IS NULL)) AND $$contactTeamAccess$$ = 1 ELSE CASE WHEN C.access_private = 1 THEN C.person_id_faculty = $$faculty$$ ELSE C.access_public = 1 AND $$contactPublicAccess$$ = 1 END END ELSE CASE WHEN AL.activity_type = \"R\" THEN CASE WHEN R.access_team = 1 THEN RT.teams_id IN (SELECT teams_id FROM team_members WHERE person_id = $$faculty$$ AND teams_id IN (SELECT teams_id FROM referrals_teams WHERE referrals_id = R.id AND deleted_at IS NULL)) AND (($$referralTeamAccess$$ = 1 and R.is_reason_routed = 0) OR ($$referralTeamAccessReasonRouted$$ = 1 and R.is_reason_routed = 1)) ELSE CASE WHEN R.access_private = 1 THEN R.person_id_faculty = $$faculty$$ ELSE R.access_public = 1 AND (($$referralPublicAccess$$ = 1 and R.is_reason_routed = 0) OR ($$referralPublicAccessReasonRouted$$ = 1 and R.is_reason_routed = 1)) END END OR R.person_id_assigned_to = $$faculty$$ OR R.person_id_faculty = $$faculty$$ OR orgr.person_id = $$faculty$$ and R.person_id_assigned_to is null AND orgr.role_id IN ($$roleIds$$) AND (rr.is_primary_coordinator = 1 AND rr.person_id IS NULL) ELSE CASE WHEN AL.activity_type = \"A\" THEN 1 = 1 ELSE 1 = 1 END END END END GROUP BY AL.id ORDER BY act_date DESC'),
(79,NULL,NULL,NULL,NULL,NULL,NULL,'Coordinator_Activity_All_Interaction','E',1,'SELECT A.id as AppointmentId, N.id as NoteId,R.id as ReferralId,C.id as ContactId,AL.id as activity_log_id,AL.created_at as activity_date,AL.activity_type as activity_type,AL.person_id_faculty as activity_created_by_id,P.firstname as activity_created_by_first_name,P.lastname as activity_created_by_last_name,AC.id as activity_reason_id,AC.short_name as activity_reason_text,C.contact_types_id as activity_contact_type_id,CTL.description as activity_contact_type_text,R.status as activity_referral_status,C.note as contactDescription,R.note as referralDescription,A.description as appointmentDescription,N.note as noteDescription FROM activity_log as AL LEFT JOIN Appointments as A ON AL.appointments_id = A.id LEFT JOIN note as N ON AL.note_id = N.id LEFT JOIN note_teams as NT ON N.id = NT.note_id LEFT JOIN contacts as C ON AL.contacts_id = C.id LEFT JOIN contacts_teams as CT ON C.id = CT.contacts_id LEFT JOIN referrals as R ON AL.referrals_id = R.id LEFT JOIN referrals_teams as RT ON R.id = RT.referrals_id LEFT JOIN activity_category as AC ON A.activity_category_id = AC.id OR N.activity_category_id = AC.id OR R.activity_category_id = AC.id OR C.activity_category_id = AC.id LEFT JOIN person as P ON AL.person_id_faculty = P.id LEFT JOIN contact_types_lang as CTL ON C.contact_types_id = CTL.contact_types_id LEFT JOIN contact_types as CONT ON C.contact_types_id = CONT.id WHERE AL.person_id_student = $$studentId$$ AND AL.organization_id = $$orgId$$ AND AL.activity_type IN ($$acivityArr$$) AND AL.deleted_at IS NULL AND A.deleted_at IS NULL AND N.deleted_at IS NULL AND C.deleted_at IS NULL AND R.deleted_at IS NULL AND CASE WHEN AL.activity_type = \"C\" THEN CONT.parent_contact_types_id = 1 OR CONT.id =1 ELSE 1=1 END AND AL.id NOT IN( SELECT ALOG.id FROM related_activities as related LEFT JOIN activity_log as ALOG ON related.note_id = ALOG.note_id where related.note_id IS NOT NULL AND related.deleted_at IS NULL AND ALOG.deleted_at IS NULL) AND AL.id NOT IN( SELECT ALOG.id FROM related_activities as related LEFT JOIN activity_log as ALOG ON related.contacts_id = ALOG.contacts_id where related.contacts_id IS NOT NULL AND related.deleted_at IS NULL AND ALOG.deleted_at IS NULL) GROUP BY AL.id ORDER BY AL.created_at desc -- maxscale route to server slave1 '),
(80,NULL,NULL,NULL,NULL,NULL,NULL,'Activity_Email','E',1,'\nSELECT E.id AS activity_id, AL.id AS activity_log_id, E.created_at AS activity_date, E.person_id_faculty AS activity_created_by_id, P.firstname AS activity_created_by_first_name, P.lastname AS activity_created_by_last_name, AC.id AS activity_reason_id, AC.short_name AS activity_reason_text, E.email_subject AS activity_description, E.email_subject AS activity_email_subject, E.email_body AS activity_email_body FROM activity_log AS AL LEFT JOIN email AS E ON AL.email_id = E.id LEFT JOIN person AS P ON E.person_id_faculty = P.id LEFT JOIN activity_category AS AC ON E.activity_category_id = AC.id LEFT JOIN email_teams AS ET ON E.id = ET.email_id LEFT JOIN related_activities as RA ON E.id = RA.email_id LEFT JOIN activity_log AL1 ON RA.activity_log_id = AL1.id LEFT JOIN referrals AS R1 ON AL1.referrals_id = R1.id LEFT JOIN note AS N1 ON AL1.note_id = N1.id LEFT JOIN contacts AS C1 ON AL1.contacts_id = C1.id LEFT JOIN Appointments AS A1 ON AL1.appointments_id = A1.id LEFT JOIN email AS E1 ON AL1.appointments_id = E1.id WHERE E.person_id_student = $$studentId$$ AND E.deleted_at IS NULL AND (CASE WHEN AL1.activity_type IS NOT NULL AND ((AL1.activity_type = \"R\" AND R1.access_private = 1) OR (AL1.activity_type = \"C\" AND C1.access_private = 1) OR (AL1.activity_type = \"N\" AND N1.access_private = 1) OR (AL1.activity_type = \"E\" AND E1.access_private = 1)) THEN E.person_id_faculty = $$facultyId$$ ELSE CASE WHEN E.access_team = 1 THEN ET.teams_id IN (SELECT teams_id FROM team_members WHERE person_id = $$facultyId$$ AND teams_id IN (SELECT teams_id from email_teams WHERE email_id = E.id AND deleted_at IS NULL)) AND $$teamAccess$$ = 1 ELSE CASE WHEN E.access_private = 1 THEN E.person_id_faculty = $$facultyId$$ ELSE E.access_public = 1 AND $$publicAccess$$ = 1 END END END OR E.person_id_faculty = $$facultyId$$) GROUP BY E.id order by E.created_at desc\n -- maxscale route to server slave1 ');
/*!40000 ALTER TABLE `ebi_search` ENABLE KEYS */;
UNLOCK TABLES;

--
-- Table structure for table `ebi_search_criteria`
--

DROP TABLE IF EXISTS `ebi_search_criteria`;
/*!40101 SET @saved_cs_client     = @@character_set_client */;
/*!40101 SET character_set_client = utf8 */;
CREATE TABLE `ebi_search_criteria` (
  `id` int(11) NOT NULL AUTO_INCREMENT,
  `ebi_search_id` int(11) DEFAULT NULL,
  `created_by` int(11) DEFAULT NULL,
  `created_at` datetime DEFAULT NULL,
  `modified_by` int(11) DEFAULT NULL,
  `modified_at` datetime DEFAULT NULL,
  `deleted_by` int(11) DEFAULT NULL,
  `deleted_at` datetime DEFAULT NULL,
  `table_name` varchar(255) COLLATE utf8_unicode_ci DEFAULT NULL,
  `field_name` varchar(255) COLLATE utf8_unicode_ci DEFAULT NULL,
  `operator` varchar(255) COLLATE utf8_unicode_ci DEFAULT NULL,
  `value` varchar(255) COLLATE utf8_unicode_ci DEFAULT NULL,
  `join_condition` varchar(255) COLLATE utf8_unicode_ci DEFAULT NULL,
  PRIMARY KEY (`id`),
  KEY `IDX_486A32643849DC27` (`ebi_search_id`),
  CONSTRAINT `FK_486A32643849DC27` FOREIGN KEY (`ebi_search_id`) REFERENCES `ebi_search` (`id`)
) ENGINE=InnoDB DEFAULT CHARSET=utf8 COLLATE=utf8_unicode_ci;
/*!40101 SET character_set_client = @saved_cs_client */;

--
-- Dumping data for table `ebi_search_criteria`
--

LOCK TABLES `ebi_search_criteria` WRITE;
/*!40000 ALTER TABLE `ebi_search_criteria` DISABLE KEYS */;
/*!40000 ALTER TABLE `ebi_search_criteria` ENABLE KEYS */;
UNLOCK TABLES;

--
-- Table structure for table `ebi_search_history`
--

DROP TABLE IF EXISTS `ebi_search_history`;
/*!40101 SET @saved_cs_client     = @@character_set_client */;
/*!40101 SET character_set_client = utf8 */;
CREATE TABLE `ebi_search_history` (
  `person_id` int(11) NOT NULL,
  `ebi_search_id` int(11) NOT NULL,
  `created_by` int(11) DEFAULT NULL,
  `modified_by` int(11) DEFAULT NULL,
  `deleted_by` int(11) DEFAULT NULL,
  `created_at` datetime DEFAULT NULL,
  `modified_at` datetime DEFAULT NULL,
  `deleted_at` datetime DEFAULT NULL,
  `last_run` datetime DEFAULT NULL,
  PRIMARY KEY (`person_id`,`ebi_search_id`),
  KEY `IDX_8608E3D3DE12AB56` (`created_by`),
  KEY `IDX_8608E3D325F94802` (`modified_by`),
  KEY `IDX_8608E3D31F6FA0AF` (`deleted_by`),
  KEY `IDX_8608E3D3217BBB47` (`person_id`),
  KEY `IDX_8608E3D33849DC27` (`ebi_search_id`),
  CONSTRAINT `FK_8608E3D31F6FA0AF` FOREIGN KEY (`deleted_by`) REFERENCES `person` (`id`),
  CONSTRAINT `FK_8608E3D3217BBB47` FOREIGN KEY (`person_id`) REFERENCES `person` (`id`),
  CONSTRAINT `FK_8608E3D325F94802` FOREIGN KEY (`modified_by`) REFERENCES `person` (`id`),
  CONSTRAINT `FK_8608E3D33849DC27` FOREIGN KEY (`ebi_search_id`) REFERENCES `ebi_search` (`id`),
  CONSTRAINT `FK_8608E3D3DE12AB56` FOREIGN KEY (`created_by`) REFERENCES `person` (`id`)
) ENGINE=InnoDB DEFAULT CHARSET=utf8 COLLATE=utf8_unicode_ci;
/*!40101 SET character_set_client = @saved_cs_client */;

--
-- Dumping data for table `ebi_search_history`
--

LOCK TABLES `ebi_search_history` WRITE;
/*!40000 ALTER TABLE `ebi_search_history` DISABLE KEYS */;
/*!40000 ALTER TABLE `ebi_search_history` ENABLE KEYS */;
UNLOCK TABLES;

--
-- Table structure for table `ebi_search_lang`
--

DROP TABLE IF EXISTS `ebi_search_lang`;
/*!40101 SET @saved_cs_client     = @@character_set_client */;
/*!40101 SET character_set_client = utf8 */;
CREATE TABLE `ebi_search_lang` (
  `id` int(11) NOT NULL AUTO_INCREMENT,
  `ebi_search_id` int(11) DEFAULT NULL,
  `language_id` int(11) DEFAULT NULL,
  `created_by` int(11) DEFAULT NULL,
  `created_at` datetime DEFAULT NULL,
  `modified_by` int(11) DEFAULT NULL,
  `modified_at` datetime DEFAULT NULL,
  `deleted_by` int(11) DEFAULT NULL,
  `deleted_at` datetime DEFAULT NULL,
  `description` varchar(255) COLLATE utf8_unicode_ci DEFAULT NULL,
  `sub_category_name` varchar(255) COLLATE utf8_unicode_ci DEFAULT NULL,
  PRIMARY KEY (`id`),
  KEY `IDX_DC486273849DC27` (`ebi_search_id`),
  KEY `IDX_DC4862782F1BAF4` (`language_id`),
  CONSTRAINT `FK_DC486273849DC27` FOREIGN KEY (`ebi_search_id`) REFERENCES `ebi_search` (`id`),
  CONSTRAINT `FK_DC4862782F1BAF4` FOREIGN KEY (`language_id`) REFERENCES `language_master` (`id`)
) ENGINE=InnoDB AUTO_INCREMENT=38 DEFAULT CHARSET=utf8 COLLATE=utf8_unicode_ci;
/*!40101 SET character_set_client = @saved_cs_client */;

--
-- Dumping data for table `ebi_search_lang`
--

LOCK TABLES `ebi_search_lang` WRITE;
/*!40000 ALTER TABLE `ebi_search_lang` DISABLE KEYS */;
INSERT INTO `ebi_search_lang` VALUES
(1,21,1,NULL,NULL,NULL,NULL,NULL,NULL,'Get my teams recent activities',NULL),
(2,22,1,NULL,NULL,NULL,NULL,NULL,NULL,'Get my teams recent open referrals activities',NULL),
(3,23,1,NULL,NULL,NULL,NULL,NULL,NULL,'Get my teams recent login activities',NULL),
(4,24,1,NULL,NULL,NULL,NULL,NULL,NULL,'Get my team all activities in detail',NULL),
(5,25,1,NULL,NULL,NULL,NULL,NULL,NULL,'Get my team interactions in detail',NULL),
(6,26,1,NULL,NULL,NULL,NULL,NULL,NULL,'Get my team login in detail',NULL),
(7,27,1,NULL,NULL,NULL,NULL,NULL,NULL,'Get my team open referrals in detail',NULL),
(8,34,1,NULL,NULL,NULL,NULL,NULL,NULL,'High priority students',NULL),
(9,35,1,NULL,NULL,NULL,NULL,NULL,NULL,'Total Students Count Groupby Risk',NULL),
(10,36,1,NULL,NULL,NULL,NULL,NULL,NULL,'My_High_priority_students_List',NULL),
(11,37,1,NULL,NULL,NULL,NULL,NULL,NULL,'My Total Students List',NULL),
(12,38,1,NULL,NULL,NULL,NULL,NULL,NULL,'My Total Students List By RiskLevel',NULL),
(13,39,1,NULL,NULL,NULL,NULL,NULL,NULL,'My Open Referrals Received List',NULL),
(14,40,1,NULL,NULL,NULL,NULL,NULL,NULL,'My Open Referrals Sent List',NULL),
(15,41,1,NULL,NULL,NULL,NULL,NULL,NULL,'To Get Student Profile Databalock',NULL),
(16,42,1,NULL,NULL,NULL,NULL,NULL,NULL,'To Get Student Profile ISPs',NULL),
(17,57,1,NULL,NULL,NULL,NULL,NULL,NULL,'student_search','All My Students'),
(18,58,1,NULL,NULL,NULL,NULL,NULL,NULL,'student_search','My Primary Campus Connections'),
(19,59,1,NULL,NULL,NULL,NULL,NULL,NULL,'student_search','Class Level'),
(20,60,1,NULL,NULL,NULL,NULL,NULL,NULL,'student_search','At-risk'),
(21,61,1,NULL,NULL,NULL,NULL,NULL,NULL,'student_search','High Priority Students'),
(22,62,1,NULL,NULL,NULL,NULL,NULL,NULL,'survey_search','Respondents to current survey'),
(23,63,1,NULL,NULL,NULL,NULL,NULL,NULL,'survey_search','Non-respondents to current survey'),
(24,64,1,NULL,NULL,NULL,NULL,NULL,NULL,'survey_search','Accessed current survey report'),
(25,65,1,NULL,NULL,NULL,NULL,NULL,NULL,'survey_search','Not accessed current survey report'),
(26,66,1,NULL,NULL,NULL,NULL,NULL,NULL,'survey_search','High Intent to Leave'),
(27,67,1,NULL,NULL,NULL,NULL,NULL,NULL,'academic_update_search','At risk of failure'),
(28,68,1,NULL,NULL,NULL,NULL,NULL,NULL,'academic_update_search','Missed more than 3 classes in current academic term'),
(29,69,1,NULL,NULL,NULL,NULL,NULL,NULL,'academic_update_search','In-progress Grade of C or below'),
(30,70,1,NULL,NULL,NULL,NULL,NULL,NULL,'academic_update_search','Final grade of C or below'),
(31,71,1,NULL,NULL,NULL,NULL,NULL,NULL,'academic_update_search','In-progress Grade of D or below'),
(32,72,1,NULL,NULL,NULL,NULL,NULL,NULL,'academic_update_search','Final grade of D or below'),
(33,73,1,NULL,NULL,NULL,NULL,NULL,NULL,'academic_update_search','Students with more than one in-progress grade of D or below'),
(34,74,1,NULL,NULL,NULL,NULL,NULL,NULL,'academic_update_search','Students with more than one final grade of D or below'),
(35,75,1,NULL,NULL,NULL,NULL,NULL,NULL,'activity_search','Interaction Activity'),
(36,76,1,NULL,NULL,NULL,NULL,NULL,NULL,'activity_search','Non-interaction Activity'),
(37,77,1,NULL,NULL,NULL,NULL,NULL,NULL,'activity_search','Have not been reviewed');
/*!40000 ALTER TABLE `ebi_search_lang` ENABLE KEYS */;
UNLOCK TABLES;

--
-- Table structure for table `ebi_template`
--

DROP TABLE IF EXISTS `ebi_template`;
/*!40101 SET @saved_cs_client     = @@character_set_client */;
/*!40101 SET character_set_client = utf8 */;
CREATE TABLE `ebi_template` (
  `key` varchar(45) COLLATE utf8_unicode_ci NOT NULL,
  `is_active` enum('y','n') COLLATE utf8_unicode_ci DEFAULT NULL,
  PRIMARY KEY (`key`)
) ENGINE=InnoDB DEFAULT CHARSET=utf8 COLLATE=utf8_unicode_ci;
/*!40101 SET character_set_client = @saved_cs_client */;

--
-- Dumping data for table `ebi_template`
--

LOCK TABLES `ebi_template` WRITE;
/*!40000 ALTER TABLE `ebi_template` DISABLE KEYS */;
INSERT INTO `ebi_template` VALUES
('Pdf_AcademicUpdates_Header_Template','y'),
('Pdf_CategoryType_Body_Template','y'),
('Pdf_Course_Footer_Template','y'),
('Pdf_Courses_Header_Template','y'),
('Pdf_CoursesFaculty_Header_Template','y'),
('Pdf_CoursesStudents_Header_Template','y'),
('Pdf_CourseStudent_Footer_Template','y'),
('Pdf_DateType_Body_Template','y'),
('Pdf_Faculty_Header_Template','y'),
('Pdf_GroupFaculty_Header_Template','y'),
('Pdf_GroupStudent_Header_Template','y'),
('Pdf_NumberType_Body_Template','y'),
('Pdf_StringType_Body_Template','y'),
('Pdf_Student_Footer_Template','y'),
('Pdf_Student_Header_Template','y'),
('Pdf_SubGroup_Footer_Template','y'),
('Pdf_SubGroup_Header_Template','y'),
('Pdf_TextType_Body_Template','y');
/*!40000 ALTER TABLE `ebi_template` ENABLE KEYS */;
UNLOCK TABLES;

--
-- Table structure for table `ebi_template_lang`
--

DROP TABLE IF EXISTS `ebi_template_lang`;
/*!40101 SET @saved_cs_client     = @@character_set_client */;
/*!40101 SET character_set_client = utf8 */;
CREATE TABLE `ebi_template_lang` (
  `ebi_template_key` varchar(45) COLLATE utf8_unicode_ci NOT NULL,
  `lang_id` int(11) NOT NULL,
  `description` varchar(100) COLLATE utf8_unicode_ci DEFAULT NULL,
  `body` longtext COLLATE utf8_unicode_ci,
  PRIMARY KEY (`ebi_template_key`,`lang_id`),
  KEY `fk_ebi_template_lang_language_master1_idx` (`lang_id`),
  KEY `fk_ebi_template_key_idx` (`ebi_template_key`),
  CONSTRAINT `FK_5E2527B11644997F` FOREIGN KEY (`ebi_template_key`) REFERENCES `ebi_template` (`key`),
  CONSTRAINT `FK_5E2527B1B213FA4` FOREIGN KEY (`lang_id`) REFERENCES `language_master` (`id`)
) ENGINE=InnoDB DEFAULT CHARSET=utf8 COLLATE=utf8_unicode_ci;
/*!40101 SET character_set_client = @saved_cs_client */;

--
-- Dumping data for table `ebi_template_lang`
--

LOCK TABLES `ebi_template_lang` WRITE;
/*!40000 ALTER TABLE `ebi_template_lang` DISABLE KEYS */;
INSERT INTO `ebi_template_lang` VALUES
('Pdf_AcademicUpdates_Header_Template',1,NULL,'<!doctype html>\n <html>\n 	<head>\n 		<title></title>\n 		<style>\n 		    .container{\n 				padding:60px 50px;\n 			}\n 			p,body{\n 				margin:0;\n 				color:#003366;\n 			}\n 			#outerContainer{\n 				float:left;\n 				width:100%;\n 				box-sizing:border-box;\n 			}\n 			#outerContainer .align1{\n 				float:left;\n 				width:100%;\n 			}\n 			#outerContainer .columnNameContainer{\n 				float:left;\n 				display:inline-block;\n 			}\n 			#outerContainer .heading{\n 				font-weight:bold;\n 				font-size:22px;\n 			}\n 			#outerContainer .headingDiv{\n 				margin-bottom:30px;\n 			}\n 			#outerContainer .subHeadingDiv{\n 				margin-bottom:15px;\n 				float: left;\n 				width: 100%;\n 			}\n 			#outerContainer .userInfo{\n 				margin-bottom:5px;\n 			}\n 			#outerContainer .userInfoDetails{\n 				height:auto;\n 				margin-bottom:15px;\n 			}\n 			#outerContainer .subHeading{\n 				font-weight:bold;\n 				font-size:18px;\n 			}\n 			#outerContainer .idHeading{\n 				font-weight:bold;\n 				font-size:18px;\n 			}\n 			#outerContainer .horizontalLine{\n 				background-color: #ccc;\n 				width:100%;\n 				height:2px;\n 			}\n 			#outerContainer .horizontalDottedLine{\n 			    border-bottom: dotted;\n 				border-width: 4px; \n 				color:#ccc;\n 			}\n 			#outerContainer .boldStyler{\n 				font-weight:bold;\n 			}\n 			#outerContainer .columnNameContainer2{\n 				min-width:30%;\n 				width:auto;\n 				height:auto;\n 				padding:0px 10px;\n 			}\n 			#outerContainer .details{\n 				min-width:30%;\n 				width:auto;\n 				height:auto;\n 			}\n 			#outerContainer .dataTypeContainer{\n 				width:58%;\n 				height:auto;\n 			}\n 			#outerContainer .userInfoHeading{\n 				margin-bottom:3px;\n 			}\n 			#outerContainer .validvalues{\n 				padding:0px 10px;\n 			}\n 			#outerContainer .italicStyler{\n 				font-style:italic;\n 			}\n 		</style>\n 	</head>\n 	<body>\n 	<div class=\"container\">\n 		<div id=\"outerContainer\">\n 			<div class=\"align1 headingDiv\">\n 				<p class=\"heading\">MAP-Works: Academic Updates File Data Definitions<span><img src=\"\" /></span></p>\n 			</div>\n 			<div class=\"subHeadingDiv\">\n 				<p class=\"subHeading\">General Academic Updates Information</p>\n 				<div class=\"horizontalLine\"></div>\n 			</div>\n 		</div>'),
('Pdf_CategoryType_Body_Template',1,NULL,'<div id=\"outerContainer\">\n 			<div class=\"align1 subHeadingDiv\">\n 				<div class=\"columnNameContainer details\"><p class=\"idHeading\">$$column_name$$ &nbsp;<span style=\"font-style:italic;color:#666;font-size:16px;\"> $$required$$</span></p></div>\n 				<div class=\"columnNameContainer dataTypeContainer\"> <p>$$description$$</p></div>\n 			</div>\n 			<div class=\"align1 userInfo\">\n 				<p class=\"userInfoHeading\">Upload Information</p>\n 				<div class=\"horizontalDottedLine\"></div>\n 			</div>\n 			<div class=\"align1 userInfoDetails\">\n 				<div class=\"columnNameContainer columnNameContainer2\"><p><span class=\"italicStyler\">Column Name:</span> <span class=\"boldStyler\">$$column_name$$</span></p></div>\n 				<div class=\"columnNameContainer dataTypeContainer\">\n 					<p><span class=\"italicStyler\">Data Type:</span>Category</p>\n 				</div>\n 			</div>\n 			<div class=\"validvalues align1\">\n 				<p>Valid Values:</p>\n 				<ul class=\"valueslist\">\n 					$$value_list$$\n 				</ul>\n 			</div>\n 			</div>'),
('Pdf_Course_Footer_Template',1,NULL,'</div>  \n   </body>\n</html>'),
('Pdf_Courses_Header_Template',1,NULL,'<!doctype html>\n <html>\n 	<head>\n 		<title></title>\n 		<style>\n 			.container{\n 				padding:60px 50px;\n 			}\n 			p,body{\n 				margin:0;\n 				color:#003366;\n 			}\n 			#outerContainer{\n 				float:left;\n 				width:100%;\n 				box-sizing:border-box;\n 			}\n 			#outerContainer .align1{\n 				float:left;\n 				width:100%;\n 			}\n 			#outerContainer .columnNameContainer{\n 				float:left;\n 				display:inline-block;\n 			}\n 			#outerContainer .heading{\n 				font-weight:bold;\n 				font-size:22px;\n 			}\n 			#outerContainer .headingDiv{\n 				margin-bottom:30px;\n 			}\n 			#outerContainer .subHeadingDiv{\n 				margin-bottom:15px;\n 				float: left;\n 				width: 100%;\n 			}\n 			#outerContainer .userInfo{\n 				margin-bottom:5px;\n 			}\n 			#outerContainer .userInfoDetails{\n 				height:auto;\n 				margin-bottom:15px;\n 			}\n 			#outerContainer .subHeading{\n 				font-weight:bold;\n 				font-size:18px;\n 			}\n 			#outerContainer .idHeading{\n 				font-weight:bold;\n 				font-size:18px;\n 			}\n 			#outerContainer .horizontalLine{\n 				background-color: #ccc;\n 				width:100%;\n 				height:2px;\n 			}\n 			#outerContainer .horizontalDottedLine{\n 			    border-bottom: dotted;\n 				border-width: 4px; \n 				color:#ccc;\n 			}\n 			#outerContainer .boldStyler{\n 				font-weight:bold;\n 			}\n 			#outerContainer .columnNameContainer2{\n 				min-width:30%;\n                width:auto;\n 				height:auto;\n 				padding:0px 10px;\n 			}\n 			#outerContainer .details{\n 				min-width:30%;\n                width:auto;\n 				height:auto;\n 			}\n 			#outerContainer .dataTypeContainer{\n 				width:58%;\n 				height:auto;\n 			}\n 			#outerContainer .userInfoHeading{\n 				margin-bottom:3px;\n 			}\n 			#outerContainer .validvalues{\n 				padding:0px 10px;\n 			}\n 			#outerContainer .italicStyler{\n 				font-style:italic;\n 			}\n 		</style>\n 	</head>\n 	<body>\n 	<div class=\"container\">\n 		<div id=\"outerContainer\">\n 			<div class=\"align1 headingDiv\">\n 				<p class=\"heading\">MAP-Works: Courses and Sections File Data Definitions<span><img src=\"\" /></span></p>\n 			</div>\n 			<div class=\"subHeadingDiv\">\n 				<p class=\"subHeading\">General Courses and Sections Information</p>\n 				<div class=\"horizontalLine\"></div>\n 			</div>\n 		</div>'),
('Pdf_CoursesFaculty_Header_Template',1,NULL,'<!doctype html>\n <html>\n 	<head>\n 		<title></title>\n 		<style>\n 			.container{\n 				padding:60px 50px;\n 			}\n 			p,body{\n 				margin:0;\n 				color:#003366;\n 			}\n 			#outerContainer{\n 				float:left;\n 				width:100%;\n 				box-sizing:border-box;\n 			}\n 			#outerContainer .align1{\n 				float:left;\n 				width:100%;\n 			}\n 			#outerContainer .columnNameContainer{\n 				float:left;\n 				display:inline-block;\n 			}\n 			#outerContainer .heading{\n 				font-weight:bold;\n 				font-size:22px;\n 			}\n 			#outerContainer .headingDiv{\n 				margin-bottom:30px;\n 			}\n 			#outerContainer .subHeadingDiv{\n 				margin-bottom:15px;\n 				float: left;\n 				width: 100%;\n 			}\n 			#outerContainer .userInfo{\n 				margin-bottom:5px;\n 			}\n 			#outerContainer .userInfoDetails{\n 				height:auto;\n 				margin-bottom:15px;\n 			}\n 			#outerContainer .subHeading{\n 				font-weight:bold;\n 				font-size:18px;\n 			}\n 			#outerContainer .idHeading{\n 				font-weight:bold;\n 				font-size:18px;\n 			}\n 			#outerContainer .horizontalLine{\n 				background-color: #ccc;\n 				width:100%;\n 				height:2px;\n 			}\n 			#outerContainer .horizontalDottedLine{\n 			    border-bottom: dotted;\n 				border-width: 4px; \n 				color:#ccc;\n 			}\n 			#outerContainer .boldStyler{\n 				font-weight:bold;\n 			}\n 			#outerContainer .columnNameContainer2{\n 				min-width:30%;\n                width:auto;\n 				height:auto;\n 				padding:0px 10px;\n 			}\n 			#outerContainer .details{\n 				min-width:30%;\n                width:auto;\n 				height:auto;\n 			}\n 			#outerContainer .dataTypeContainer{\n 				width:58%;\n 				height:auto;\n 			}\n 			#outerContainer .userInfoHeading{\n 				margin-bottom:3px;\n 			}\n 			#outerContainer .validvalues{\n 				padding:0px 10px;\n 			}\n 			#outerContainer .italicStyler{\n 				font-style:italic;\n 			}\n 		</style>\n 	</head>\n 	<body>\n 	<div class=\"container\">\n 		<div id=\"outerContainer\">\n 			<div class=\"align1 headingDiv\">\n 				<p class=\"heading\">MAP-Works: Course Faculty/Staff File Data Definitions<span><img src=\"\" /></span></p>\n 			</div>\n 			<div class=\"subHeadingDiv\">\n 				<p class=\"subHeading\">General Course Faculty/Staff Information</p>\n 				<div class=\"horizontalLine\"></div>\n 			</div>\n 		</div>'),
('Pdf_CoursesStudents_Header_Template',1,NULL,'<!doctype html>\n <html>\n 	<head>\n 		<title></title>\n 		<style>\n 			.container{\n 				padding:60px 50px;\n 			}\n 			p,body{\n 				margin:0;\n 				color:#003366;\n 			}\n 			#outerContainer{\n 				float:left;\n 				width:100%;\n 				box-sizing:border-box;\n 			}\n 			#outerContainer .align1{\n 				float:left;\n 				width:100%;\n 			}\n 			#outerContainer .columnNameContainer{\n 				float:left;\n 				display:inline-block;\n 			}\n 			#outerContainer .heading{\n 				font-weight:bold;\n 				font-size:22px;\n 			}\n 			#outerContainer .headingDiv{\n 				margin-bottom:30px;\n 			}\n 			#outerContainer .subHeadingDiv{\n 				margin-bottom:15px;\n 				float: left;\n 				width: 100%;\n 			}\n 			#outerContainer .userInfo{\n 				margin-bottom:5px;\n 			}\n 			#outerContainer .userInfoDetails{\n 				height:auto;\n 				margin-bottom:15px;\n 			}\n 			#outerContainer .subHeading{\n 				font-weight:bold;\n 				font-size:18px;\n 			}\n 			#outerContainer .idHeading{\n 				font-weight:bold;\n 				font-size:18px;\n 			}\n 			#outerContainer .horizontalLine{\n 				background-color: #ccc;\n 				width:100%;\n 				height:2px;\n 			}\n 			#outerContainer .horizontalDottedLine{\n 			    border-bottom: dotted;\n 				border-width: 4px; \n 				color:#ccc;\n 			}\n 			#outerContainer .boldStyler{\n 				font-weight:bold;\n 			}\n 			#outerContainer .columnNameContainer2{\n 				min-width:30%;\n                width:auto;\n 				height:auto;\n 				padding:0px 10px;\n 			}\n 			#outerContainer .details{\n 				min-width:30%;\n                width:auto;\n 				height:auto;\n 			}\n 			#outerContainer .dataTypeContainer{\n 				width:58%;\n 				height:auto;\n 			}\n 			#outerContainer .userInfoHeading{\n 				margin-bottom:3px;\n 			}\n 			#outerContainer .validvalues{\n 				padding:0px 10px;\n 			}\n 			#outerContainer .italicStyler{\n 				font-style:italic;\n 			}\n 		</style>\n 	</head>\n 	<body>\n 	<div class=\"container\">\n 		<div id=\"outerContainer\">\n 			<div class=\"align1 headingDiv\">\n 				<p class=\"heading\">MAP-Works: Course Students File Data Definitions<span><img src=\"\" /></span></p>\n 			</div>\n 			<div class=\"subHeadingDiv\">\n 				<p class=\"subHeading\">General Course Students Information</p>\n 				<div class=\"horizontalLine\"></div>\n 			</div>\n 		</div>'),
('Pdf_CourseStudent_Footer_Template',1,NULL,'</div>  \n   </body>\n</html>'),
('Pdf_DateType_Body_Template',1,NULL,'<div id=\"outerContainer\">\n 			<div class=\"align1 subHeadingDiv\">\n 				<div class=\"columnNameContainer details\"><p class=\"idHeading\">$$column_name$$ &nbsp;<span style=\"font-style:italic;color:#666;font-size:16px;\"> $$required$$</span></p></div>\n 				<div class=\"columnNameContainer dataTypeContainer\"> <p>$$description$$</p></div>\n 			</div>\n 			<div class=\"align1 userInfo\">\n 				<p class=\"userInfoHeading\">Upload Information</p>\n 				<div class=\"horizontalDottedLine\"></div>\n 			</div>\n 			<div class=\"align1 userInfoDetails\">\n 				<div class=\"columnNameContainer columnNameContainer2\"><p><span class=\"italicStyler\">Column Name:</span> <span class=\"boldStyler\">$$column_name$$</span></p></div>\n 				<div class=\"columnNameContainer dataTypeContainer\">\n 					<p><span class=\"italicStyler\">Data Type:</span>Date</p>\n 				</div>\n 			</div></div>'),
('Pdf_Faculty_Header_Template',1,NULL,'<!doctype html>\n <html>\n 	<head>\n 		<title></title>\n 		<style>\n 			.container{\n 				padding:60px 50px;\n 			}\n 			p,body{\n 				margin:0;\n 				color:#003366;\n 			}\n 			#outerContainer{\n 				float:left;\n 				width:100%;\n 				box-sizing:border-box;\n 			}\n 			#outerContainer .align1{\n 				float:left;\n 				width:100%;\n 			}\n 			#outerContainer .columnNameContainer{\n 				float:left;\n 				display:inline-block;\n 			}\n 			#outerContainer .heading{\n 				font-weight:bold;\n 				font-size:22px;\n 			}\n 			#outerContainer .headingDiv{\n 				margin-bottom:30px;\n 			}\n 			#outerContainer .subHeadingDiv{\n 				margin-bottom:15px;\n 				float: left;\n 				width: 100%;\n 			}\n 			#outerContainer .userInfo{\n 				margin-bottom:5px;\n 			}\n 			#outerContainer .userInfoDetails{\n 				height:auto;\n 				margin-bottom:15px;\n 			}\n 			#outerContainer .subHeading{\n 				font-weight:bold;\n 				font-size:18px;\n 			}\n 			#outerContainer .idHeading{\n 				font-weight:bold;\n 				font-size:18px;\n 			}\n 			#outerContainer .horizontalLine{\n 				background-color: #ccc;\n 				width:100%;\n 				height:2px;\n 			}\n 			#outerContainer .horizontalDottedLine{\n 			    border-bottom: dotted;\n 				border-width: 4px; \n 				color:#ccc;\n 			}\n 			#outerContainer .boldStyler{\n 				font-weight:bold;\n 			}\n 			#outerContainer .columnNameContainer2{\n 				min-width:30%;\n                width:auto;\n 				height:auto;\n 				padding:0px 10px;\n 			}\n 			#outerContainer .details{\n 				min-width:30%;\n                width:auto;\n 				height:auto;\n 			}\n 			#outerContainer .dataTypeContainer{\n 				width:58%;\n 				height:auto;\n 			}\n 			#outerContainer .userInfoHeading{\n 				margin-bottom:3px;\n 			}\n 			#outerContainer .validvalues{\n 				padding:0px 10px;\n 			}\n 			#outerContainer .italicStyler{\n 				font-style:italic;\n 			}\n 		</style>\n 	</head>\n 	<body>\n 	<div class=\"container\">\n 		<div id=\"outerContainer\">\n 			<div class=\"align1 headingDiv\">\n 				<p class=\"heading\">MAP-Works: Faculty/Staff File Data Definitions<span><img src=\"\" /></span></p>\n 			</div>\n 			<div class=\"subHeadingDiv\">\n 				<p class=\"subHeading\">General Faculty/Staff Information</p>\n 				<div class=\"horizontalLine\"></div>\n 			</div>\n 		</div>'),
('Pdf_GroupFaculty_Header_Template',1,NULL,'<!doctype html>\n <html>\n 	<head>\n 		<title></title>\n 		<style>\n 			.container{\n 				padding:60px 50px;\n 			}\n 			p,body{\n 				margin:0;\n 				color:#003366;\n 			}\n 			#outerContainer{\n 				float:left;\n 				width:100%;\n 				box-sizing:border-box;\n 			}\n 			#outerContainer .align1{\n 				float:left;\n 				width:100%;\n 			}\n 			#outerContainer .columnNameContainer{\n 				float:left;\n 				display:inline-block;\n 			}\n 			#outerContainer .heading{\n 				font-weight:bold;\n 				font-size:22px;\n 			}\n 			#outerContainer .headingDiv{\n 				margin-bottom:30px;\n 			}\n 			#outerContainer .subHeadingDiv{\n 				margin-bottom:15px;\n 				float: left;\n 				width: 100%;\n 			}\n 			#outerContainer .userInfo{\n 				margin-bottom:5px;\n 			}\n 			#outerContainer .userInfoDetails{\n 				height:auto;\n 				margin-bottom:15px;\n 			}\n 			#outerContainer .subHeading{\n 				font-weight:bold;\n 				font-size:18px;\n 			}\n 			#outerContainer .idHeading{\n 				font-weight:bold;\n 				font-size:18px;\n 			}\n 			#outerContainer .horizontalLine{\n 				background-color: #ccc;\n 				width:100%;\n 				height:2px;\n 			}\n 			#outerContainer .horizontalDottedLine{\n 			    border-bottom: dotted;\n 				border-width: 4px; \n 				color:#ccc;\n 			}\n 			#outerContainer .boldStyler{\n 				font-weight:bold;\n 			}\n 			#outerContainer .columnNameContainer2{\n 				min-width:30%;\n                width:auto;\n 				height:auto;\n 				padding:0px 10px;\n 			}\n 			#outerContainer .details{\n 				min-width:30%;\n                width:auto;\n 				height:auto;\n 			}\n 			#outerContainer .dataTypeContainer{\n 				width:68%;\n 				height:auto;\n 			}\n 			#outerContainer .userInfoHeading{\n 				margin-bottom:3px;\n 			}\n 			#outerContainer .validvalues{\n 				padding:0px 10px;\n 			}\n 			#outerContainer .italicStyler{\n 				font-style:italic;\n 			}\n 		</style>\n 	</head>\n 	<body>\n 	<div class=\"container\">\n 		<div id=\"outerContainer\">\n 			<div class=\"align1 headingDiv\">\n 				<p class=\"heading\">MAP-Works: Group Membership - Faculty/Staff file definitions <span><img src=\"\" /></span></p>\n 			</div>\n 			<div class=\"subHeadingDiv\">\n 				<p class=\"subHeading\">General Groups Faculty/Staff Information</p>\n 				<div class=\"horizontalLine\"></div>\n 			</div>\n 		</div>'),
('Pdf_GroupStudent_Header_Template',1,NULL,'<!doctype html>\n <html>\n 	<head>\n 		<title></title>\n 		<style>\n 			.container{\n 				padding:60px 50px;\n 			}\n 			p,body{\n 				margin:0;\n 				color:#003366;\n 			}\n 			#outerContainer{\n 				float:left;\n 				width:100%;\n 				box-sizing:border-box;\n 			}\n 			#outerContainer .align1{\n 				float:left;\n 				width:100%;\n 			}\n 			#outerContainer .columnNameContainer{\n 				float:left;\n 				display:inline-block;\n 			}\n 			#outerContainer .heading{\n 				font-weight:bold;\n 				font-size:22px;\n 			}\n 			#outerContainer .headingDiv{\n 				margin-bottom:30px;\n 			}\n 			#outerContainer .subHeadingDiv{\n 				margin-bottom:15px;\n 				float: left;\n 				width: 100%;\n 			}\n 			#outerContainer .userInfo{\n 				margin-bottom:5px;\n 			}\n 			#outerContainer .userInfoDetails{\n 				height:auto;\n 				margin-bottom:15px;\n 			}\n 			#outerContainer .subHeading{\n 				font-weight:bold;\n 				font-size:18px;\n 			}\n 			#outerContainer .idHeading{\n 				font-weight:bold;\n 				font-size:18px;\n 			}\n 			#outerContainer .horizontalLine{\n 				background-color: #ccc;\n 				width:100%;\n 				height:2px;\n 			}\n 			#outerContainer .horizontalDottedLine{\n 			    border-bottom: dotted;\n 				border-width: 4px; \n 				color:#ccc;\n 			}\n 			#outerContainer .boldStyler{\n 				font-weight:bold;\n 			}\n 			#outerContainer .columnNameContainer2{\n 			    min-width:30%;\n                width:auto;\n 				height:auto;\n 				padding:0px 10px;\n 			}\n 			#outerContainer .details{\n 				min-width:30%;\n                width:auto;\n 				height:auto;\n 			}\n 			#outerContainer .dataTypeContainer{\n 				width:68%;\n 				height:auto;\n 			}\n 			#outerContainer .userInfoHeading{\n 				margin-bottom:3px;\n 			}\n 			#outerContainer .validvalues{\n 				padding:0px 10px;\n 			}\n 			#outerContainer .italicStyler{\n 				font-style:italic;\n 			}\n 		</style>\n 	</head>\n 	<body>\n 	<div class=\"container\">\n 		<div id=\"outerContainer\">\n 			<div class=\"align1 headingDiv\">\n 				<p class=\"heading\">MAP-Works: Group Membership - Student file definitions <span><img src=\"\" /></span></p>\n 			</div>\n 			<div class=\"subHeadingDiv\">\n 				<p class=\"subHeading\">General Groups Students Information</p>\n 				<div class=\"horizontalLine\"></div>\n 			</div>\n 		</div>'),
('Pdf_NumberType_Body_Template',1,NULL,'<div id=\"outerContainer\">\n 			<div class=\"align1 subHeadingDiv\">\n 				<div class=\"columnNameContainer details\"><p class=\"idHeading\">$$column_name$$ &nbsp;<span style=\"font-style:italic;color:#666;font-size:16px;\"> $$required$$</span></p></div>\n 				<div class=\"columnNameContainer dataTypeContainer\"> <p>$$description$$</p></div>\n 			</div>\n 			<div class=\"align1 userInfo\">\n 				<p class=\"userInfoHeading\">Upload Information</p>\n 				<div class=\"horizontalDottedLine\"></div>\n 			</div>\n 			<div class=\"align1 userInfoDetails\">\n 				<div class=\"columnNameContainer columnNameContainer2\"><p><span class=\"italicStyler\">Column Name:</span> <span class=\"boldStyler\">$$column_name$$</span></p></div>\n 				<div class=\"columnNameContainer dataTypeContainer\">\n 					<p><span class=\"italicStyler\">Data Type:</span>Numbers Only</p>\n 				</div>\n 			</div>\n 			<div class=\"validvalues align1\">\n 				<p style=\"margin-bottom : 15px;\">$$valid_values$$</p>\n 			</div>\n 			</div>'),
('Pdf_StringType_Body_Template',1,NULL,'<div id=\"outerContainer\">\n 			<div class=\"align1 subHeadingDiv\">\n 				<div class=\"columnNameContainer details\"><p class=\"idHeading\">$$column_name$$ &nbsp;<span style=\"font-style:italic;color:#666;font-size:16px;\"> $$required$$</span></p></div>\n 				<div class=\"columnNameContainer dataTypeContainer\"> <p>$$description$$</p></div>\n 			</div>\n 			<div class=\"align1 userInfo\">\n 				<p class=\"userInfoHeading\">Upload Information</p>\n 				<div class=\"horizontalDottedLine\"></div>\n 			</div>\n 			<div class=\"align1 userInfoDetails\">\n 				<div class=\"columnNameContainer columnNameContainer2\"><p><span class=\"italicStyler\">Column Name:</span> <span class=\"boldStyler\">$$column_name$$</span></p></div>\n 				<div class=\"columnNameContainer dataTypeContainer\">\n 					<p><span class=\"italicStyler\">Data Type:</span>Letters and Numbers</p>\n 					<p>(Max Length: $$length$$ characters)</p>\n 				</div>\n 			</div></div>'),
('Pdf_Student_Footer_Template',1,NULL,'</div>  \n                        </body>\n                        </html>'),
('Pdf_Student_Header_Template',1,NULL,'<!doctype html>\n <html>\n 	<head>\n 		<title></title>\n 		<style>\n 			.container{\n 				padding:60px 50px;\n 			}\n 			p,body{\n 				margin:0;\n 				color:#003366;\n 			}\n 			#outerContainer{\n 				float:left;\n 				width:100%;\n 				box-sizing:border-box;\n 			}\n 			#outerContainer .align1{\n 				float:left;\n 				width:100%;\n 			}\n 			#outerContainer .columnNameContainer{\n 				float:left;\n 				display:inline-block;\n 			}\n 			#outerContainer .heading{\n 				font-weight:bold;\n 				font-size:22px;\n 			}\n 			#outerContainer .headingDiv{\n 				margin-bottom:30px;\n 			}\n 			#outerContainer .subHeadingDiv{\n 				margin-bottom:15px;\n 				float: left;\n 				width: 100%;\n 			}\n 			#outerContainer .userInfo{\n 				margin-bottom:5px;\n 			}\n 			#outerContainer .userInfoDetails{\n 				height:auto;\n 				margin-bottom:15px;\n 			}\n 			#outerContainer .subHeading{\n 				font-weight:bold;\n 				font-size:18px;\n 			}\n 			#outerContainer .idHeading{\n 				font-weight:bold;\n 				font-size:18px;\n 			}\n 			#outerContainer .horizontalLine{\n 				background-color: #ccc;\n 				width:100%;\n 				height:2px;\n 			}\n 			#outerContainer .horizontalDottedLine{\n 			    border-bottom: dotted;\n 				border-width: 4px; \n 				color:#ccc;\n 			}\n 			#outerContainer .boldStyler{\n 				font-weight:bold;\n 			}\n 			#outerContainer .columnNameContainer2{\n 				min-width:30%;\n                width:auto;\n 				height:auto;\n 				padding:0px 10px;\n 			}\n 			#outerContainer .details{\n 				min-width:30%;\n                width:auto;\n 				height:auto;\n 			}\n 			#outerContainer .dataTypeContainer{\n 				width:58%;\n 				height:auto;\n 			}\n 			#outerContainer .userInfoHeading{\n 				margin-bottom:3px;\n 			}\n 			#outerContainer .validvalues{\n 				padding:0px 10px;\n 			}\n 			#outerContainer .italicStyler{\n 				font-style:italic;\n 			}\n 			#outerContainer .valueslist{\n 				list-style-type: none;\n 			}\n 		</style>\n 	</head>\n 	<body>\n 	<div class=\"container\">\n 		<div id=\"outerContainer\">\n 			<div class=\"align1 headingDiv\">\n 				<p class=\"heading\">MAP-Works: Student File Data Definitions<span><img src=\"\" /></span></p>\n 			</div>\n 			<div class=\"subHeadingDiv\">\n 				<p class=\"subHeading\">General Student Information</p>\n 				<div class=\"horizontalLine\"></div>\n 			</div>\n 		</div>'),
('Pdf_SubGroup_Footer_Template',1,NULL,'<p></p>\n	</div>  \n   </body>\n</html>'),
('Pdf_SubGroup_Header_Template',1,NULL,'<!doctype html>\n <html>\n 	<head>\n 		<title></title>\n 		<style>\n 			.container{\n 				padding:60px 50px;\n 			}\n 			p,body{\n 				margin:0;\n 				color:#003366;\n 			}\n 			#outerContainer{\n 				float:left;\n 				width:100%;\n 				box-sizing:border-box;\n 			}\n 			#outerContainer .align1{\n 				float:left;\n 				width:100%;\n 			}\n 			#outerContainer .columnNameContainer{\n 				float:left;\n 				display:inline-block;\n 			}\n 			#outerContainer .heading{\n 				font-weight:bold;\n 				font-size:22px;\n 			}\n 			#outerContainer .headingDiv{\n 				margin-bottom:30px;\n 			}\n 			#outerContainer .subHeadingDiv{\n 				margin-bottom:15px;\n 				float: left;\n 				width: 100%;\n 			}\n 			#outerContainer .userInfo{\n 				margin-bottom:5px;\n 			}\n 			#outerContainer .userInfoDetails{\n 				height:auto;\n 				margin-bottom:15px;\n 			}\n 			#outerContainer .subHeading{\n 				font-weight:bold;\n 				font-size:18px;\n 			}\n 			#outerContainer .idHeading{\n 				font-weight:bold;\n 				font-size:18px;\n 			}\n 			#outerContainer .horizontalLine{\n 				background-color: #ccc;\n 				width:100%;\n 				height:2px;\n 			}\n 			#outerContainer .horizontalDottedLine{\n 			    border-bottom: dotted;\n 				border-width: 4px; \n 				color:#ccc;\n 			}\n 			#outerContainer .boldStyler{\n 				font-weight:bold;\n 			}\n 			#outerContainer .columnNameContainer2{\n 				min-width:30%;\n                width:auto;\n 				height:auto;\n 				padding:0px 10px;\n 			}\n 			#outerContainer .details{\n 				min-width:30%;\n                width:auto;\n 				height:auto;\n 			}\n 			#outerContainer .dataTypeContainer{\n 				width:68%;\n 				height:auto;\n 			}\n 			#outerContainer .userInfoHeading{\n 				margin-bottom:3px;\n 			}\n 			#outerContainer .validvalues{\n 				padding:0px 10px;\n 			}\n 			#outerContainer .italicStyler{\n 				font-style:italic;\n 			}\n 		</style>\n 	</head>\n 	<body>\n 	<div class=\"container\">\n 		<div id=\"outerContainer\">\n 			<div class=\"align1 headingDiv\">\n 				<p class=\"heading\">MAP-Works: Sub-Groups Creation File Definitions<span><img src=\"\" /></span></p>\n 			</div>\n 			<div class=\"subHeadingDiv\">\n 				<p class=\"subHeading\">General Sub-Groups Information</p>\n 				<div class=\"horizontalLine\"></div>\n 			</div>\n 		</div>'),
('Pdf_TextType_Body_Template',1,NULL,' <div id=\"outerContainer\"> <div class=\"align1 subHeadingDiv\"> <div class=\"columnNameContainer details\"><p class=\"idHeading\">$$column_name$$ &nbsp;<span style=\"font-style:italic;color:#666;font-size:16px;\"> $$required$$</span></p></div> <div class=\"columnNameContainer dataTypeContainer\"> <p>$$description$$</p></div> </div> <div class=\"align1 userInfo\"> <p class=\"userInfoHeading\">Upload Information</p> <div class=\"horizontalDottedLine\"></div> </div> <div class=\"align1 userInfoDetails\"> <div class=\"columnNameContainer columnNameContainer2\"><p><span class=\"italicStyler\">Column Name:</span> <span class=\"boldStyler\">$$column_name$$</span></p></div> <div class=\"columnNameContainer dataTypeContainer\"> <p><span class=\"italicStyler\">Data Type:</span>Text</p> <p>(Max Length: $$length$$ characters)</p> </div></div> <div class=\"validvalues align1\"> <p>$$optionalTitle$$</p> <ul class=\"valueslist\"> $$optional$$ </ul> </div> </div>');
/*!40000 ALTER TABLE `ebi_template_lang` ENABLE KEYS */;
UNLOCK TABLES;

--
-- Table structure for table `ebi_users`
--

DROP TABLE IF EXISTS `ebi_users`;
/*!40101 SET @saved_cs_client     = @@character_set_client */;
/*!40101 SET character_set_client = utf8 */;
CREATE TABLE `ebi_users` (
  `id` int(11) NOT NULL AUTO_INCREMENT,
  `created_by` int(11) DEFAULT NULL,
  `modified_by` int(11) DEFAULT NULL,
  `deleted_by` int(11) DEFAULT NULL,
  `created_at` datetime DEFAULT NULL,
  `modified_at` datetime DEFAULT NULL,
  `deleted_at` datetime DEFAULT NULL,
  `first_name` varchar(100) COLLATE utf8_unicode_ci DEFAULT NULL,
  `last_name` varchar(100) COLLATE utf8_unicode_ci DEFAULT NULL,
  `email_address` varchar(200) COLLATE utf8_unicode_ci DEFAULT NULL,
  `password` varchar(100) COLLATE utf8_unicode_ci DEFAULT NULL,
  `mobile_number` varchar(15) COLLATE utf8_unicode_ci DEFAULT NULL,
  `is_active` varbinary(10) DEFAULT NULL,
  PRIMARY KEY (`id`),
  KEY `IDX_53649663DE12AB56` (`created_by`),
  KEY `IDX_5364966325F94802` (`modified_by`),
  KEY `IDX_536496631F6FA0AF` (`deleted_by`),
  CONSTRAINT `FK_536496631F6FA0AF` FOREIGN KEY (`deleted_by`) REFERENCES `person` (`id`),
  CONSTRAINT `FK_5364966325F94802` FOREIGN KEY (`modified_by`) REFERENCES `person` (`id`),
  CONSTRAINT `FK_53649663DE12AB56` FOREIGN KEY (`created_by`) REFERENCES `person` (`id`)
) ENGINE=InnoDB DEFAULT CHARSET=utf8 COLLATE=utf8_unicode_ci;
/*!40101 SET character_set_client = @saved_cs_client */;

--
-- Dumping data for table `ebi_users`
--

LOCK TABLES `ebi_users` WRITE;
/*!40000 ALTER TABLE `ebi_users` DISABLE KEYS */;
/*!40000 ALTER TABLE `ebi_users` ENABLE KEYS */;
UNLOCK TABLES;

--
-- Table structure for table `email`
--

DROP TABLE IF EXISTS `email`;
/*!40101 SET @saved_cs_client     = @@character_set_client */;
/*!40101 SET character_set_client = utf8 */;
CREATE TABLE `email` (
  `id` int(11) NOT NULL AUTO_INCREMENT,
  `created_by` int(11) DEFAULT NULL,
  `modified_by` int(11) DEFAULT NULL,
  `deleted_by` int(11) DEFAULT NULL,
  `organization_id` int(11) DEFAULT NULL,
  `person_id_student` int(11) DEFAULT NULL,
  `person_id_faculty` int(11) DEFAULT NULL,
  `activity_category_id` int(11) DEFAULT NULL,
  `created_at` datetime DEFAULT NULL,
  `modified_at` datetime DEFAULT NULL,
  `deleted_at` datetime DEFAULT NULL,
  `email_subject` varchar(50) COLLATE utf8_unicode_ci DEFAULT NULL,
  `email_body` longtext COLLATE utf8_unicode_ci,
  `email_bcc_list` longtext COLLATE utf8_unicode_ci COMMENT 'BCC faculty list in comma separated format',
  `access_private` tinyint(1) DEFAULT NULL,
  `access_public` tinyint(1) DEFAULT NULL,
  `access_team` tinyint(1) DEFAULT NULL,
  PRIMARY KEY (`id`),
  KEY `IDX_E7927C74DE12AB56` (`created_by`),
  KEY `IDX_E7927C7425F94802` (`modified_by`),
  KEY `IDX_E7927C741F6FA0AF` (`deleted_by`),
  KEY `fk_email_organization1` (`organization_id`),
  KEY `fk_email_person1` (`person_id_student`),
  KEY `fk_email_person2` (`person_id_faculty`),
  KEY `fk_email_activity_category1` (`activity_category_id`),
  CONSTRAINT `FK_E7927C741CC8F7EE` FOREIGN KEY (`activity_category_id`) REFERENCES `activity_category` (`id`),
  CONSTRAINT `FK_E7927C741F6FA0AF` FOREIGN KEY (`deleted_by`) REFERENCES `person` (`id`),
  CONSTRAINT `FK_E7927C7425F94802` FOREIGN KEY (`modified_by`) REFERENCES `person` (`id`),
  CONSTRAINT `FK_E7927C7432C8A3DE` FOREIGN KEY (`organization_id`) REFERENCES `organization` (`id`),
  CONSTRAINT `FK_E7927C745F056556` FOREIGN KEY (`person_id_student`) REFERENCES `person` (`id`),
  CONSTRAINT `FK_E7927C74DE12AB56` FOREIGN KEY (`created_by`) REFERENCES `person` (`id`),
  CONSTRAINT `FK_E7927C74FFB0AA26` FOREIGN KEY (`person_id_faculty`) REFERENCES `person` (`id`)
) ENGINE=InnoDB DEFAULT CHARSET=utf8 COLLATE=utf8_unicode_ci;
/*!40101 SET character_set_client = @saved_cs_client */;

--
-- Dumping data for table `email`
--

LOCK TABLES `email` WRITE;
/*!40000 ALTER TABLE `email` DISABLE KEYS */;
/*!40000 ALTER TABLE `email` ENABLE KEYS */;
UNLOCK TABLES;

--
-- Table structure for table `email_teams`
--

DROP TABLE IF EXISTS `email_teams`;
/*!40101 SET @saved_cs_client     = @@character_set_client */;
/*!40101 SET character_set_client = utf8 */;
CREATE TABLE `email_teams` (
  `id` int(11) NOT NULL AUTO_INCREMENT,
  `created_by` int(11) DEFAULT NULL,
  `modified_by` int(11) DEFAULT NULL,
  `deleted_by` int(11) DEFAULT NULL,
  `email_id` int(11) DEFAULT NULL,
  `teams_id` int(11) DEFAULT NULL,
  `created_at` datetime DEFAULT NULL,
  `modified_at` datetime DEFAULT NULL,
  `deleted_at` datetime DEFAULT NULL,
  PRIMARY KEY (`id`),
  KEY `IDX_B8F63D7DE12AB56` (`created_by`),
  KEY `IDX_B8F63D725F94802` (`modified_by`),
  KEY `IDX_B8F63D71F6FA0AF` (`deleted_by`),
  KEY `fk_email_teams_email1` (`email_id`),
  KEY `fk_email_teams_teams1` (`teams_id`),
  CONSTRAINT `FK_B8F63D71F6FA0AF` FOREIGN KEY (`deleted_by`) REFERENCES `person` (`id`),
  CONSTRAINT `FK_B8F63D725F94802` FOREIGN KEY (`modified_by`) REFERENCES `person` (`id`),
  CONSTRAINT `FK_B8F63D7A832C1C9` FOREIGN KEY (`email_id`) REFERENCES `email` (`id`),
  CONSTRAINT `FK_B8F63D7D6365F12` FOREIGN KEY (`teams_id`) REFERENCES `Teams` (`id`),
  CONSTRAINT `FK_B8F63D7DE12AB56` FOREIGN KEY (`created_by`) REFERENCES `person` (`id`)
) ENGINE=InnoDB DEFAULT CHARSET=utf8 COLLATE=utf8_unicode_ci;
/*!40101 SET character_set_client = @saved_cs_client */;

--
-- Dumping data for table `email_teams`
--

LOCK TABLES `email_teams` WRITE;
/*!40000 ALTER TABLE `email_teams` DISABLE KEYS */;
/*!40000 ALTER TABLE `email_teams` ENABLE KEYS */;
UNLOCK TABLES;

--
-- Table structure for table `email_template`
--

DROP TABLE IF EXISTS `email_template`;
/*!40101 SET @saved_cs_client     = @@character_set_client */;
/*!40101 SET character_set_client = utf8 */;
CREATE TABLE `email_template` (
  `id` int(11) NOT NULL AUTO_INCREMENT,
  `created_by` int(11) DEFAULT NULL,
  `created_at` datetime DEFAULT NULL,
  `modified_by` int(11) DEFAULT NULL,
  `modified_at` datetime DEFAULT NULL,
  `deleted_by` int(11) DEFAULT NULL,
  `deleted_at` datetime DEFAULT NULL,
  `email_key` varchar(45) COLLATE utf8_unicode_ci DEFAULT NULL,
  `is_active` int(11) DEFAULT NULL,
  `from_email_address` varchar(255) COLLATE utf8_unicode_ci DEFAULT NULL,
  `bcc_recipient_list` varchar(500) COLLATE utf8_unicode_ci DEFAULT NULL,
  PRIMARY KEY (`id`)
) ENGINE=InnoDB AUTO_INCREMENT=49 DEFAULT CHARSET=utf8 COLLATE=utf8_unicode_ci;
/*!40101 SET character_set_client = @saved_cs_client */;

--
-- Dumping data for table `email_template`
--

LOCK TABLES `email_template` WRITE;
/*!40000 ALTER TABLE `email_template` DISABLE KEYS */;
INSERT INTO `email_template` VALUES
(1,NULL,NULL,NULL,NULL,NULL,NULL,'Welcome_Email_Staff',NULL,'no-reply@mapworks.com',''),
(2,NULL,NULL,NULL,NULL,NULL,NULL,'Forgot_Password_Staff',NULL,'no-reply@mapworks.com',''),
(3,NULL,NULL,NULL,NULL,NULL,NULL,'MyAccount_Updated_Staff',NULL,'no-reply@mapworks.com',''),
(4,NULL,NULL,NULL,NULL,NULL,NULL,'Create_Password_Coordinator',NULL,'no-reply@mapworks.com',''),
(5,NULL,NULL,NULL,NULL,NULL,NULL,'Forgot_Password_Coordinator',NULL,'no-reply@mapworks.com',''),
(6,NULL,NULL,NULL,NULL,NULL,NULL,'Welcome_Email_Coordinator',NULL,'no-reply@mapworks.com',''),
(7,NULL,NULL,NULL,NULL,NULL,NULL,'Sucessful_Password_Reset_Staff',NULL,'no-reply@mapworks.com',''),
(8,NULL,NULL,NULL,NULL,NULL,NULL,'Sucessful_Password_Reset_Coordinator',NULL,'no-reply@mapworks.com',''),
(9,NULL,NULL,NULL,NULL,NULL,NULL,'Appointment_Book_Staff_to_Student',NULL,'no-reply@mapworks.com',''),
(10,NULL,NULL,NULL,NULL,NULL,NULL,'Appointment_Update_staff_to_Student',NULL,'no-reply@mapworks.com',''),
(11,NULL,NULL,NULL,NULL,NULL,NULL,'Appointment_Cancel_Staff_to_Student',NULL,'no-reply@mapworks.com',''),
(12,NULL,NULL,NULL,NULL,NULL,NULL,'Add_Delegate',NULL,'no-reply@mapworks.com',''),
(13,NULL,NULL,NULL,NULL,NULL,NULL,'Remove_Delegate',NULL,'no-reply@mapworks.com',''),
(14,NULL,NULL,NULL,NULL,NULL,NULL,'Referral_Assign_to_staff',NULL,'no-reply@mapworks.com',''),
(15,NULL,NULL,NULL,NULL,NULL,NULL,'Appointment_Reminder_Staff_to_Student',NULL,'no-reply@mapworks.com',''),
(16,NULL,NULL,NULL,NULL,NULL,NULL,'Referral_Student_Notification',NULL,'no-reply@mapworks.com',''),
(17,NULL,NULL,NULL,NULL,NULL,NULL,'Referral_InterestedParties_Staff',NULL,'no-reply@mapworks.com',''),
(18,NULL,NULL,NULL,NULL,NULL,NULL,'Course_Upload_Notification',1,'no-reply@mapworks.com',''),
(19,NULL,NULL,NULL,NULL,NULL,NULL,'Course_Faculty_Upload_Notification',1,'no-reply@mapworks.com',''),
(20,NULL,NULL,NULL,NULL,NULL,NULL,'Course_Student_Upload_Notification',1,'no-reply@mapworks.com',''),
(21,NULL,NULL,NULL,NULL,NULL,NULL,'Referral_InterestedParties_Staff_Closed',NULL,'no-reply@mapworks.com',''),
(22,NULL,NULL,NULL,NULL,NULL,NULL,'Academic_Update_Cancel_to_Faculty',1,'no-reply@mapworks.com',''),
(23,NULL,NULL,NULL,NULL,NULL,NULL,'Academic_Update_Reminder_to_Faculty',1,'no-reply@mapworks.com',''),
(24,NULL,NULL,NULL,NULL,NULL,NULL,'Academic_Update_Request_Staff',NULL,'no-reply@mapworks.com',''),
(25,NULL,NULL,NULL,NULL,NULL,NULL,'Academic_Update_Notification_Student',NULL,'no-reply@mapworks.com',''),
(26,NULL,NULL,NULL,NULL,NULL,NULL,'AcademicUpdate_Upload_Notification',1,'no-reply@mapworks.com',''),
(27,NULL,NULL,NULL,NULL,NULL,NULL,'Student_Upload_Notification',1,'no-reply@mapworks.com',''),
(28,NULL,NULL,NULL,NULL,NULL,NULL,'Faculty_Upload_Notification',1,'no-reply@mapworks.com',''),
(29,NULL,NULL,NULL,NULL,NULL,NULL,'Appointment_Book_Student_to_Staff',1,'no-reply@mapworks.com',''),
(31,NULL,NULL,NULL,NULL,NULL,NULL,'Appointment_Cancel_Student_to_Staff',1,'no-reply@mapworks.com',''),
(32,NULL,NULL,NULL,NULL,NULL,NULL,'Send_Invitation_to_User',1,'no-reply@mapworks.com',''),
(33,NULL,NULL,NULL,NULL,NULL,NULL,'Accept_Change_Request',1,'no-reply@mapworks.com',''),
(34,NULL,NULL,NULL,NULL,NULL,NULL,'Deny_Change_Request',1,'no-reply@mapworks.com',''),
(35,NULL,NULL,NULL,NULL,NULL,NULL,'Activate_Email',1,'no-reply@mapworks.com',''),
(36,NULL,NULL,NULL,NULL,NULL,NULL,'Deactivate_Email',1,'no-reply@mapworks.com',''),
(37,NULL,NULL,NULL,NULL,NULL,NULL,'Forgot_Password_Student',NULL,'no-reply@mapworks.com',''),
(38,NULL,NULL,NULL,NULL,NULL,NULL,'Email_Login_Url',1,'no-reply@mapworks.com',''),
(39,NULL,NULL,NULL,NULL,NULL,NULL,'Sucessful_Password_Reset_Student',1,'no-reply@mapworks.com',''),
(40,NULL,NULL,NULL,NULL,NULL,NULL,'Welcome_To_Mapworks',1,'no-reply@mapworks.com',''),
(41,NULL,NULL,NULL,NULL,NULL,NULL,'Academic_Update_Request_Staff_Closed',1,'no-reply@mapworks.com',''),
(42,NULL,NULL,NULL,NULL,NULL,NULL,'Email_Notification_Staff_to_Student',1,'no-reply@mapworks.com',''),
(43,NULL,NULL,NULL,NULL,NULL,NULL,'Email_PDF_Report_Student',NULL,'no-reply@mapworks.com',''),
(44,NULL,NULL,NULL,NULL,NULL,NULL,'Welcome_Email_Skyfactor_Admin_User',NULL,'no-reply@mapworks.com',NULL),
(45,NULL,NULL,NULL,NULL,NULL,NULL,'Group_Student_Upload_Notification',1,'no-reply@mapworks.com',NULL),
(46,NULL,NULL,NULL,NULL,NULL,NULL,'Group_Faculty_Upload_Notification',1,'no-reply@mapworks.com',NULL),
(47,NULL,NULL,NULL,NULL,NULL,NULL,'Group_Upload_Notification',1,'no-reply@mapworks.com',NULL),
(48,NULL,NULL,NULL,NULL,NULL,NULL,'Static_List_Upload_Notification',1,'no-reply@mapworks.com',NULL);
/*!40000 ALTER TABLE `email_template` ENABLE KEYS */;
UNLOCK TABLES;

--
-- Table structure for table `email_template_lang`
--

DROP TABLE IF EXISTS `email_template_lang`;
/*!40101 SET @saved_cs_client     = @@character_set_client */;
/*!40101 SET character_set_client = utf8 */;
CREATE TABLE `email_template_lang` (
  `id` int(11) NOT NULL AUTO_INCREMENT,
  `email_template_id` int(11) DEFAULT NULL,
  `language_id` int(11) DEFAULT NULL,
  `created_by` int(11) DEFAULT NULL,
  `created_at` datetime DEFAULT NULL,
  `modified_by` int(11) DEFAULT NULL,
  `modified_at` datetime DEFAULT NULL,
  `deleted_by` int(11) DEFAULT NULL,
  `deleted_at` datetime DEFAULT NULL,
  `body` longtext COLLATE utf8_unicode_ci,
  `subject` varchar(500) COLLATE utf8_unicode_ci DEFAULT NULL,
  PRIMARY KEY (`id`),
  KEY `IDX_16F0BDA7131A730F` (`email_template_id`),
  KEY `IDX_16F0BDA782F1BAF4` (`language_id`),
  CONSTRAINT `FK_16F0BDA7131A730F` FOREIGN KEY (`email_template_id`) REFERENCES `email_template` (`id`),
  CONSTRAINT `FK_16F0BDA782F1BAF4` FOREIGN KEY (`language_id`) REFERENCES `language_master` (`id`)
) ENGINE=InnoDB AUTO_INCREMENT=47 DEFAULT CHARSET=utf8 COLLATE=utf8_unicode_ci;
/*!40101 SET character_set_client = @saved_cs_client */;

--
-- Dumping data for table `email_template_lang`
--

LOCK TABLES `email_template_lang` WRITE;
/*!40000 ALTER TABLE `email_template_lang` DISABLE KEYS */;
INSERT INTO `email_template_lang` VALUES
(1,1,1,NULL,NULL,NULL,NULL,NULL,NULL,'<html>\n	<head>\n		<style>\n		body {\n    background: none repeat scroll 0 0 #f4f4f4;\n        \n}\n		table {\n    padding: 21px;\n    width: 799px;\n	font-family: helvetica,arial,verdana,san-serif;\n	font-size:13px;\n	color:#333;\n	}\n		</style>\n	</head>\n	<body>\n        \n		<table cellpadding=\"10\" style=\"background:#eeeeee;\" cellspacing=\"0\">\n			<tbody>\n        \n				<tr style=\"background:#fff;border-collapse:collapse;\"><td>Hi $$firstname$$,</td></tr>\n				<tr style=\"background:#fff;border-collapse:collapse;\"><td>A Mapworks password was successfully created for your account.<br/><br/>If you believe that you received this email in error or if you have any questions, please contact Mapworks support at &nbsp;<a class=\"external-link\" href=\"mailto:$$Support_Helpdesk_Email_Address$$\" rel=\"nofollow\" style=\"color: rgb(41, 114, 155); text-decoration: underline;\">$$Support_Helpdesk_Email_Address$$</a><br/></td></tr>\n        \n<tr style=\"background:#fff;border-collapse:collapse;\"><td>Thank you.</td></tr>\n				<tr><td><img width=\"307\" height = \"89\" alt=\"Skyfactor Mapworks Logo\" src=\"$$Skyfactor_Mapworks_logo$$\"/><br/></td></tr>\n				<tr style=\"background:#fff;border-collapse:collapse;\"><td>This email is an auto-generated message. Replies to automated messages are not monitored.</td></tr>\n        \n			</tbody>\n		</table>\n	</body>\n</html>','Mapworks password created'),
(2,2,1,NULL,NULL,NULL,NULL,NULL,NULL,'<html>\n  <div style=\"margin: 10px 0px 0px; padding: 0px; color: rgb(51, 51, 51); font-family: Arial, sans-serif; font-size: 14px; line-height: 20px; background-color: rgb(255, 255, 255);\">\n  <p>Hi $$firstname$$,<br/></p>\n        \n  <p>Please use the link below and follow the displayed instructions to create your new password. This link will expire after $$Reset_Password_Expiry_Hrs$$ hours.\n  <br/></p>\n  <a href=\"$$activation_token$$\" target=\"_blank\">$$activation_token$$</a><br/><br/>\n        \n  If you believe that you received this email in error or if you have any questions, please contact Mapworks support at\n <span style=\"color: #99ccff;\">$$Support_Helpdesk_Email_Address$$</span>.<br/><br/>\n  <p>Thank you.</br></p>\n  <p><img width=\"307\" height = \"89\" alt=\"Skyfactor Mapworks Logo\" src=\"$$Skyfactor_Mapworks_logo$$\" /></p><br/>\n  <p>This email is an auto-generated message. Replies to automated messages are not monitored.</p>\n  </div>\n  </html>\n','How to reset your Mapworks password'),
(3,3,1,NULL,NULL,NULL,NULL,NULL,NULL,'<html>\n     \n  		<div style=\"margin: 10px 0px 0px; padding: 0px; color: rgb(51, 51, 51); font-family: Arial, sans-serif; font-size: 14px; line-height: 20px; background-color: rgb(255, 255, 255);\">\n  			Hi $$firstname$$,<br/><br/>\n     \n  			An update to your Mapworks account was successfully made. The following information was updated: <br/><br/>\n     \n  			$$Updated_MyAccount_fields$$\n  		<br/>\n     \n  			If you believe that you received this email in error or if you have any questions, please contact Mapworks support at &nbsp;<a href=\"mailto:$$Support_Helpdesk_Email_Address$$\" class=\"external-link\" rel=\"nofollow\">$$Support_Helpdesk_Email_Address$$</a></p>\n          <br/>\n  			<p>Thank you.</br></p>\n <p><img width=\"307\" height = \"89\" alt=\"Skyfactor Mapworks Logo\" src=\"$$Skyfactor_Mapworks_logo$$\"/><br/></p>\n <p>This email is an auto-generated message. Replies to automated messages are not monitored.</p>\n  	</div>\n  </html>','Mapworks profile updated'),
(4,4,1,NULL,NULL,NULL,NULL,NULL,NULL,'<!DOCTYPE html PUBLIC \"-//W3C//DTD XHTML 1.0 Transitional//EN\" \"http://www.w3.org/TR/xhtml1/DTD/xhtml1-transitional.dtd\">\n        \n<html xmlns=\"http://www.w3.org/1999/xhtml\">\n<head>\n    <title>Email</title>\n</head>\n<body>\n<center>\n    <table align=\"center\">\n        <tr>\n            <th style=\"padding:0px;margin:0px;\">\n        \n               <table  style=\"font-family:helvetica,arial,verdana,san-serif;font-weight:normal;width:800px; height=337px;text-align:center;padding:0px;\">\n               <tr bgcolor=\"#eeeeee\" style=\"width:800px;padding:0px;height:337px;\">\n               <td style=\"width:800px;padding:0px;height:337px;\">\n               <table style=\"text-align:center;width:100%\">\n               <tr>\n                    <td style=\"padding:0px;\">\n                    <table style=\"margin-top:56px;width:100%\">\n		<tr>\n		<td style=\"text-align:center;padding:0px;font-size:33px;height:80px;width:800px;font-family:helvetica,arial,verdana,san-serif;font-weight:normal;color:#000000\">\n					<br>Welcome to Mapworks.\n		</td>\n		</tr>\n		</table>\n                    </td>\n               </tr>\n               <tr style=\"margin:0px;padding:0px;\">\n		<td style=\"text-align:center;font-family:helvetica,arial,verdana,san-serif;font-weight:normal;color:#333333;font-size: 16px;height:16px;padding-top:8px;\">\n        			Use the link below to create your password and start using Mapworks.\n        \n		</td></tr>\n           <tr style=\"margin:0px;padding:0px;\"><td style=\"margin:0px;padding:0px;\">\n        \n<table align=\"center\">\n  <tr style=\"margin:0px;padding:0px;\">\n    <th style=\"margin:0px;padding:0px;\">\n           <table cellpadding=\"36\" style=\"width:100%\">\n        <tr>\n		<td align=\"center\" style=\"text-align:center;color:#000000;font-weight:normal;font-size: 20px;\">\n		          <table style=\"border-radius:2px;width:175px;font-size:20px;font-family:helvetica,arial,verdana,san-serif;font-weight:normal;text-align:center;display: block;margin: 0 auto;padding:0px 0px\">\n		<tr>\n        <td style=\"background-color:#4673a7; height:58px;border-radius:2px;line-height:21px;text-decoration:none ;vertical-align:middle;\">\n        <a href=\"$$activation_token$$\" style=\"outline-offset:19px !important;background-color: #4673a7; color: #ffffff;display: block;text-decoration: none;width:175px \"target=\"_blank\"><span style=\"text-decoration: none !important;\">Sign In Now</span></a>\n        </td></tr>\n        <tr valign=\"top\" style=\"height:33px;\">\n        <td style=\"margin-left:auto; margin-right:auto;width:100%;font-size: 14px;height:14px;padding-bottom:7px;font-family:helvetica,arial,verdana,san-serif;font-weight:medium;color:#333333;link:#1e73d5;padding-top:8px;\">\n				<span>Use this link to <a target=\"_blank\" style=\"link:#1e73d5;\" href=\"$$activation_token$$\">sign in.</a></span>\n        \n        </td></tr>\n        \n        </table>\n		</td></tr>\n        \n        </table>\n        </th>\n        \n  </tr>\n        \n</table>\n       </td></tr>\n</table>\n               </td>\n               </tr>\n               <tr valign=\"top\">\n<td >\n<table>\n<tr>\n<td valign=\"top\" align=\"center\">\n<div style=\"text-align:left;margin-left:30px;font-family:helvetica,arial,verdana,san-serif;font-weight:normal;\n			margin-right:18px;font-size: 13px;color: #333333;margin-top:30px;link:#1e73d5;font-weight:normal;\" >\n				Thank you for participating in the spring 2015 pilot. We look forward to hearing your feedback as\n				it will inform future releases of our new student retention and success solution.\n        \n				<br><br>\n				If you have any questions, please contact us here.<br>\n				<a href=\"mailto:$$Support_Helpdesk_Email_Address$$\" style=\"link:#1e73d5;\">$$Support_Helpdesk_Email_Address$$</a>\n				<br><br>\n				Sincerely,\n				<div style=\"text-align:left;font-weight:bold;font-size: 14px;color:#333333\" >\n					<b>The EBI Mapworks Client Services Team</b>\n        \n				</div>\n                </div>\n</td>\n</tr>\n</table>\n</td>\n</tr>\n               </table>\n        \n            </th>\n        \n        </tr>\n        \n    </table>\n    </center>\n</body>\n</html>','Mapworks - SignIn Instructions'),
(5,5,1,NULL,NULL,NULL,NULL,NULL,NULL,'<html>\n  <div style=\"margin: 10px 0px 0px; padding: 0px; color: rgb(51, 51, 51); font-family: Arial, sans-serif; font-size: 14px; line-height: 20px; background-color: rgb(255, 255, 255);\">\n  <p>Hi $$firstname$$,<br/></p>\n        \n  <p>Please use the link below and follow the displayed instructions to create your new password. This link will expire after $$Reset_Password_Expiry_Hrs$$ hours.\n  <br/></p>\n  <a href=\"$$activation_token$$\" target=\"_blank\">$$activation_token$$</a><br/><br/>\n        \n  If you believe that you received this email in error or if you have any questions, please contact Mapworks support at\n <span style=\"color: #99ccff;\">$$Support_Helpdesk_Email_Address$$</span>.<br/><br/>\n  <p>Thank you.</br></p>\n  <p><img width=\"307\" height = \"89\" alt=\"Skyfactor Mapworks Logo\" src=\"$$Skyfactor_Mapworks_logo$$\" /></p><br/>\n  <p>This email is an auto-generated message. Replies to automated messages are not monitored.</p>\n  </div>\n  </html>\n','How to reset your Mapworks password'),
(6,6,1,NULL,NULL,NULL,NULL,NULL,NULL,'<html>\n	<head>\n		<style>\n		body {\n    background: none repeat scroll 0 0 #f4f4f4;\n        \n}\n		table {\n    padding: 21px;\n    width: 799px;\n	font-family: helvetica,arial,verdana,san-serif;\n	font-size:13px;\n	color:#333;\n	}\n		</style>\n	</head>\n	<body>\n        \n		<table cellpadding=\"10\" style=\"background:#eeeeee;\" cellspacing=\"0\">\n			<tbody>\n        \n				<tr style=\"background:#fff;border-collapse:collapse;\"><td>Hi $$firstname$$,</td></tr>\n				<tr style=\"background:#fff;border-collapse:collapse;\"><td>A Mapworks password was successfully created for your account.<br/><br/>If you believe that you received this email in error or if you have any questions, please contact Mapworks support at &nbsp;<a class=\"external-link\" href=\"mailto:support@mapworks.com\" rel=\"nofollow\" style=\"color: rgb(41, 114, 155); text-decoration: underline;\">support@mapworks.com</a><br/></td></tr>\n        \n<tr style=\"background:#fff;border-collapse:collapse;\"><td>Thank you.</td></tr>\n				<tr><td><img width=\"307\" height = \"89\" alt=\"Skyfactor Mapworks Logo\" src=\"$$Skyfactor_Mapworks_logo$$\"/><br/></td></tr>\n				<tr style=\"background:#fff;border-collapse:collapse;\"><td>This email is an auto-generated message. Replies to automated messages are not monitored.</td></tr>\n        \n			</tbody>\n		</table>\n	</body>\n</html>','Mapworks password created'),
(7,7,1,NULL,NULL,NULL,NULL,NULL,NULL,'<html>\n <div style=\'margin: 10px 0px 0px; padding: 0px; color: rgb(51, 51, 51); font-family: Arial, sans-serif; font-size: 14px; line-height: 20px; background-color: rgb(255, 255, 255);\'>\n Hi $$firstname$$,<br/><br/>\n        \n Your Mapworks password has been changed. If you believe this is an error, please contact Mapworks support at &nbsp;<a href=\"mailto:$$Support_Helpdesk_Email_Address$$\" class=\"external-link\" rel=\"nofollow\">$$Support_Helpdesk_Email_Address$$</a>\n <br/><br/>\n<p>Thank you from the Skyfactor Mapworks team.</br></p>\n<p><img width=\"307\" height = \"89\" alt=\"Skyfactor Mapworks Logo\" src=\"$$Skyfactor_Mapworks_logo$$\"/><br/></p>\n<p>This email is an auto-generated message. Replies to automated messages are not monitored.</p>\n        \n </div>\n </html>','Mapworks password reset'),
(8,8,1,NULL,NULL,NULL,NULL,NULL,NULL,'<html>\n <div style=\'margin: 10px 0px 0px; padding: 0px; color: rgb(51, 51, 51); font-family: Arial, sans-serif; font-size: 14px; line-height: 20px; background-color: rgb(255, 255, 255);\'>\n Hi $$firstname$$,<br/><br/>\n        \n Your Mapworks password has been changed. If you believe this is an error, please contact Mapworks support at &nbsp;<a href=\"mailto:$$Support_Helpdesk_Email_Address$$\" class=\"external-link\" rel=\"nofollow\">$$Support_Helpdesk_Email_Address$$</a>\n <br/><br/>\n<p>Thank you.</br></p>\n<p><img width=\"307\" height = \"89\" alt=\"Skyfactor Mapworks Logo\" src=\"$$Skyfactor_Mapworks_logo$$\"/><br/></p>\n<p>This email is an auto-generated message. Replies to automated messages are not monitored.</p>\n        \n </div>\n </html>','Mapworks password reset'),
(9,9,1,NULL,NULL,NULL,NULL,NULL,NULL,'<html>\n<head>\n  <style>body {\n       background: none repeat scroll 0 0 #f4f4f4;\n        \n   }table {\n       padding: 21px;\n       width: 799px;\n   	font-family: helvetica,arial,verdana,san-serif;\n   	font-size:13px;\n   	color:#333;\n  }\n  	</style>\n  </head><body><table cellpadding=\"10\" style=\"background:#eeeeee;\" cellspacing=\"0\"><tbody><tr style=\"background:#fff;border-collapse:collapse;\"><td>Hi $$student_name$$:</td></tr><tr style=\"background:#fff;border-collapse:collapse;\"><td>An appointment has been booked with $$staff_name$$\n 				on $$app_datetime$$. To view the appointment details,\n 				please log in to your Mapworks dashboard and visit <a class=\"external-link\" href=\"$$student_dashboard$$\" target=\"_blank\" style=\"color: rgb(41, 114, 155);text-decoration: underline;\">Mapworks student dashboard view appointment module</a>.</td></tr>\n        \n  <tr style=\"background:#fff;border-collapse:collapse;\"><td>Thank you.<br/><img alt=\"Skyfactor Mapworks Logo\" src=\"$$Skyfactor_Mapworks_logo$$\"/><br/></td></tr><tr style=\"background:#fff;border-collapse:collapse;\"><td>This email confirmation is an auto-generated message. Replies to automated messages are not monitored.</td></tr></tbody></table></body></html>','Appointment booked via Mapworks'),
(10,10,1,NULL,NULL,NULL,NULL,NULL,NULL,'<html>\n			<head>\n			  <style>body {\n				   background: none repeat scroll 0 0 #f4f4f4;\n			\n			   }table {\n				   padding: 21px;\n				   width: 799px;\n				font-family: helvetica,arial,verdana,san-serif;\n				font-size:13px;\n				color:#333;\n			  }\n				</style>\n			  </head><body><table cellpadding=\"10\" style=\"background:#eeeeee;\" cellspacing=\"0\"><tbody><tr style=\"background:#fff;border-collapse:collapse;\"><td>Hi $$student_name$$:</td></tr><tr style=\"background:#fff;border-collapse:collapse;\"><td>A booked appointment with $$staff_name$$ has been modified. The appointment is now scheduled for\n							$$app_datetime$$. To view the appointment details,\n							please log in to your Mapworks dashboard and visit <a class=\"external-link\" href=\"$$student_dashboard$$\" target=\"_blank\" style=\"color: rgb(41, 114, 155);text-decoration: underline;\">Mapworks student dashboard view appointment module</a>.</td></tr>\n			\n			  <tr style=\"background:#fff;border-collapse:collapse;\"><td>Thank you.<br/><img alt=\"Skyfactor Mapworks Logo\" src=\"$$Skyfactor_Mapworks_logo$$\"/><br/></td></tr><tr style=\"background:#fff;border-collapse:collapse;\"><td>This email confirmation is an auto-generated message. Replies to automated messages are not monitored.</td></tr></tbody></table></body></html>','Appointment changed via Mapworks'),
(11,11,1,NULL,NULL,NULL,NULL,NULL,NULL,'<html>\n			<head>\n		 <style>body {\n			   background: none repeat scroll 0 0 #f4f4f4;\n        \n		   }table {\n			   padding: 21px;\n			   width: 799px;\n			font-family: helvetica,arial,verdana,san-serif;\n			font-size:13px;\n			color:#333;\n		  }\n			</style>\n			</head>\n			<body>\n     \n 		<table cellpadding=\"10\" style=\"background:#ffffff;\" cellspacing=\"0\">\n 			<tbody>\n     \n 				<tr style=\"background:#fff;border-collapse:collapse;\"><td>Hi $$student_name$$,</td></tr>\n 				<tr style=\"background:#fff;border-collapse:collapse;\"><td>Your booked appointment with\n 				$$staff_name$$ on $$app_datetime$$ has been cancelled.\n 				To book a new appointment, please log in to your Mapworks dashboard and visit <a class=\"external-link\" href=\"$$student_dashboard$$\" target=\"_blank\" style=\"color: rgb(41, 114, 155); text-decoration: underline;\">Mapworks student dashboard book appointment module</a>.</td></tr>\n 				<tr style=\"background:#fff;border-collapse:collapse;\"><td>Thank you.<br/><img alt=\"Skyfactor Mapworks Logo\" src=\"$$Skyfactor_Mapworks_logo$$\"/><br/></td></tr><tr style=\"background:#fff;border-collapse:collapse;\"><td>This email confirmation is an auto-generated message. Replies to automated messages are not monitored.</td></tr></tbody></table></body></html>','Appointment cancelled via Mapworks'),
(12,12,1,NULL,NULL,NULL,NULL,NULL,NULL,'<html>\n	<head>\n		<style>\n		body {\n    background: none repeat scroll 0 0 #f4f4f4;\n        \n}\n		table {\n    padding: 21px;\n    width: 799px;\n	font-family: helvetica,arial,verdana,san-serif;\n	font-size:13px;\n	color:#333;\n	}\n		</style>\n	</head>\n	<body>\n        \n		<table cellpadding=\"10\" style=\"background:#eeeeee;\" cellspacing=\"0\">\n			<tbody>\n        \n				<tr style=\"background:#fff;border-collapse:collapse;\"><td>Hi $$fullname$$,</td></tr>\n				<tr style=\"background:#fff;border-collapse:collapse;\"><td>You have been added as a delegate user for $$delegater_name$$ calendar.</td></tr>\n				<tr style=\"background:#fff;border-collapse:collapse;\"><td>Thank you.</td></tr>\n				<tr><td><img width=\"307\" height = \"89\" alt=\"Skyfactor Mapworks Logo\" src=\"$$Skyfactor_Mapworks_logo$$\"/><br/></td></tr>\n				<tr style=\"background:#fff;border-collapse:collapse;\"><td>This email is an auto-generated message. Replies to automated messages are not monitored.</td></tr>\n        \n			</tbody>\n		</table>\n	</body>\n</html>','Mapworks Delegate Added'),
(13,13,1,NULL,NULL,NULL,NULL,NULL,NULL,'<html>\n	<head>\n		<style>\n		body {\n    background: none repeat scroll 0 0 #f4f4f4;\n        \n}\n		table {\n    padding: 21px;\n    width: 799px;\n	font-family: helvetica,arial,verdana,san-serif;\n	font-size:13px;\n	color:#333;\n	}\n		</style>\n	</head>\n	<body>\n        \n		<table cellpadding=\"10\" style=\"background:#eeeeee;\" cellspacing=\"0\">\n			<tbody>\n        \n				<tr style=\"background:#fff;border-collapse:collapse;\"><td>Hi $$fullname$$,</td></tr>\n				<tr style=\"background:#fff;border-collapse:collapse;\"><td>You have been removed as a delegate user for $$delegater_name$$ calendar.</td></tr>\n				<tr style=\"background:#fff;border-collapse:collapse;\"><td>Thank you.</td></tr>\n				<tr><td><img width=\"307\" height = \"89\" alt=\"Skyfactor Mapworks Logo\" src=\"$$Skyfactor_Mapworks_logo$$\"/><br/></td></tr>\n				<tr style=\"background:#fff;border-collapse:collapse;\"><td>This email is an auto-generated message. Replies to automated messages are not monitored.</td></tr>\n        \n			</tbody>\n		</table>\n	</body>\n</html>','Mapworks Delegate removed'),
(14,14,1,NULL,NULL,NULL,NULL,NULL,NULL,'<html>\n	<head>\n		<style>\n		body {\n    background: none repeat scroll 0 0 #f4f4f4;\n        \n}\n		table {\n    padding: 21px;\n    width: 799px;\n	font-family: helvetica,arial,verdana,san-serif;\n	font-size:13px;\n	color:#333;\n	}\n		</style>\n	</head>\n	<body>\n        \n		<table cellpadding=\"10\" style=\"background:#eeeeee;\" cellspacing=\"0\">\n			<tbody>\n        \n				<tr style=\"background:#fff;border-collapse:collapse;\"><td>Hi $$firstname$$,</td></tr>\n				<tr style=\"background:#fff;border-collapse:collapse;\"><td>$$username$$ has assigned you a new referral in Mapworks. Please sign in to your account to view and take action on this referral.</td></tr>\n				<tr style=\"background:#fff;border-collapse:collapse;\"><td>Thank you.</td></tr>\n				<tr style=\"background:#fff;border-collapse:collapse;\"><td><img width=\"307\" height = \"89\" alt=\"Skyfactor Mapworks Logo\" src=\"$$Skyfactor_Mapworks_logo$$\"/><br/></td></tr>\n				<tr style=\"background:#fff;border-collapse:collapse;\"><td>This email confirmation is an auto-generated message. Replies to automated messages are not monitored.</td></tr>\n        \n			</tbody>\n		</table>\n	</body>\n</html>','New Mapworks referral'),
(15,15,1,NULL,NULL,NULL,NULL,NULL,NULL,'<html>\n					 <head>\n						 <style>\n							 body {\n								background: none repeat scroll 0 0;\n				\n							}\n							table {\n								padding: 21px;\n								width: 799px;\n								font-family: Helvetica,Arial,Verdana,San-serif;\n								font-size:13px;\n								color:#333;\n							}\n					</style>\n					 </head>\n					 <body>\n						 <table cellpadding=\"10\" style=\"background:#ffffff;\"  cellspacing=\"0\">\n							 <tbody>\n								 <tr style=\"background:#fff;border-collapse:collapse;\">\n									 <td>Hi $$student_name$$:</td>\n								 </tr>\n								 <tr style=\"background:#fff;border-collapse:collapse;\">\n									 <td style=\"line-height: 1.6;\">This is a reminder that you have an appointment with $$staff_name$$ on $$app_datetime$$. <br/><br/> To view the appointment details, please log in to your Mapworks dashboard and visit\n									<a style=\"color: #0033CC;\" href=\"$$student_dashboard$$\">Mapworks student dashboard view appointment module</a>.\n									</td>\n								 </tr>\n								 <tr style=\"background:#fff;border-collapse:collapse;\">\n									<td>Thank you.<br/><img alt=\"Skyfactor Mapworks Logo\" src=\"$$Skyfactor_Mapworks_logo$$\"/><br/></td>\n								 </tr>\n								 <tr style=\"background:#fff;border-collapse:collapse;\">\n									<td>This email confirmation is an auto-generated message. Replies to automated messages are not monitored.</td>\n								 </tr>\n							 </tbody>\n						 </table>\n					 </body>\n				 </html>','Appointment reminder via Mapworks'),
(16,16,1,NULL,NULL,NULL,NULL,NULL,NULL,'<html>\n	<head>\n		<style>\n		body {\n    background: none repeat scroll 0 0 #f4f4f4;\n        \n}\n		table {\n    padding: 21px;\n    width: 799px;\n	font-family: helvetica,arial,verdana,san-serif;\n	font-size:13px;\n	color:#333;\n	}\n		</style>\n	</head>\n	<body>\n        \n		<table cellpadding=\"10\" style=\"background:#eeeeee;\" cellspacing=\"0\">\n			<tbody>\n        \n				<tr style=\"background:#fff;border-collapse:collapse;\"><td>Dear $$firstname$$:</td></tr>\n				<tr style=\"background:#fff;border-collapse:collapse;\"><td>A faculty/staff member has referred you to a campus resource through the Mapworks system. To view the referral details, please log in to your Mapworks homepage and visit $$dashboard$$.</td></tr>\n			<tr style=\"background:#fff;border-collapse:collapse;\"><td>If you have any questions, please contact $$coordinator_details$$</td></tr>\n		<tr style=\"background:#fff;border-collapse:collapse;\"><td>Best regards,</td></tr>\n	<tr style=\"background:#fff;border-collapse:collapse;\"><td>Skyfactor Mapworks Team</td></tr>\n				<tr style=\"background:#fff;border-collapse:collapse;\"><td>This email confirmation is an auto-generated message. Replies to automated messages are not monitored.</td></tr>\n        \n			</tbody>\n		</table>\n	</body>\n</html>','Referral to a campus resource'),
(17,17,1,NULL,NULL,NULL,NULL,NULL,NULL,'<html>\n      <head>\n             <style>\n             body {\n     background: none repeat scroll 0 0 #f4f4f4;\n        \n }\n             table {\n     padding: 21px;\n     width: 799px;\n      font-family: helvetica,arial,verdana,san-serif;\n      font-size:13px;\n      color:#333;\n      }\n             </style>\n      </head>\n      <body>\n        \n              <table cellpadding=\"10\" style=\"background:#eeeeee;\" cellspacing=\"0\">\n                    <tbody>\n        \n                           <tr style=\"background:#fff;border-collapse:collapse;\"><td>Hi $$staff_firstname$$,</td></tr>\n                          <tr style=\"background:#fff;border-collapse:collapse;\"><td>A faculty or staff member has referred $$student_name$$ to a campus resource through the Mapworks system and added you as an interested party. To view the referral details, please log in to Mapworks and visit <a class=\"external-link\" href=\"$$staff_referralpage$$\" target=\"_blank\" style=\"color: rgb(41, 114, 155); text-decoration: underline;\">Mapworks student dashboard view referral module</a>.</tr>\n                          <tr style=\"background:#fff;border-collapse:collapse;\"><td> If you have any questions, please contact ($$coordinator_name$$,$$coordinator_title$$,$$coordinator_email$$ ).</td></tr>\n                          <tr style=\"background:#fff;border-collapse:collapse;\"><td>Thank you.</td></tr>\n                          <tr style=\"background:#fff;border-collapse:collapse;\"><td><img src=\"$$Skyfactor_Mapworks_logo$$\" title=\"Skyfactor Mapworks logo\" alt=\"Skyfactor Mapworks logo\"/></td></tr>\n                          <tr style=\"background:#fff;border-collapse:collapse;\"><td>This email is an auto-generated message. Replies to automated messages are not monitored.</td></tr>\n        \n                     </tbody>\n             </table>\n      </body>\n</html>','Interested party for a Mapworks referral'),
(18,18,1,NULL,NULL,NULL,NULL,NULL,NULL,'<html>\n  <head>\n  <style>body {\n       background: none repeat scroll 0 0 #f4f4f4;\n        \n   }table {\n       padding: 21px;\n       width: 799px;\n   	font-family: helvetica,arial,verdana,san-serif;\n   	font-size:13px;\n   	color:#333;\n  }\n  	</style>\n  </head><body><table cellpadding=\"10\" style=\"background:#eeeeee;\" cellspacing=\"0\">\n  <tbody><tr style=\"background:#fff;border-collapse:collapse;\"><td>Hi $$user_first_name$$,</td></tr><tr style=\"background:#fff;border-collapse:collapse;\"><td>\n  Your course upload has finished importing. </td></tr>\n <tr style = \"background:#fff;border-collapse:collapse;\">  <td>\n $$download_failed_log_file$$</td></tr>\n <tr style=\"background:#fff;border-collapse:collapse;\"><td></td></tr>\n <tr style=\"background:#fff;border-collapse:collapse;\"><td>Thank you.<br/>\n </td></tr>\n        \n <tr style = \"background:#fff;border-collapse:collapse;\">  <td>\n <img src = \"$$Skyfactor_Mapworks_logo$$\" alt = \"Skyfactor Mapworks logo\" title = \"Skyfactor Mapworks logo\" />\n </td></tr>\n        \n <tr style = \"background:#fff;border-collapse:collapse;\"> <td> This email is an auto-generated message.Replies to automated messages are not monitored. </td></tr> </tbody>\n      </table> </body></html>','Course upload finished importing\n'),
(19,19,1,NULL,NULL,NULL,NULL,NULL,NULL,'<html>\n  <head>\n  <style>body {\n       background: none repeat scroll 0 0 #f4f4f4;\n        \n   }table {\n       padding: 21px;\n       width: 799px;\n   	font-family: helvetica,arial,verdana,san-serif;\n   	font-size:13px;\n   	color:#333;\n  }\n  	</style>\n  </head><body><table cellpadding=\"10\" style=\"background:#eeeeee;\" cellspacing=\"0\">\n  <tbody><tr style=\"background:#fff;border-collapse:collapse;\"><td>Hi $$user_first_name$$,</td></tr><tr style=\"background:#fff;border-collapse:collapse;\"><td>\n  Your faculty upload has finished importing.</td></tr>\n <tr style = \"background:#fff;border-collapse:collapse;\">  <td>\n $$download_failed_log_file$$</td></tr>\n <tr style=\"background:#fff;border-collapse:collapse;\"><td></td></tr>\n <tr style=\"background:#fff;border-collapse:collapse;\"><td>Thank you.<br/>\n </td></tr>\n        \n <tr style = \"background:#fff;border-collapse:collapse;\">  <td>\n <img src = \"$$Skyfactor_Mapworks_logo$$\" alt = \"Skyfactor Mapworks logo\" title = \"Skyfactor Mapworks logo\" />\n </td></tr>\n        \n <tr style = \"background:#fff;border-collapse:collapse;\"> <td> This email is an auto-generated message.Replies to automated messages are not monitored. </td></tr> </tbody>\n      </table> </body></html>','Faculty upload finished importing\n'),
(20,20,1,NULL,NULL,NULL,NULL,NULL,NULL,'<html>\n  <head>\n  <style>body {\n       background: none repeat scroll 0 0 #f4f4f4;\n        \n   }table {\n       padding: 21px;\n       width: 799px;\n   	font-family: helvetica,arial,verdana,san-serif;\n   	font-size:13px;\n   	color:#333;\n  }\n  	</style>\n  </head><body><table cellpadding=\"10\" style=\"background:#eeeeee;\" cellspacing=\"0\">\n  <tbody><tr style=\"background:#fff;border-collapse:collapse;\"><td>Hi $$user_first_name$$,</td></tr><tr style=\"background:#fff;border-collapse:collapse;\"><td>\n  Your student upload has finished importing.</td></tr>\n <tr style = \"background:#fff;border-collapse:collapse;\">  <td>\n $$download_failed_log_file$$</td></tr>\n <tr style=\"background:#fff;border-collapse:collapse;\"><td></td></tr>\n <tr style=\"background:#fff;border-collapse:collapse;\"><td>Thank you.<br/>\n </td></tr>\n        \n <tr style = \"background:#fff;border-collapse:collapse;\">  <td>\n <img src = \"$$Skyfactor_Mapworks_logo$$\" alt = \"Skyfactor Mapworks logo\" title = \"Skyfactor Mapworks logo\" />\n </td></tr>\n        \n <tr style = \"background:#fff;border-collapse:collapse;\"> <td> This email is an auto-generated message.Replies to automated messages are not monitored. </td></tr> </tbody>\n      </table> </body></html>','Student upload finished importing'),
(21,21,1,NULL,NULL,NULL,NULL,NULL,NULL,'<html>\n	<head>\n		<style>\n		body {\n    background: none repeat scroll 0 0 #f4f4f4;\n        \n}\n		table {\n    padding: 21px;\n    width: 799px;\n	font-family: helvetica,arial,verdana,san-serif;\n	font-size:13px;\n	color:#333;\n	}\n		</style>\n	</head>\n	<body>\n        \n		<table cellpadding=\"10\" style=\"background:#eeeeee;\" cellspacing=\"0\">\n			<tbody>\n        \n				<tr style=\"background:#fff;border-collapse:collapse;\"><td>Hi $$firstname$$,</td></tr>\n				<tr style=\"background:#fff;border-collapse:collapse;\"><td>A referral that you were watching in Mapworks has recently been closed. Please sign in to your account to view this referral.</td></tr>\n				<tr style=\"background:#fff;border-collapse:collapse;\"><td>Thank you.</td></tr>	\n				<tr style=\"background:#fff;border-collapse:collapse;\"><td><img width=\"307\" height = \"89\" alt=\"Skyfactor Mapworks Logo\" src=\"$$Skyfactor_Mapworks_logo$$\"/><br/></td></tr>\n				<tr style=\"background:#fff;border-collapse:collapse;\"><td>This email confirmation is an auto-generated message. Replies to automated messages are not monitored.</td></tr>\n        \n			</tbody>\n		</table>\n	</body>\n</html>','Interested party for a Mapworks referral'),
(22,22,1,NULL,NULL,NULL,NULL,NULL,NULL,'<html>\n <head>\n <style>body{background: none repeat scroll 0 0 #f4f4f4;}\n table{\n padding: 21px; width: 799px;font-family: helvetica,arial,verdana,san-serif;font-size:13px;\n color:#333;}</style>\n </head>\n <body><table cellpadding=\"10\" style=\"background:#eeeeee;\" cellspacing=\"0\">\n <tbody><tr style=\"background:#fff;border-collapse:collapse;\"><td>Dear $$faculty_name$$,</td></tr>\n <tr style=\"background:#fff;border-collapse:collapse;\"><td>This academic update request has been cancelled and removed from your queue:</td></tr><tr style=\"background:#fff;border-collapse:collapse;\"><td>$$request_name$$ ($$due_date$$)</td></tr><tr style=\"background:#fff;border-collapse:collapse;\"><td>$$request_description$$</td></tr><tr style=\"background:#fff;border-collapse:collapse;\"><td>Requestor: $$requestor_name$$ ($$requestor_email$$)</td></tr><tr style=\"background:#fff;border-collapse:collapse;\"><td>Student Updates: $$student_update_count$$</td></tr>\n <tr style=\"background:#fff;border-collapse:collapse;\"><td>$$custom_message$$</td></tr>\n        \n<tr style=\"background:#fff;border-collapse:collapse;\"><td><p>Thank you.</br></p>\n <p><img width=\"307\" height = \"89\" alt=\"Skyfactor Mapworks Logo\" src=\"$$Skyfactor_Mapworks_logo$$\"/><br/></p></td></tr>\n        \n<tr style=\"background:#fff;border-collapse:collapse;\"><td>This email is an auto-generated message. Replies to automated messages are not monitored.</td></tr></tbody></table>\n </body>\n</html>','Cancelled:'),
(23,23,1,NULL,NULL,NULL,NULL,NULL,NULL,'<html><head>\n<style>body{background: none repeat scroll 0 0 #f4f4f4;}\n table{\n        \n        \n padding: 21px; width: 799px;font-family: helvetica,arial,verdana,san-serif;font-\n        \n size:13px;\n color:#333;}</style>\n</head><body><table cellpadding=\"10\"\n        \n style=\"background:#eeeeee;\" cellspacing=\"0\">\n <tbody><tr\n        \n style=\"background:#fff;border-collapse:collapse;\"><td>Dear $$faculty_name$$,</td></tr>\n <tr style=\"background:#fff;border-collapse:collapse;\"><td>Please submit your academic updates for this request:</td></tr><tr\n        \n style=\"background:#fff;border-collapse:collapse;\"><td><a class=\"external-link\"\n        \n href=\"$$faculty_au_submission_page$$\" target=\"_blank\" style=\"color: rgb(41, 114,\n        \n 155);text-decoration: underline;\">View and complete this academic update request\n        \n on Mapworks</a></td></tr><tr style=\"background:#fff;border-\n        \n collapse:collapse;\"><td>$$request_name$$ ($$due_date$$)</td></tr><tr\n        \n style=\"background:#fff;border-collapse:collapse;\"><td>$$request_description$$</td></tr><tr style=\"background:#fff;border-collapse:collapse;\"><td>Requestor: $$requestor_name$$ ($$requestor_email$$)</td></tr><tr\n        \n style=\"background:#fff;border-collapse:collapse;\"><td>Student Updates: $$student_update_count$$</td></tr>\n <tr style=\"background:#fff;border-collapse:collapse;\"><td><a class=\"external-\n        \n link\" href=\"$$faculty_au_submission_page$$\" target=\"_blank\" style=\"color: rgb(41,\n        \n 114, 155);text-decoration: underline;\">Update</a></td></tr><tr\n        \n style=\"background:#fff;border-collapse:collapse;\"><td>$$custom_message$$</td></tr><tr style=\"background:#fff;border-collapse:collapse;\"><td><p>Thank you.</br></p>\n <p><img width=\"307\" height = \"89\" alt=\"Skyfactor Mapworks Logo\" src=\"$$Skyfactor_Mapworks_logo$$\"/><br/></p></td></tr><tr style=\"background:#fff;border-\n        \n collapse:collapse;\"><td>This email is an auto-generated message.\n        \n Replies to automated messages are not monitored.</td></tr></tbody></table>\n</body></html>','Reminder:'),
(24,24,1,NULL,NULL,NULL,NULL,NULL,NULL,'<!DOCTYPE html>\n		<html>\n		<head>\n		<title></title>\n		</head>\n		<body>\n		<p>\n		Please submit your academic updates for this request:\n		</p>\n		<table class=\"table table-bordered\" style=\"border: 1px solid #428BCA !important; border-collapse:collapse; width:40%; margin-top:20px; margin-bottom:20px;\">\n			<tr>\n				<td style=\" padding:5px; background-color: #4F9BD9; border: 1px solid #428BCA !important; border-collapse:collapse\"><p style=\"font-weight: bold; font-size: 14px; color:#fff;\">View and complete this academic update request on Mapworks <a href=\"$$updateviewurl$$\">$$updateviewurl$$</a></p></td>\n			</tr>\n			<tr>\n				<td style=\"background-color: #D4EEFF; border: 1px solid #4F9BD9 !important; border-collapse:collapse; padding:15px 5px 15px 5px; vertical-align: middle;\">\n					<p style=\"font-size:14px; font-weight: bold;   margin: 0px !important;\">$$requestname$$ (due <span>$$duedate$$</span>)</p>\n					<p style=\"font-size:14px;   margin: 0px !important;\">$$description$$</p>\n					<p style=\"font-size:14px;   margin: 0px !important;\">Requestor: <span>$$requestor$$</span>&nbsp;<span>$$requestor_email$$</span></p>\n					<p style=\"display:inline-block; float:left; font-size:14px;   margin: 0px !important;\">Student Updates: <span>$$studentupdate$$</span></p>\n					<a style=\"width: 65px; height:20px; background-color:#ccc; text-align: center; display:inline-block; float: right; border: 1px solid #ccc; margin: 2px; text-decoration: none; color:#000;\" href=\"$$updateviewurl$$\">Update</a>\n				</td>\n			</tr>\n		</table>\n		<p style=\"width:40%; margin-bottom:20px;\">$$optional_message$$</p>\n		</body>\n		</html>','Custom Subject'),
(25,25,1,NULL,NULL,NULL,NULL,NULL,NULL,'<html>\n    <head>\n    <style> body {\n        background: none repeat scroll 0 0# f4f4f4;\n        \n    }\ntable {\n    padding: 21 px;\n    width: 799 px;\n        \n        \n    font - family: helvetica,\n    arial,\n    verdana,\n    san - serif;\n    font - size: 13 px;\n    color: #333;\n }\n 	</style>\n </head><body><table cellpadding= \"10\" style = \"background:#eeeeee;\" cellspacing = \"0\">\n <tbody>\n <tr style = \"background:#fff;border-collapse:collapse;\"> <td> Hi $$studentname$$, </td></tr>\n <tr style = \"background:#fff;border-collapse:collapse;\"> <td>\n You have received an academic update for one or more of your courses. Click here to review your update.</td> </tr>\n        \n <tr style = \"background:#fff;border-collapse:collapse;\">  <td>\n <a href =\"$$student_update_link$$\">course view</a></td></tr>\n        \n <tr style=\"background:#fff;border-collapse:collapse;\"><td>Thank you.<br/>\n </td></tr>\n        \n <tr style = \"background:#fff;border-collapse:collapse;\">  <td>\n <img src = \"$$Skyfactor_Mapworks_logo$$\" alt = \"Skyfactor Mapworks logo\" title = \"Skyfactor Mapworks logo\" />\n </td></tr>\n        \n <tr style = \"background:#fff;border-collapse:collapse;\"> <td> This email is an auto-generated message.Replies to automated messages are not monitored. </td></tr> </tbody>\n      </table> </body></html>','Mapworks academic update notification'),
(26,26,1,NULL,NULL,NULL,NULL,NULL,NULL,'<html>\n    <head>\n    <style> body {\n        background: none repeat scroll 0 0# f4f4f4;\n        \n    }\ntable {\n    padding: 21 px;\n    width: 799 px;\n        \n        \n    font - family: helvetica,\n    arial,\n    verdana,\n    san - serif;\n    font - size: 13 px;\n    color: #333;\n }\n 	</style>\n </head><body><table cellpadding= \"10\" style = \"background:#eeeeee;\" cellspacing = \"0\">\n <tbody>\n <tr style = \"background:#fff;border-collapse:collapse;\"> <td> Hi $$user_first_name$$, </td></tr> <tr style = \"background:#fff;border-collapse:collapse;\"> <td>\n Your academic update upload has finished importing.</td> </tr>\n        \n <tr style = \"background:#fff;border-collapse:collapse;\">  <td>\n $$download_failed_log_file$$</td></tr>\n <tr style=\"background:#fff;border-collapse:collapse;\"><td></td></tr>\n <tr style=\"background:#fff;border-collapse:collapse;\"><td>Thank you.<br/>\n </td></tr>\n        \n <tr style = \"background:#fff;border-collapse:collapse;\">  <td>\n <img src = \"$$Skyfactor_Mapworks_logo$$\" alt = \"Skyfactor Mapworks logo\" title = \"Skyfactor Mapworks logo\" />\n </td></tr>\n        \n <tr style = \"background:#fff;border-collapse:collapse;\"> <td> This email is an auto-generated message.Replies to automated messages are not monitored. </td></tr> </tbody>\n      </table> </body></html>','Academic update upload finished importing'),
(27,27,1,NULL,NULL,NULL,NULL,NULL,NULL,'<html><head><style>body {background: none repeat scroll 0 0 #f4f4f4;} table {padding: 21px; width: 799px; font-family: helvetica,arial,verdana,san-serif; font-size:13px; color:#333; }</style></head><body><table cellpadding=\"10\" style=\"background:#eeeeee;\" cellspacing=\"0\"><tbody><tr style=\"background:#fff;border-collapse:collapse;\"><td>Dear $$user_first_name$$:</td></tr><tr style=\"background:#fff;border-collapse:collapse;\"><td>Your student upload has finished importing. $$download_failed_log_file$$ </td></tr><tr style=\"background:#fff;border-collapse:collapse;\"><td>Best regards,<br/>EBI Mapworks</td></tr><tr style=\"background:#fff;border-collapse:collapse;\"><td>This email confirmation is an auto-generated message. Replies to automated messages are not monitored.</td></tr></tbody></table></body></html>','Mapworks student upload has finished'),
(28,28,1,NULL,NULL,NULL,NULL,NULL,NULL,'<html><head><style>body {background: none repeat scroll 0 0 #f4f4f4;} table {padding: 21px; width: 799px; font-family: helvetica,arial,verdana,san-serif; font-size:13px; color:#333; }</style></head><body><table cellpadding=\"10\" style=\"background:#eeeeee;\" cellspacing=\"0\"><tbody><tr style=\"background:#fff;border-collapse:collapse;\"><td>Dear $$user_first_name$$:</td></tr><tr style=\"background:#fff;border-collapse:collapse;\"><td>Your faculty upload has finished importing. $$download_failed_log_file$$ </td></tr><tr style=\"background:#fff;border-collapse:collapse;\"><td>Best regards,<br/>EBI Mapworks</td></tr><tr style=\"background:#fff;border-collapse:collapse;\"><td>This email confirmation is an auto-generated message. Replies to automated messages are not monitored.</td></tr></tbody></table></body></html>','Mapworks faculty upload has finished'),
(29,29,1,NULL,NULL,NULL,NULL,NULL,NULL,'<html>\n 	<head>\n 		<style>\n 		body {\n     background: none repeat scroll 0 0 #f4f4f4;\n        \n }\n 		table {\n     padding: 21px;\n     width: 799px;\n 	font-family: helvetica,arial,verdana,san-serif;\n 	font-size:13px;\n 	color:#333;\n 	}\n 		</style>\n 	</head>\n 	<body>\n        \n 		<table cellpadding=\"10\" style=\"background:#eeeeee;\" cellspacing=\"0\">\n 			<tbody>\n        \n 				<tr style=\"background:#fff;border-collapse:collapse;\"><td>Dear $$staff_name$$:</td></tr>\n 				<tr style=\"background:#fff;border-collapse:collapse;\"><td>An appointment has been booked with $$student_name$$\n 				on $$app_datetime$$. To view the appointment details,\n 				please log in to your Mapworks dashboard and visit <a class=\"external-link\" href=\"$$staff_dashboard$$\" target=\"_blank\" style=\"color: rgb(41, 114, 155);text-decoration: underline;\">Mapworks student dashboard view appointment module</a>.</td></tr>\n 				<tr style=\"background:#fff;border-collapse:collapse;\"><td>Thank you.<br/><img src=\"$$Skyfactor_Mapworks_logo$$\" alt=\"Skyfactor Mapworks logo\" title=\"Skyfactor Mapworks logo\" /></td></tr>\n 				<tr style=\"background:#fff;border-collapse:collapse;\"><td>This email is an auto-generated message. Replies to automated messages are not monitored.</td></tr>\n        \n 			</tbody>\n 		</table>\n</body>\n</html>','Mapworks appointment booked'),
(30,31,1,NULL,NULL,NULL,NULL,NULL,NULL,'<html> <head>\n <style>\n body{background: none repeat scroll 0 0 #f4f4f4;}table {padding: 21px;width: 799px;font-family: helvetica,arial,verdana,san-serif;font-size:13px;color:#333;}\n </style>\n </head>\n <body>\n <table cellpadding=\"10\" style=\"background:#eeeeee;\" cellspacing=\"0\">\n <tbody>\n <tr style=\"background:#fff;border-collapse:collapse;\"><td>Dear $$staff_name$$:</td></tr>\n <tr style=\"background:#fff;border-collapse:collapse;\"><td>Your booked appointment with $$student_name$$ on $$app_datetime$$ has been cancelled. To book a new appointment, please log in to your Mapworks dashboard and visit\n <a class=\"external-link\" href=\"$$staff_dashboard$$\" target=\"_blank\" style=\"color: rgb(41, 114, 155);text-decoration: underline;\">\n Mapworks faculty dashboard view appointment module</a>.</td></tr>\n <tr style=\"background:#fff;border-collapse:collapse;\"><td>Thank you.<br/><img src=\"$$Skyfactor_Mapworks_logo$$\" alt=\"Skyfactor Mapworks logo\" title=\"Skyfactor Mapworks logo\" /></td></tr>\n <tr style=\"background:#fff;border-collapse:collapse;\"><td>This email is an auto-generated message. Replies to automated messages are not monitored.</td></tr></table></body></html>','Mapworks appointment cancelled'),
(31,32,1,NULL,NULL,NULL,NULL,NULL,NULL,'<html>\n  <div style=\'margin: 10px 0px 0px; padding: 0px; color: rgb(51, 51, 51); font-family: Arial, sans-serif; font-size: 14px; line-height: 20px; background-color: rgb(255, 255, 255);\'>\n  <p>Hi $$firstname$$,<br/></p>\n         \n  <p>Welcome to Mapworks. Use the link below to create your password and start using Mapworks.<br/></p>\n  <p><a href=\"$$Coordinator_ResetPwd_URL_Prefix$$\">$$Coordinator_ResetPwd_URL_Prefix$$</a><br/></p>\n  \n  <p>If you believe that you received this email in error or if you have any questions, please contact Mapworks support at <a href=\"mailto:$$Support_Helpdesk_Email_Address$$\" class=\"external-link\" rel=\"nofollow\">$$Support_Helpdesk_Email_Address$$</a><br/></p>\n  \n <p>Thank you.</br></p>\n <p><img alt=\"Skyfactor Mapworks Logo\" src=\"$$Skyfactor_Mapworks_logo$$\"/><br/></p><br/>\n <p>This email is an auto-generated message. Replies to automated messages are not monitored.</p>\n         \n  </div>\n  </html>','Welcome to Mapworks'),
(32,33,1,NULL,NULL,NULL,NULL,NULL,NULL,'<!-- Versie 2.0 !-->\n <!DOCTYPE html PUBLIC \"-//W3C//DTD XHTML 1.0 Transitional//EN\" \"http://www.w3.org/TR/xhtml1/DTD/xhtml1-transitional.dtd\">\n <html xmlns=\"http://www.w3.org/1999/xhtml\" xmlns:v=\"urn:schemas-microsoft-com:vml\" xmlns:o=\"urn:schemas-microsoft-com:office:office\">\n <head>\n <!--[if gte mso 9]>\n <xml>\n <o:OfficeDocumentSettings>\n <o:AllowPNG/>\n <o:PixelsPerInch>96</o:PixelsPerInch>\n </o:OfficeDocumentSettings>\n </xml>\n <![endif]-->\n <title>Home Campus Change Request Approved </title>\n <meta name=\"viewport\" content=\"width=device-width, initial-scale=1.0\">\n <meta http-equiv=\"X-UA-Compatible\" content=\"IE=edge\" />\n <style type=\"text/css\">\n /* e-mail bugfixes */\n #outlook a {padding: 0 0 0 0;}\n .ReadMsgBody {width: 100%;}\n .ExternalClass {width: 100%; line-height: 100%;}\n .ExternalClass * {line-height: 100%}\n sup, sub {vertical-align: baseline; position: relative; top: -0.4em;}\n sub {top: 0.4em;}\n .applelinks a {color:#262727; text-decoration: none;}\n        \n        \n /* General classes */\n body {width: 100% !important; margin: 0; padding: 0; -webkit-text-size-adjust:none; -ms-text-size-adjust:100%; font-size:13px; color:#333333; font-family: helvetica neue, helvetica, arial, verdana, san-serif; }\n img {outline:none; text-decoration:none; -ms-interpolation-mode: bicubic; border: none;}\n .bodytemplate, td { font-family: helvetica neue, helvetica, arial, verdana, san-serif; font-size: 12px; color: #333333; mso-line-height-rule:exactly }\n .bodytemplate { font-family: helvetica neue, helvetica, arial, verdana, san-serif; font-size: 12px; color: #333333; }\n .bodytemplate a, .bodytemplate a:hover { color: #F48C00; text-decoration: underline; }\n .main_table td{font-size:14px; color:#333333; text-align:left; font-family: helvetica neue, helvetica, arial, verdana, san-serif; padding:5px 10px;}\n        \n <!-- NOTE: Remove this css-code to make te email scalable instead of responsive -->\n /* Smartphones (portrait and landscape) ----------- */\n @media only screen and (max-width:800px) {\n *[class=mHide] {display: none !important;}\n *[class=mWidth100] {width:100% !important; max-width: 100% !important;}\n *[class=mPaddingbottom] {padding-bottom:12px !important;}\n *[class=mGmail] {width:100% !important; min-width: 100% !important; padding: 0 10px !important;}\n *[class=titeloranje] {-webkit-border-radius: 15px; -moz-border-radius: 15px; border-radius: 15px; background-color:#F48C00;}\n *[class=nieuwsbrieftitel] { padding-top: 20px !important;}\n *[class=openhtml] { padding: 10px !important; }\n }\n <!-- NOTE: End CSS-code to remove if scalable email -->\n </style>\n </head>\n <body bgcolor=\"#ffffff\">\n <table bgcolor=\"#ffffff\" cellpadding=\"0\" cellspacing=\"0\" border=\"0\" width=\"100%\" style=\"table-layout: fixed\">\n   <tbody>\n     <tr>\n       <td class=\"bodytemplate\" align=\"center\" valign=\"top\">\n 	  <table align=\"center\" class=\"mGmail\" style=\"width:800px; min-width:800px;  \" cellpadding=\"0\" cellspacing=\"0\" border=\"0\" bgcolor=\"#ffffff\">\n           <tbody>\n             <tr>\n               <td style=\"width:800px; max-width:800px; padding-bottom:20px;\">\n        \n 			  </td>\n             </tr>\n 			 <tr>\n 			    <td>\n 				<!--Paragraph content---->\n 					<table cellpadding=\"0\" cellspacing=\"0\" border=\"0\">\n 					  <tbody>\n 						<tr>\n 						  <td style=\"width:800px; max-width:800px; padding-bottom:20px;\">\n 						  <table width=\"100%\" cellpadding=\"0\" cellspacing=\"0\" border=\"0\">\n 							  <tbody>\n 								<tr>\n 								  <td style=\"font-family: helvetica neue, helvetica, arial, verdana, san-serif; font-size: 14px; color: #262727; line-height:18px;\" align=\"left\" valign=\"top\">\n 									Hi $$staff_firstname$$ ,\n 								  </td>\n 								</tr>\n 							  </tbody>\n 							</table>\n        \n 							</td>\n 						</tr>\n 					  </tbody>\n 					</table>\n 					<!--Paragraph content---->\n 					<table cellpadding=\"0\" cellspacing=\"0\" border=\"0\">\n 					  <tbody>\n 						<tr>\n 						  <td style=\"width:800px; max-width:800px; padding-bottom:20px;\">\n 						  <table width=\"100%\" cellpadding=\"0\" cellspacing=\"0\" border=\"0\">\n 							  <tbody>\n 								<tr>\n 								  <td style=\"font-family: helvetica neue, helvetica, arial, verdana, san-serif; font-size: 14px; color: #262727; line-height:18px;\" align=\"left\" valign=\"top\">\n 										Your home campus change request for $$firstname$$ $$lastname$$ has been approved.\n 								  </td>\n 								</tr>\n 							  </tbody>\n 							</table>\n 							</td>\n 						</tr>\n 					  </tbody>\n 					</table>\n 					<!--Paragraph content---->\n 										<!--Paragraph content---->\n 					<table cellpadding=\"0\" cellspacing=\"0\" border=\"0\">\n 					  <tbody>\n 						<tr>\n 						  <td style=\"width:800px; max-width:800px; padding-bottom:20px;\">\n 						  <table width=\"100%\" cellpadding=\"0\" cellspacing=\"0\" border=\"0\">\n 							  <tbody>\n 							<tr>\n 								  <td style=\"font-family: helvetica neue, helvetica, arial, verdana, san-serif; font-size: 14px; color: #262727; line-height:18px;\" align=\"left\" valign=\"top\">\n 										If you believe that you received this email in error or if you have any questions, please contact Mapworks support at <a href=\"mailto:$$Support_Helpdesk_Email_Address$$\" class=\"external-link\" rel=\"nofollow\">$$Support_Helpdesk_Email_Address$$</a>\n 								  </td>\n 								</tr>\n 							  </tbody>\n 							</table>\n 							</td>\n 						</tr>\n 					  </tbody>\n 					</table>\n 					<!--Paragraph content---->\n 					<table cellpadding=\"0\" cellspacing=\"0\" border=\"0\">\n 					  <tbody>\n 						<tr>\n 						  <td style=\"width:800px; max-width:800px; padding-bottom:20px;\">\n 						  <table width=\"100%\" cellpadding=\"0\" cellspacing=\"0\" border=\"0\">\n 							  <tbody>\n 								<tr style=\"background:#fff;border-collapse:collapse;\"><td></td></tr>\n <tr style=\"background:#fff;border-collapse:collapse;\"><td>Thank you.<br/> \n </td></tr> \n \n <tr style = \"background:#fff;border-collapse:collapse;\">  <td> \n <img src = \"$$Skyfactor_Mapworks_logo$$\" alt = \"Skyfactor Mapworks logo\" title = \"Skyfactor Mapworks logo\" /> \n </td></tr> \n 							  </tbody>\n 							</table>\n 							</td>\n 						</tr>\n 					  </tbody>\n 					</table>\n        \n 			    </td>\n 			</tr>\n			<tr style = \"background:#fff;border-collapse:collapse;\"> <td> This email is an auto-generated message.Replies to automated messages are not monitored. </td></tr>\n           </tbody>\n         </table>\n 		</td>\n     </tr>\n     <tr>\n       <td>\n        \n 	  </td>\n     </tr>\n   </tbody>\n </table>\n</body>\n </html>','Home campus change request approved'),
(33,34,1,NULL,NULL,NULL,NULL,NULL,NULL,'<!-- Versie 2.0 !-->\n <!DOCTYPE html PUBLIC \"-//W3C//DTD XHTML 1.0 Transitional//EN\" \"http://www.w3.org/TR/xhtml1/DTD/xhtml1-transitional.dtd\">\n <html xmlns=\"http://www.w3.org/1999/xhtml\" xmlns:v=\"urn:schemas-microsoft-com:vml\" xmlns:o=\"urn:schemas-microsoft-com:office:office\">\n <head>\n <!--[if gte mso 9]>\n <xml>\n <o:OfficeDocumentSettings>\n <o:AllowPNG/>\n <o:PixelsPerInch>96</o:PixelsPerInch>\n </o:OfficeDocumentSettings>\n </xml>\n <![endif]-->\n <title>Home Campus Change Request Denied</title>\n <meta name=\"viewport\" content=\"width=device-width, initial-scale=1.0\">\n <meta http-equiv=\"X-UA-Compatible\" content=\"IE=edge\" />\n <style type=\"text/css\">\n /* e-mail bugfixes */\n #outlook a {padding: 0 0 0 0;}\n .ReadMsgBody {width: 100%;}\n .ExternalClass {width: 100%; line-height: 100%;}\n .ExternalClass * {line-height: 100%}\n sup, sub {vertical-align: baseline; position: relative; top: -0.4em;}\n sub {top: 0.4em;}\n .applelinks a {color:#262727; text-decoration: none;}\n        \n        \n /* General classes */\n body {width: 100% !important; margin: 0; padding: 0; -webkit-text-size-adjust:none; -ms-text-size-adjust:100%; font-size:13px; color:#333333; font-family: helvetica neue, helvetica, arial, verdana, san-serif; }\n img {outline:none; text-decoration:none; -ms-interpolation-mode: bicubic; border: none;}\n .bodytemplate, td { font-family: helvetica neue, helvetica, arial, verdana, san-serif; font-size: 12px; color: #333333; mso-line-height-rule:exactly }\n .bodytemplate { font-family: helvetica neue, helvetica, arial, verdana, san-serif; font-size: 12px; color: #333333; }\n .bodytemplate a, .bodytemplate a:hover { color: #F48C00; text-decoration: underline; }\n .main_table td{font-size:14px; color:#333333; text-align:left; font-family: helvetica neue, helvetica, arial, verdana, san-serif; padding:5px 10px;}\n        \n <!-- NOTE: Remove this css-code to make te email scalable instead of responsive -->\n /* Smartphones (portrait and landscape) ----------- */\n @media only screen and (max-width:800px) {\n *[class=mHide] {display: none !important;}\n *[class=mWidth100] {width:100% !important; max-width: 100% !important;}\n *[class=mPaddingbottom] {padding-bottom:12px !important;}\n *[class=mGmail] {width:100% !important; min-width: 100% !important; padding: 0 10px !important;}\n *[class=titeloranje] {-webkit-border-radius: 15px; -moz-border-radius: 15px; border-radius: 15px; background-color:#F48C00;}\n *[class=nieuwsbrieftitel] { padding-top: 20px !important;}\n *[class=openhtml] { padding: 10px !important; }\n }\n <!-- NOTE: End CSS-code to remove if scalable email -->\n </style>\n </head>\n <body bgcolor=\"#ffffff\">\n <table bgcolor=\"#ffffff\" cellpadding=\"0\" cellspacing=\"0\" border=\"0\" width=\"100%\" style=\"table-layout: fixed\">\n   <tbody>\n     <tr>\n       <td class=\"bodytemplate\" align=\"center\" valign=\"top\">\n 	  <table align=\"center\" class=\"mGmail\" style=\"width:800px; min-width:800px;  \" cellpadding=\"0\" cellspacing=\"0\" border=\"0\" bgcolor=\"#ffffff\">\n           <tbody>\n             <tr>\n               <td style=\"width:800px; max-width:800px; padding-bottom:20px;\">\n        \n 			  </td>\n             </tr>\n 			 <tr>\n 			    <td>\n 				<!--Paragraph content---->\n 					<table cellpadding=\"0\" cellspacing=\"0\" border=\"0\">\n 					  <tbody>\n 						<tr>\n 						  <td style=\"width:800px; max-width:800px; padding-bottom:20px;\">\n 						  <table width=\"100%\" cellpadding=\"0\" cellspacing=\"0\" border=\"0\">\n 							  <tbody>\n 								<tr>\n 								  <td style=\"font-family: helvetica neue, helvetica, arial, verdana, san-serif; font-size: 14px; color: #262727; line-height:18px;\" align=\"left\" valign=\"top\">\n 									Hi $$staff_firstname$$,\n 								  </td>\n 								</tr>\n 							  </tbody>\n 							</table>\n        \n 							</td>\n 						</tr>\n 					  </tbody>\n 					</table>\n 					<!--Paragraph content---->\n 					<table cellpadding=\"0\" cellspacing=\"0\" border=\"0\">\n 					  <tbody>\n 						<tr>\n 						  <td style=\"width:800px; max-width:800px; padding-bottom:20px;\">\n 						  <table width=\"100%\" cellpadding=\"0\" cellspacing=\"0\" border=\"0\">\n 							  <tbody>\n 								<tr>\n 								  <td style=\"font-family: helvetica neue, helvetica, arial, verdana, san-serif; font-size: 14px; color: #262727; line-height:18px;\" align=\"left\" valign=\"top\">\n 										Your home campus change request for $$firstname$$ $$lastname$$ has been denied.\n 								  </td>\n 								</tr>\n 							  </tbody>\n 							</table>\n 							</td>\n 						</tr>\n 					  </tbody>\n 					</table>\n 					<!--Paragraph content---->\n 										<!--Paragraph content---->\n 					<table cellpadding=\"0\" cellspacing=\"0\" border=\"0\">\n 					  <tbody>\n 						<tr>\n 						  <td style=\"width:800px; max-width:800px; padding-bottom:20px;\">\n 						  <table width=\"100%\" cellpadding=\"0\" cellspacing=\"0\" border=\"0\">\n 							  <tbody>\n 								<tr>\n 								  <td style=\"font-family: helvetica neue, helvetica, arial, verdana, san-serif; font-size: 14px; color: #262727; line-height:18px;\" align=\"left\" valign=\"top\">\n 										If you believe that you received this email in error or if you have any questions, please contact Mapworks support at <a href=\"mailto:$$Support_Helpdesk_Email_Address$$\" class=\"external-link\" rel=\"nofollow\">$$Support_Helpdesk_Email_Address$$</a>\n 								  </td>\n 								</tr>\n 							  </tbody>\n 							</table>\n 							</td>\n 						</tr>\n 					  </tbody>\n 					</table>\n 					<!--Paragraph content---->\n 					<table cellpadding=\"0\" cellspacing=\"0\" border=\"0\">\n 					  <tbody>\n 						<tr>\n 						  <td style=\"width:800px; max-width:800px; padding-bottom:20px;\">\n 						  <table width=\"100%\" cellpadding=\"0\" cellspacing=\"0\" border=\"0\">\n 							  <tbody>\n 								<tr style=\"background:#fff;border-collapse:collapse;\"><td></td></tr>\n <tr style=\"background:#fff;border-collapse:collapse;\"><td>Thank you.<br/>\n </td></tr>\n        \n <tr style = \"background:#fff;border-collapse:collapse;\">  <td>\n <img src = \"$$Skyfactor_Mapworks_logo$$\" alt = \"Skyfactor Mapworks logo\" title = \"Skyfactor Mapworks logo\" />\n </td></tr>\n 							  </tbody>\n 							</table>\n 							</td>\n 						</tr>\n 					  </tbody>\n 					</table>\n        \n 			    </td>\n 			</tr>\n			<tr style = \"background:#fff;border-collapse:collapse;\"> <td> This email is an auto-generated message.Replies to automated messages are not monitored. </td></tr>\n           </tbody>\n         </table>\n 		</td>\n     </tr>\n     <tr>\n       <td>\n        \n 	  </td>\n     </tr>\n   </tbody>\n </table>\n </body>\n</html>','Home campus change request denied'),
(34,35,1,NULL,NULL,NULL,NULL,NULL,NULL,'<!-- Versie 2.0 !-->\n <!DOCTYPE html PUBLIC \"-//W3C//DTD XHTML 1.0 Transitional//EN\" \"http://www.w3.org/TR/xhtml1/DTD/xhtml1-transitional.dtd\">\n <html xmlns=\"http://www.w3.org/1999/xhtml\" xmlns:v=\"urn:schemas-microsoft-com:vml\" xmlns:o=\"urn:schemas-microsoft-com:office:office\">\n <head>\n <!--[if gte mso 9]>\n <xml>\n <o:OfficeDocumentSettings>\n <o:AllowPNG/>\n <o:PixelsPerInch>96</o:PixelsPerInch>\n </o:OfficeDocumentSettings>\n </xml>\n <![endif]-->\n <title>Mapworks accounts merged</title>\n <meta name=\"viewport\" content=\"width=device-width, initial-scale=1.0\">\n <meta http-equiv=\"X-UA-Compatible\" content=\"IE=edge\" />\n <style type=\"text/css\">\n /* e-mail bugfixes */\n #outlook a {padding: 0 0 0 0;}\n .ReadMsgBody {width: 100%;}\n .ExternalClass {width: 100%; line-height: 100%;}\n .ExternalClass * {line-height: 100%}\n sup, sub {vertical-align: baseline; position: relative; top: -0.4em;}\n sub {top: 0.4em;}\n .applelinks a {color:#262727; text-decoration: none;}\n        \n        \n /* General classes */\n body {width: 100% !important; margin: 0; padding: 0; -webkit-text-size-adjust:none; -ms-text-size-adjust:100%; font-size:13px; color:#333333; font-family: helvetica neue, helvetica, arial, verdana, san-serif; }\n img {outline:none; text-decoration:none; -ms-interpolation-mode: bicubic; border: none;}\n .bodytemplate, td { font-family: helvetica neue, helvetica, arial, verdana, san-serif; font-size: 12px; color: #333333; mso-line-height-rule:exactly }\n .bodytemplate { font-family: helvetica neue, helvetica, arial, verdana, san-serif; font-size: 12px; color: #333333; }\n .bodytemplate a, .bodytemplate a:hover { color: #F48C00; text-decoration: underline; }\n .main_table td{font-size:14px; color:#333333; text-align:left; font-family: helvetica neue, helvetica, arial, verdana, san-serif; padding:5px 10px;}\n        \n <!-- NOTE: Remove this css-code to make te email scalable instead of responsive -->\n /* Smartphones (portrait and landscape) ----------- */\n @media only screen and (max-width:800px) {\n *[class=mHide] {display: none !important;}\n *[class=mWidth100] {width:100% !important; max-width: 100% !important;}\n *[class=mPaddingbottom] {padding-bottom:12px !important;}\n *[class=mGmail] {width:100% !important; min-width: 100% !important; padding: 0 10px !important;}\n *[class=titeloranje] {-webkit-border-radius: 15px; -moz-border-radius: 15px; border-radius: 15px; background-color:#F48C00;}\n *[class=nieuwsbrieftitel] { padding-top: 20px !important;}\n *[class=openhtml] { padding: 10px !important; }\n }\n <!-- NOTE: End CSS-code to remove if scalable email -->\n </style>\n </head>\n <body bgcolor=\"#ffffff\">\n <table bgcolor=\"#ffffff\" cellpadding=\"0\" cellspacing=\"0\" border=\"0\" width=\"100%\" style=\"table-layout: fixed\">\n   <tbody>\n     <tr>\n       <td class=\"bodytemplate\" align=\"center\" valign=\"top\">\n 	  <table align=\"center\" class=\"mGmail\" style=\"width:800px; min-width:800px;  \" cellpadding=\"0\" cellspacing=\"0\" border=\"0\" bgcolor=\"#ffffff\">\n           <tbody>\n             <tr>\n               <td style=\"width:800px; max-width:800px; padding-bottom:20px;\">\n        \n 			  </td>\n             </tr>\n 			 <tr>\n 			    <td>\n 				<!--Paragraph content---->\n 					<table cellpadding=\"0\" cellspacing=\"0\" border=\"0\">\n 					  <tbody>\n 						<tr>\n 						  <td style=\"width:800px; max-width:800px; padding-bottom:20px;\">\n 						  <table width=\"100%\" cellpadding=\"0\" cellspacing=\"0\" border=\"0\">\n 							  <tbody>\n 								<tr>\n 								  <td style=\"font-family: helvetica neue, helvetica, arial, verdana, san-serif; font-size: 14px; color: #262727; line-height:18px;\" align=\"left\" valign=\"top\">\n 									Hi $$firstname$$,\n 								  </td>\n 								</tr>\n 							  </tbody>\n 							</table>\n        \n 							</td>\n 						</tr>\n 					  </tbody>\n 					</table>\n 					<!--Paragraph content---->\n 					<table cellpadding=\"0\" cellspacing=\"0\" border=\"0\">\n 					  <tbody>\n 						<tr>\n 						  <td style=\"width:800px; max-width:800px; padding-bottom:20px;\">\n 						  <table width=\"100%\" cellpadding=\"0\" cellspacing=\"0\" border=\"0\">\n 							  <tbody>\n 								<tr>\n 								  <td style=\"font-family: helvetica neue, helvetica, arial, verdana, san-serif; font-size: 14px; color: #262727; line-height:18px;\" align=\"left\" valign=\"top\">\n 										Your Mapworks accounts have been merged, and this email has been set as your master account address and log-in. You may use the link below to reset your password and resume using Mapworks.\n 								  </td>\n 								</tr>\n 							  </tbody>\n 							</table>\n 							</td>\n 						</tr>\n 					  </tbody>\n 					</table>\n 					<!--Paragraph content---->\n 					<!--Paragraph content---->\n 					<table cellpadding=\"0\" cellspacing=\"0\" border=\"0\">\n 					  <tbody>\n 						<tr>\n 						  <td style=\"width:800px; max-width:800px; padding-bottom:20px;\">\n 						  <table width=\"100%\" cellpadding=\"0\" cellspacing=\"0\" border=\"0\">\n 							  <tbody>\n 								<tr>\n 								  <td style=\"font-family: helvetica neue, helvetica, arial, verdana, san-serif; font-size: 14px; color: #262727; line-height:18px;\" align=\"left\" valign=\"top\">\n 										<a href=\"$$activation_token$$\" target=\"_blank\">$$activation_token$$</a>\n 								  </td>\n 								</tr>\n 							  </tbody>\n 							</table>\n 							</td>\n 						</tr>\n 					  </tbody>\n 					</table>\n 					<!--Paragraph content---->\n 					<!--Paragraph content---->\n 					<table cellpadding=\"0\" cellspacing=\"0\" border=\"0\">\n 					  <tbody>\n 						<tr>\n 						  <td style=\"width:800px; max-width:800px; padding-bottom:20px;\">\n 						  <table width=\"100%\" cellpadding=\"0\" cellspacing=\"0\" border=\"0\">\n 							  <tbody>\n 								<tr>\n 								  <td style=\"font-family: helvetica neue, helvetica, arial, verdana, san-serif; font-size: 14px; color: #262727; line-height:18px;\" align=\"left\" valign=\"top\">\n 										If you believe that you received this email in error or if you have any questions, please contact Mapworks support at <a href=\"mailto:$$Support_Helpdesk_Email_Address$$\" class=\"external-link\" rel=\"nofollow\">$$Support_Helpdesk_Email_Address$$</a>\n 								  </td>\n 								</tr>\n 							  </tbody>\n 							</table>\n 							</td>\n 						</tr>\n 					  </tbody>\n 					</table>\n 					<!--Paragraph content---->\n 					<table cellpadding=\"0\" cellspacing=\"0\" border=\"0\">\n 					  <tbody>\n 						<tr>\n 						  <td style=\"width:800px; max-width:800px; padding-bottom:20px;\">\n 						  <table width=\"100%\" cellpadding=\"0\" cellspacing=\"0\" border=\"0\">\n 							  <tbody>\n 								<tr>\n 								  <td style=\"font-family: helvetica neue, helvetica, arial, verdana, san-serif; font-size: 14px; color: #262727; line-height:18px;\" align=\"left\" valign=\"top\">\n 									Thank you.</br>\n 								<img src = \"$$Skyfactor_Mapworks_logo$$\" alt = \"Skyfactor Mapworks logo\" title = \"Skyfactor Mapworks logo\" /> <br/>\n 									This email is an auto-generated message. Replies to automated messages are not monitored.\n 								  </td>\n 								</tr>\n 							  </tbody>\n 							</table>\n 							</td>\n 						</tr>\n 					  </tbody>\n 					</table>\n        \n 			    </td>\n 			</tr>\n           </tbody>\n         </table>\n 		</td>\n     </tr>\n     <tr>\n       <td>\n        \n 	  </td>\n     </tr>\n   </tbody>\n </table>\n </body></html>','Mapworks accounts merged'),
(35,37,1,NULL,NULL,NULL,NULL,NULL,NULL,'<html>\n<div style=\'margin: 10px 0px 0px; padding: 0px; color: rgb(51, 51, 51); font-family: Arial, sans-serif; font-size: 14px; line-height: 20px; background-color: rgb(255, 255, 255);\'>\nHi $$firstname$$,<br/></br>\n        \nPlease use the link below and follow the displayed instructions to create your new password. This link will expire after $$Reset_Password_Expiry_Hrs$$ hours.<br />\n<br/>\n<a href=\'$$activation_token$$\'>$$activation_token$$</a><br/><br/>\n        \nIf you believe that you received this email in error or if you have any questions,please contact Mapworks support at <span style=\'color: #99ccff;\'>$$Support_Helpdesk_Email_Address$$</span>.<br/><br/>\n<p>Thank you.</br></p>\n<p><img width=\"307\" height = \"89\" alt=\"Skyfactor Mapworks Logo\" src=\"$$Skyfactor_Mapworks_logo$$\"/><br/></p>\n<p>This email is an auto-generated message. Replies to automated messages are not monitored.</p>\n</div>\n</html>','How to reset your Mapworks password'),
(36,38,1,NULL,NULL,NULL,NULL,NULL,NULL,'<html> <div style=\"margin: 10px 0px 0px; padding: 0px; color: rgb(51, 51, 51); font-family: Arial, sans-serif; font-size: 14px; line-height: 20px; background-color: rgb(255, 255, 255);\"> Hi $$firstname$$,<br/><br/> Here is your link to log in to Mapworks: &nbsp;<a class=\"external-link\" href=\"$$studentUrl$$\" rel=\"nofollow\" style=\"color: rgb(41, 114, 155); text-decoration: underline;\">Click Here</a><br/><br/> If the above link does not work, please copy and paste the address below into your browser address bar:<br/><br/> $$studentUrl$$ <br/><br/> Thank you. </div> </html>','Mapworks Login Link'),
(37,39,1,NULL,NULL,NULL,NULL,NULL,NULL,'<html>\n <div style=\'margin: 10px 0px 0px; padding: 0px; color: rgb(51, 51, 51); font-family: Arial, sans-serif; font-size: 14px; line-height: 20px; background-color: rgb(255, 255, 255);\'>\n Hi $$firstname$$,<br/><br/>\n        \n Your Mapworks password has been changed. If you believe this is an error, please contact Mapworks support at &nbsp;<a href=\"mailto:$$Support_Helpdesk_Email_Address$$\" class=\"external-link\" rel=\"nofollow\">$$Support_Helpdesk_Email_Address$$</a>\n <br/><br/>\n<p>Thank you.</br></p>\n<p><img width=\"307\" height = \"89\" alt=\"Skyfactor Mapworks Logo\" src=\"$$Skyfactor_Mapworks_logo$$\"/><br/></p>\n<p>This email is an auto-generated message. Replies to automated messages are not monitored.</p>\n        \n </div>\n </html>','Mapworks password reset'),
(38,40,1,NULL,NULL,NULL,NULL,NULL,NULL,'<!DOCTYPE html PUBLIC \"-//W3C//DTD XHTML 1.0 Transitional//EN\" \"http://www.w3.org/TR/xhtml1/DTD/xhtml1-transitional.dtd\">\n     \n <html xmlns=\"http://www.w3.org/1999/xhtml\">\n <head>\n     <title>Email</title>\n </head>\n <body>\n <center>\n        \n     <table align=\"center\">\n		<tr>\n			<td><p>Hi $$firstname$$,</p></td>\n		</tr>\n         <tr>\n             <th style=\"padding:0px;margin:0px;\">\n     \n                <table  style=\"font-family:helvetica,arial,verdana,san-serif;font-weight:normal;width:800px; height=337px;text-align:center;padding:0px;\">\n                <tr bgcolor=\"#eeeeee\" style=\"width:800px;padding:0px;height:337px;\">\n                <td style=\"width:800px;padding:0px;height:337px;\">\n                <table style=\"text-align:center;width:100%\">\n                <tr>\n                     <td style=\"padding:0px;\">\n                     <table style=\"margin-top:56px;width:100%\">\n 		<tr>\n 		<td style=\"text-align:center;padding:0px;font-size:33px;height:80px;width:800px;font-family:helvetica,arial,verdana,san-serif;font-weight:normal;color:#000000\">\n 					<br>Welcome to Mapworks.\n 		</td>\n 		</tr>\n 		</table>\n                     </td>\n                </tr>\n                <tr style=\"margin:0px;padding:0px;\">\n 		<td style=\"text-align:center;font-family:helvetica,arial,verdana,san-serif;font-weight:normal;color:#333333;font-size: 16px;height:16px;padding-top:8px;\">\n         			Use the link below to create your password and start using Mapworks.\n     \n 		</td></tr>\n            <tr style=\"margin:0px;padding:0px;\"><td style=\"margin:0px;padding:0px;\">\n     \n <table align=\"center\">\n   <tr style=\"margin:0px;padding:0px;\">\n     <th style=\"margin:0px;padding:0px;\">\n            <table cellpadding=\"36\" style=\"width:100%\">\n         <tr>\n 		<td align=\"center\" style=\"text-align:center;color:#000000;font-weight:normal;font-size: 20px;\">\n 		          <table style=\"border-radius:2px;width:175px;font-size:20px;font-family:helvetica,arial,verdana,san-serif;font-weight:normal;text-align:center;display: block;margin: 0 auto;padding:0px 0px\">\n 		<tr>\n         <td style=\"background-color:#4673a7; height:58px;border-radius:2px;line-height:21px;text-decoration:none ;vertical-align:middle;\">\n         <a href=\"$$activation_token$$\" style=\"outline-offset:19px !important;background-color: #4673a7; color: #ffffff;display: block;text-decoration: none;width:175px \"target=\"_blank\"><span style=\"text-decoration: none !important;\">Sign In Now</span></a>\n         </td></tr>\n         <tr valign=\"top\" style=\"height:33px;\">\n         <td style=\"margin-left:auto; margin-right:auto;width:100%;font-size: 14px;height:14px;padding-bottom:7px;font-family:helvetica,arial,verdana,san-serif;font-weight:medium;color:#333333;link:#1e73d5;padding-top:8px;\">\n 				<span>Use this link to <a target=\"_blank\" style=\"link:#1e73d5;\" href=\"$$activation_token$$\">sign in.</a></span>\n     \n         </td></tr>\n     \n         </table>\n 		</td></tr>\n     \n         </table>\n         </th>\n     \n   </tr>\n     \n </table>\n        </td></tr>\n </table>\n                </td>\n                </tr>\n                <tr valign=\"top\">\n <td >\n <table>\n <tr>\n <td valign=\"top\" align=\"center\">\n <div style=\"text-align:left;margin-left:30px;font-family:helvetica,arial,verdana,san-serif;font-weight:normal;\n 			margin-right:18px;font-size: 13px;color: #333333;margin-top:30px;link:#1e73d5;font-weight:normal;\" >\n 				If you believe that you received this email in error or if you have any questions, please contact Mapworks support at <a href=\"mailto:$$Support_Helpdesk_Email_Address$$\" style=\"link:#1e73d5;\">$$Support_Helpdesk_Email_Address$$</a>.\n 		\n 				<div style=\"text-align:left;font-weight:bold;font-size: 14px;color:#333333\" >\n 					<p>Thank you.</br></p>\n					<p><img alt=\"Skyfactor Mapworks Logo\" src=\"$$Skyfactor_Mapworks_logo$$\"/><br/></p>\n					<p>This email is an auto-generated message. Replies to automated messages are not monitored.</p>\n 				</div>\n  </div>\n </td>\n </tr>\n </table>\n </td>\n </tr>\n                </table>\n     \n             </th>\n     \n         </tr>\n     \n     </table>\n     </center>\n </body>\n </html>','Welcome to Mapworks'),
(39,36,1,NULL,NULL,NULL,NULL,NULL,NULL,'<!-- Versie 2.0 !-->\n <!DOCTYPE html PUBLIC \"-//W3C//DTD XHTML 1.0 Transitional//EN\" \"http://www.w3.org/TR/xhtml1/DTD/xhtml1-transitional.dtd\">\n <html xmlns=\"http://www.w3.org/1999/xhtml\" xmlns:v=\"urn:schemas-microsoft-com:vml\" xmlns:o=\"urn:schemas-microsoft-com:office:office\">\n <head>\n <!--[if gte mso 9]>\n <xml>\n <o:OfficeDocumentSettings>\n <o:AllowPNG/>\n <o:PixelsPerInch>96</o:PixelsPerInch>\n </o:OfficeDocumentSettings>\n </xml>\n <![endif]-->\n <title>Mapworks accounts merged</title>\n <meta name=\"viewport\" content=\"width=device-width, initial-scale=1.0\">\n <meta http-equiv=\"X-UA-Compatible\" content=\"IE=edge\" />\n <style type=\"text/css\">\n /* e-mail bugfixes */\n #outlook a {padding: 0 0 0 0;}\n .ReadMsgBody {width: 100%;}\n .ExternalClass {width: 100%; line-height: 100%;}\n .ExternalClass * {line-height: 100%}\n sup, sub {vertical-align: baseline; position: relative; top: -0.4em;}\n sub {top: 0.4em;}\n .applelinks a {color:#262727; text-decoration: none;}\n        \n        \n /* General classes */\n body {width: 100% !important; margin: 0; padding: 0; -webkit-text-size-adjust:none; -ms-text-size-adjust:100%; font-size:13px; color:#333333; font-family: helvetica neue, helvetica, arial, verdana, san-serif; }\n img {outline:none; text-decoration:none; -ms-interpolation-mode: bicubic; border: none;}\n .bodytemplate, td { font-family: helvetica neue, helvetica, arial, verdana, san-serif; font-size: 12px; color: #333333; mso-line-height-rule:exactly }\n .bodytemplate { font-family: helvetica neue, helvetica, arial, verdana, san-serif; font-size: 12px; color: #333333; }\n .bodytemplate a, .bodytemplate a:hover { color: #F48C00; text-decoration: underline; }\n .main_table td{font-size:14px; color:#333333; text-align:left; font-family: helvetica neue, helvetica, arial, verdana, san-serif; padding:5px 10px;}\n        \n <!-- NOTE: Remove this css-code to make te email scalable instead of responsive -->\n /* Smartphones (portrait and landscape) ----------- */\n @media only screen and (max-width:800px) {\n *[class=mHide] {display: none !important;}\n *[class=mWidth100] {width:100% !important; max-width: 100% !important;}\n *[class=mPaddingbottom] {padding-bottom:12px !important;}\n *[class=mGmail] {width:100% !important; min-width: 100% !important; padding: 0 10px !important;}\n *[class=titeloranje] {-webkit-border-radius: 15px; -moz-border-radius: 15px; border-radius: 15px; background-color:#F48C00;}\n *[class=nieuwsbrieftitel] { padding-top: 20px !important;}\n *[class=openhtml] { padding: 10px !important; }\n }\n <!-- NOTE: End CSS-code to remove if scalable email -->\n </style>\n </head>\n <body bgcolor=\"#ffffff\">\n <table bgcolor=\"#ffffff\" cellpadding=\"0\" cellspacing=\"0\" border=\"0\" width=\"100%\" style=\"table-layout: fixed\">\n   <tbody>\n     <tr>\n       <td class=\"bodytemplate\" align=\"center\" valign=\"top\">\n 	  <table align=\"center\" class=\"mGmail\" style=\"width:800px; min-width:800px;  \" cellpadding=\"0\" cellspacing=\"0\" border=\"0\" bgcolor=\"#ffffff\">\n           <tbody>\n             <tr>\n               <td style=\"width:800px; max-width:800px; padding-bottom:20px;\">\n        \n 			  </td>\n             </tr>\n 			 <tr>\n 			    <td>\n 				<!--Paragraph content---->\n 					<table cellpadding=\"0\" cellspacing=\"0\" border=\"0\">\n 					  <tbody>\n 						<tr>\n 						  <td style=\"width:800px; max-width:800px; padding-bottom:20px;\">\n 						  <table width=\"100%\" cellpadding=\"0\" cellspacing=\"0\" border=\"0\">\n 							  <tbody>\n 								<tr>\n 								  <td style=\"font-family: helvetica neue, helvetica, arial, verdana, san-serif; font-size: 14px; color: #262727; line-height:18px;\" align=\"left\" valign=\"top\">\n 									Hi $$firstname$$,\n 								  </td>\n 								</tr>\n 							  </tbody>\n 							</table>\n        \n 							</td>\n 						</tr>\n 					  </tbody>\n 					</table>\n 					<!--Paragraph content---->\n 					<table cellpadding=\"0\" cellspacing=\"0\" border=\"0\">\n 					  <tbody>\n 						<tr>\n 						  <td style=\"width:800px; max-width:800px; padding-bottom:20px;\">\n 						  <table width=\"100%\" cellpadding=\"0\" cellspacing=\"0\" border=\"0\">\n 							  <tbody>\n 								<tr>\n 								  <td style=\"font-family: helvetica neue, helvetica, arial, verdana, san-serif; font-size: 14px; color: #262727; line-height:18px;\" align=\"left\" valign=\"top\">\n 										Your Mapworks accounts have been merged, and this account address has been deactivated. You will receive an email notification at your main account email address with instructions to reset your password.\n 								  </td>\n 								</tr>\n 							  </tbody>\n 							</table>\n 							</td>\n 						</tr>\n 					  </tbody>\n 					</table>\n 					<!--Paragraph content---->\n        \n 					<!--Paragraph content---->\n 					<table cellpadding=\"0\" cellspacing=\"0\" border=\"0\">\n 					  <tbody>\n 						<tr>\n 						  <td style=\"width:800px; max-width:800px; padding-bottom:20px;\">\n 						  <table width=\"100%\" cellpadding=\"0\" cellspacing=\"0\" border=\"0\">\n 							  <tbody>\n 								<tr>\n 								  <td style=\"font-family: helvetica neue, helvetica, arial, verdana, san-serif; font-size: 14px; color: #262727; line-height:18px;\" align=\"left\" valign=\"top\">\n 										If you believe that you received this email in error or if you have any questions, please contact Mapworks support at <a href=\"mailto:$$Support_Helpdesk_Email_Address$$\" class=\"external-link\" rel=\"nofollow\">$$Support_Helpdesk_Email_Address$$</a>\n 								  </td>\n 								</tr>\n 							  </tbody>\n 							</table>\n 							</td>\n 						</tr>\n 					  </tbody>\n 					</table>\n 					<!--Paragraph content---->\n 					<table cellpadding=\"0\" cellspacing=\"0\" border=\"0\">\n 					  <tbody>\n 						<tr>\n 						  <td style=\"width:800px; max-width:800px; padding-bottom:20px;\">\n 						  <table width=\"100%\" cellpadding=\"0\" cellspacing=\"0\" border=\"0\">\n 							  <tbody>\n 								<tr>\n 								  <td style=\"font-family: helvetica neue, helvetica, arial, verdana, san-serif; font-size: 14px; color: #262727; line-height:18px;\" align=\"left\" valign=\"top\">\n 									Thank you.</br>\n 									<img src = \"$$Skyfactor_Mapworks_logo$$\" alt = \"Skyfactor Mapworks logo\" title = \"Skyfactor Mapworks logo\" /> <br/>\n 									This email is an auto-generated message. Replies to automated messages are not monitored.\n 								  </td>\n 								</tr>\n 							  </tbody>\n 							</table>\n 							</td>\n 						</tr>\n 					  </tbody>\n 					</table>\n        \n 			    </td>\n 			</tr>\n           </tbody>\n         </table>\n 		</td>\n     </tr>\n     <tr>\n       <td>\n        \n 	  </td>\n     </tr>\n   </tbody>\n </table>\n </body>\n</html>','Mapworks accounts merged'),
(40,41,1,NULL,NULL,NULL,NULL,NULL,NULL,'<!DOCTYPE html>\n		<html>\n		<head>\n		<title></title>\n		</head>\n		<body>\n		<p>\n		Thank you. This request is now closed.\n		</p>\n		<table class=\"table table-bordered\" style=\"border: 1px solid #428BCA !important; border-collapse:collapse; width:40%; margin-top:20px; margin-bottom:20px;\">\n			<tr>\n				<td style=\" padding:5px; background-color: #4F9BD9; border: 1px solid #428BCA !important; border-collapse:collapse\"><p style=\"font-weight: bold; font-size: 14px; color:#fff;\"><a href=\"$$updateviewurl$$\">View and complete this academic update request on Mapworks</a></p></td>\n			</tr>\n			<tr>\n				<td style=\"background-color: #D4EEFF; border: 1px solid #4F9BD9 !important; border-collapse:collapse; padding:15px 5px 15px 5px; vertical-align: middle;\">\n					<p style=\"font-size:14px; font-weight: bold;   margin: 0px !important;\">$$requestname$$ (due <span>$$duedate$$</span>)</p>\n					<p style=\"font-size:14px;   margin: 0px !important;\">$$description$$</p>\n					<p style=\"font-size:14px;   margin: 0px !important;\">Requestor: <span>$$requestor$$</span>&nbsp;<span>$$requestor_email$$</span></p>\n					<p style=\"display:inline-block; float:left; font-size:14px;   margin: 0px !important;\">Student Updates: <span>$$studentupdate$$</span></p>\n			\n				</td>\n			</tr>\n		</table>\n		<p style=\"width:40%; margin-bottom:20px;\">$$optional_message$$</p>\n		</body>\n		</html>','Closed'),
(41,43,1,NULL,NULL,NULL,NULL,NULL,NULL,'<!DOCTYPE html>\n<html>\n<body>\n<style>\n	body {\n		background: none repeat scroll 0 0# f4f4f4;\n	}\n	div {\n		display: block;\n		padding: 15px;\n		width: 100%;\n	}\n	p {\n		font - family: helvetica, arial, verdana, san - serif;\n		font - size: 13px;\n		color: #333;\n	}\n</style>\n<div>\n	<p>Hi $$studentname$$,</p>\n	<p>Your Student report is now available. Please click the link below to access and view your results.</p>\n    <p><a href =\"$$pdf_report$$\">Report view</a><p>\n	<p>If you believe that you received this email in error or if you have any questions, please contact Mapworks support at <a href=\"mailto:support@map-works.com\">support@map-works.com</a>.</p>\n	<p>Thank you.</br>\n	<img src=\"$$Skyfactor_Mapworks_logo$$\" alt =\"Skyfactor Mapworks logo\" title =\"Skyfactor Mapworks logo\" /><p>\n</div>\n</body>\n</html>','Student Report'),
(42,44,1,NULL,NULL,NULL,NULL,NULL,NULL,'<!DOCTYPE html PUBLIC \"-//W3C//DTD XHTML 1.0 Transitional//EN\" \"http://www.w3.org/TR/xhtml1/DTD/xhtml1-transitional.dtd\">\n <html xmlns=\"http://www.w3.org/1999/xhtml\">\n	<head>\n		<style>\n		body {\n    background: none repeat scroll 0 0 #f4f4f4;\n	\n}\n		table {\n    padding: 21px;\n    width: 799px;\n	font-family: helvetica,arial,verdana,san-serif;\n	font-size:13px;\n	color:#333;\n	}\n		</style>\n	</head>\n	<body>\n	\n		<table cellpadding=\"10\" style=\"background:#eeeeee;\" cellspacing=\"0\">\n			<tbody>\n			\n				<tr style=\"background:#fff;border-collapse:collapse;\"><td>Hi $$firstname$$,</td></tr>\n				<tr style=\"background:#fff;border-collapse:collapse;\"><td>Welcome to Skyfactor. Use the link below to create your password and login to user management. This link will expire in 24 hours.</td></tr>\n				<tr style=\"background:#fff;border-collapse:collapse;\">\n					<td> <a href=\"$$activation_token$$\">$$activation_token$$</a> </td>\n				</tr>\n				<tr style=\"background:#fff;border-collapse:collapse;\">\n					<td> If you believe that you received this email in error or if you have any questions, please contact Mapworks support at  <a href=\"mailto:$$Support_Helpdesk_Email_Address$$\">$$Support_Helpdesk_Email_Address$$</a> </td>\n				</tr>\n				<tr style=\"background:#fff;border-collapse:collapse;\"><td>Thank you from the Skyfactor team.<br/><img src=\"$$Skyfactor_Mapworks_logo$$\" alt=\"Skyfactor Mapworks logo\" title=\"Skyfactor Mapworks logo\" /></td></tr>\n				<tr style=\"background:#fff;border-collapse:collapse;\"><td>This email is an auto-generated message. Replies to automated messages are not monitored.</td></tr>\n			\n			</tbody>\n		</table>\n	</body>\n</html>','Welcome to Skyfactor'),
(43,45,1,NULL,NULL,NULL,NULL,NULL,NULL,'<html><head><style>body {background: none repeat scroll 0 0 #f4f4f4;} table {padding: 21px; width: 799px; font-family: helvetica,arial,verdana,san-serif; font-size:13px; color:#333; }</style></head><body><table cellpadding=\"10\" style=\"background:#eeeeee;\" cellspacing=\"0\"><tbody><tr style=\"background:#fff;border-collapse:collapse;\"><td>Dear $$user_first_name$$:</td></tr><tr style=\"background:#fff;border-collapse:collapse;\"><td>Your student group upload has finished importing. $$download_failed_log_file$$ </td></tr><tr style=\"background:#fff;border-collapse:collapse;\"><td>Best regards,<br/>EBI Mapworks</td></tr><tr style=\"background:#fff;border-collapse:collapse;\"><td>This email confirmation is an auto-generated message. Replies to automated messages are not monitored.</td></tr></tbody></table></body></html>','Mapworks student group upload has finished'),
(44,46,1,NULL,NULL,NULL,NULL,NULL,NULL,'<html><head><style>body {background: none repeat scroll 0 0 #f4f4f4;} table {padding: 21px; width: 799px; font-family: helvetica,arial,verdana,san-serif; font-size:13px; color:#333; }</style></head><body><table cellpadding=\"10\" style=\"background:#eeeeee;\" cellspacing=\"0\"><tbody><tr style=\"background:#fff;border-collapse:collapse;\"><td>Dear $$user_first_name$$:</td></tr><tr style=\"background:#fff;border-collapse:collapse;\"><td>Your faculty group upload has finished importing. $$download_failed_log_file$$ </td></tr><tr style=\"background:#fff;border-collapse:collapse;\"><td>Best regards,<br/>EBI Mapworks</td></tr><tr style=\"background:#fff;border-collapse:collapse;\"><td>This email confirmation is an auto-generated message. Replies to automated messages are not monitored.</td></tr></tbody></table></body></html>','Mapworks faculty group upload has finished'),
(45,47,1,NULL,NULL,NULL,NULL,NULL,NULL,'<html><head><style>body {background: none repeat scroll 0 0 #f4f4f4;} table {padding: 21px; width: 799px; font-family: helvetica,arial,verdana,san-serif; font-size:13px; color:#333; }</style></head><body><table cellpadding=\"10\" style=\"background:#eeeeee;\" cellspacing=\"0\"><tbody><tr style=\"background:#fff;border-collapse:collapse;\"><td>Dear $$user_first_name$$:</td></tr><tr style=\"background:#fff;border-collapse:collapse;\"><td>Your group upload has finished importing. $$download_failed_log_file$$ </td></tr><tr style=\"background:#fff;border-collapse:collapse;\"><td>Best regards,<br/>EBI Mapworks</td></tr><tr style=\"background:#fff;border-collapse:collapse;\"><td>This email confirmation is an auto-generated message. Replies to automated messages are not monitored.</td></tr></tbody></table></body></html>','Mapworks group upload has finished'),
(46,48,1,NULL,NULL,NULL,NULL,NULL,NULL,'<html><head><style>body {background: none repeat scroll 0 0 #f4f4f4;} table {padding: 21px; width: 799px; font-family: helvetica,arial,verdana,san-serif; font-size:13px; color:#333; }</style></head><body><table cellpadding=\"10\" style=\"background:#eeeeee;\" cellspacing=\"0\"><tbody><tr style=\"background:#fff;border-collapse:collapse;\"><td>Dear $$user_first_name$$:</td></tr><tr style=\"background:#fff;border-collapse:collapse;\"><td>Your static list upload has finished importing. $$download_failed_log_file$$ </td></tr><tr style=\"background:#fff;border-collapse:collapse;\"><td>Best regards,<br/>EBI Mapworks</td></tr><tr style=\"background:#fff;border-collapse:collapse;\"><td>This email confirmation is an auto-generated message. Replies to automated messages are not monitored.</td></tr></tbody></table></body></html>','Mapworks static list upload has finished');
/*!40000 ALTER TABLE `email_template_lang` ENABLE KEYS */;
UNLOCK TABLES;

--
-- Table structure for table `entity`
--

DROP TABLE IF EXISTS `entity`;
/*!40101 SET @saved_cs_client     = @@character_set_client */;
/*!40101 SET character_set_client = utf8 */;
CREATE TABLE `entity` (
  `id` int(11) NOT NULL AUTO_INCREMENT,
  `entity_name` varchar(45) COLLATE utf8_unicode_ci NOT NULL,
  `created_by` int(11) DEFAULT NULL,
  `created_at` datetime DEFAULT NULL,
  `modified_by` int(11) DEFAULT NULL,
  `modified_at` datetime DEFAULT NULL,
  `deleted_by` int(11) DEFAULT NULL,
  `deleted_at` datetime DEFAULT NULL,
  PRIMARY KEY (`id`)
) ENGINE=InnoDB AUTO_INCREMENT=4 DEFAULT CHARSET=utf8 COLLATE=utf8_unicode_ci;
/*!40101 SET character_set_client = @saved_cs_client */;

--
-- Dumping data for table `entity`
--

LOCK TABLES `entity` WRITE;
/*!40000 ALTER TABLE `entity` DISABLE KEYS */;
INSERT INTO `entity` VALUES
(1,'organization',NULL,NULL,NULL,NULL,NULL,NULL),
(2,'Student',NULL,NULL,NULL,NULL,NULL,NULL),
(3,'Faculty',NULL,NULL,NULL,NULL,NULL,NULL);
/*!40000 ALTER TABLE `entity` ENABLE KEYS */;
UNLOCK TABLES;

--
-- Table structure for table `ext_log_entries`
--

DROP TABLE IF EXISTS `ext_log_entries`;
/*!40101 SET @saved_cs_client     = @@character_set_client */;
/*!40101 SET character_set_client = utf8 */;
CREATE TABLE `ext_log_entries` (
  `id` int(11) NOT NULL AUTO_INCREMENT,
  `action` varchar(8) COLLATE utf8_unicode_ci NOT NULL,
  `logged_at` datetime NOT NULL,
  `object_id` varchar(64) COLLATE utf8_unicode_ci DEFAULT NULL,
  `object_class` varchar(255) COLLATE utf8_unicode_ci NOT NULL,
  `version` int(11) NOT NULL,
  `data` longtext COLLATE utf8_unicode_ci COMMENT '(DC2Type:array)',
  `username` varchar(255) COLLATE utf8_unicode_ci DEFAULT NULL,
  PRIMARY KEY (`id`),
  KEY `log_class_lookup_idx` (`object_class`),
  KEY `log_date_lookup_idx` (`logged_at`),
  KEY `log_user_lookup_idx` (`username`),
  KEY `log_version_lookup_idx` (`object_id`,`object_class`,`version`)
) ENGINE=InnoDB DEFAULT CHARSET=utf8 COLLATE=utf8_unicode_ci;
/*!40101 SET character_set_client = @saved_cs_client */;

--
-- Dumping data for table `ext_log_entries`
--

LOCK TABLES `ext_log_entries` WRITE;
/*!40000 ALTER TABLE `ext_log_entries` DISABLE KEYS */;
/*!40000 ALTER TABLE `ext_log_entries` ENABLE KEYS */;
UNLOCK TABLES;

--
-- Table structure for table `ext_translations`
--

DROP TABLE IF EXISTS `ext_translations`;
/*!40101 SET @saved_cs_client     = @@character_set_client */;
/*!40101 SET character_set_client = utf8 */;
CREATE TABLE `ext_translations` (
  `id` int(11) NOT NULL AUTO_INCREMENT,
  `locale` varchar(8) COLLATE utf8_unicode_ci NOT NULL,
  `object_class` varchar(255) COLLATE utf8_unicode_ci NOT NULL,
  `field` varchar(32) COLLATE utf8_unicode_ci NOT NULL,
  `foreign_key` varchar(64) COLLATE utf8_unicode_ci NOT NULL,
  `content` longtext COLLATE utf8_unicode_ci,
  PRIMARY KEY (`id`),
  UNIQUE KEY `lookup_unique_idx` (`locale`,`object_class`,`field`,`foreign_key`),
  KEY `translations_lookup_idx` (`locale`,`object_class`,`foreign_key`)
) ENGINE=InnoDB DEFAULT CHARSET=utf8 COLLATE=utf8_unicode_ci;
/*!40101 SET character_set_client = @saved_cs_client */;

--
-- Dumping data for table `ext_translations`
--

LOCK TABLES `ext_translations` WRITE;
/*!40000 ALTER TABLE `ext_translations` DISABLE KEYS */;
/*!40000 ALTER TABLE `ext_translations` ENABLE KEYS */;
UNLOCK TABLES;

--
-- Table structure for table `factor`
--

DROP TABLE IF EXISTS `factor`;
/*!40101 SET @saved_cs_client     = @@character_set_client */;
/*!40101 SET character_set_client = utf8 */;
CREATE TABLE `factor` (
  `id` int(11) NOT NULL AUTO_INCREMENT,
  `created_by` int(11) DEFAULT NULL,
  `modified_by` int(11) DEFAULT NULL,
  `deleted_by` int(11) DEFAULT NULL,
  `survey_id` int(11) DEFAULT NULL,
  `created_at` datetime DEFAULT NULL,
  `modified_at` datetime DEFAULT NULL,
  `deleted_at` datetime DEFAULT NULL,
  `type` varchar(255) COLLATE utf8_unicode_ci DEFAULT NULL,
  `sequence` int(11) DEFAULT NULL,
  PRIMARY KEY (`id`),
  KEY `IDX_ED38EC00DE12AB56` (`created_by`),
  KEY `IDX_ED38EC0025F94802` (`modified_by`),
  KEY `IDX_ED38EC001F6FA0AF` (`deleted_by`),
  KEY `fk_factor_survey1_idx` (`survey_id`),
  CONSTRAINT `FK_ED38EC001F6FA0AF` FOREIGN KEY (`deleted_by`) REFERENCES `person` (`id`),
  CONSTRAINT `FK_ED38EC0025F94802` FOREIGN KEY (`modified_by`) REFERENCES `person` (`id`),
  CONSTRAINT `FK_ED38EC00B3FE509D` FOREIGN KEY (`survey_id`) REFERENCES `survey` (`id`),
  CONSTRAINT `FK_ED38EC00DE12AB56` FOREIGN KEY (`created_by`) REFERENCES `person` (`id`)
) ENGINE=InnoDB DEFAULT CHARSET=utf8 COLLATE=utf8_unicode_ci;
/*!40101 SET character_set_client = @saved_cs_client */;

--
-- Dumping data for table `factor`
--

LOCK TABLES `factor` WRITE;
/*!40000 ALTER TABLE `factor` DISABLE KEYS */;
/*!40000 ALTER TABLE `factor` ENABLE KEYS */;
UNLOCK TABLES;

--
-- Table structure for table `factor_lang`
--

DROP TABLE IF EXISTS `factor_lang`;
/*!40101 SET @saved_cs_client     = @@character_set_client */;
/*!40101 SET character_set_client = utf8 */;
CREATE TABLE `factor_lang` (
  `factor_id` int(11) NOT NULL,
  `lang_id` int(11) NOT NULL,
  `created_by` int(11) DEFAULT NULL,
  `modified_by` int(11) DEFAULT NULL,
  `deleted_by` int(11) DEFAULT NULL,
  `created_at` datetime DEFAULT NULL,
  `modified_at` datetime DEFAULT NULL,
  `deleted_at` datetime DEFAULT NULL,
  `name` varchar(200) COLLATE utf8_unicode_ci DEFAULT NULL,
  `id` int(11) NOT NULL AUTO_INCREMENT,
  PRIMARY KEY (`id`),
  KEY `IDX_312D3370DE12AB56` (`created_by`),
  KEY `IDX_312D337025F94802` (`modified_by`),
  KEY `IDX_312D33701F6FA0AF` (`deleted_by`),
  KEY `IDX_312D3370B213FA4` (`lang_id`),
  KEY `fk_factors_lang_factors1_idx` (`factor_id`),
  CONSTRAINT `FK_312D33701F6FA0AF` FOREIGN KEY (`deleted_by`) REFERENCES `person` (`id`),
  CONSTRAINT `FK_312D337025F94802` FOREIGN KEY (`modified_by`) REFERENCES `person` (`id`),
  CONSTRAINT `FK_312D3370B213FA4` FOREIGN KEY (`lang_id`) REFERENCES `language_master` (`id`),
  CONSTRAINT `FK_312D3370BC88C1A3` FOREIGN KEY (`factor_id`) REFERENCES `factor` (`id`),
  CONSTRAINT `FK_312D3370DE12AB56` FOREIGN KEY (`created_by`) REFERENCES `person` (`id`)
) ENGINE=InnoDB DEFAULT CHARSET=utf8 COLLATE=utf8_unicode_ci;
/*!40101 SET character_set_client = @saved_cs_client */;

--
-- Dumping data for table `factor_lang`
--

LOCK TABLES `factor_lang` WRITE;
/*!40000 ALTER TABLE `factor_lang` DISABLE KEYS */;
/*!40000 ALTER TABLE `factor_lang` ENABLE KEYS */;
UNLOCK TABLES;

--
-- Table structure for table `factor_questions`
--

DROP TABLE IF EXISTS `factor_questions`;
/*!40101 SET @saved_cs_client     = @@character_set_client */;
/*!40101 SET character_set_client = utf8 */;
CREATE TABLE `factor_questions` (
  `id` int(11) NOT NULL AUTO_INCREMENT,
  `created_by` int(11) DEFAULT NULL,
  `modified_by` int(11) DEFAULT NULL,
  `deleted_by` int(11) DEFAULT NULL,
  `factor_id` int(11) DEFAULT NULL,
  `ebi_question_id` int(11) DEFAULT NULL,
  `survey_questions_id` int(11) DEFAULT NULL,
  `created_at` datetime DEFAULT NULL,
  `modified_at` datetime DEFAULT NULL,
  `deleted_at` datetime DEFAULT NULL,
  PRIMARY KEY (`id`),
  KEY `IDX_2F1D0828DE12AB56` (`created_by`),
  KEY `IDX_2F1D082825F94802` (`modified_by`),
  KEY `IDX_2F1D08281F6FA0AF` (`deleted_by`),
  KEY `fk_factor_questions_ebi_question1_idx` (`ebi_question_id`),
  KEY `fk_factor_questions_survey_questions1_idx` (`survey_questions_id`),
  KEY `fk_factor_questions_factor1` (`factor_id`,`ebi_question_id`),
  KEY `modified` (`modified_at`,`created_at`),
  CONSTRAINT `FK_2F1D08281F6FA0AF` FOREIGN KEY (`deleted_by`) REFERENCES `person` (`id`),
  CONSTRAINT `FK_2F1D082825F94802` FOREIGN KEY (`modified_by`) REFERENCES `person` (`id`),
  CONSTRAINT `FK_2F1D082879F0E193` FOREIGN KEY (`ebi_question_id`) REFERENCES `ebi_question` (`id`),
  CONSTRAINT `FK_2F1D0828BC88C1A3` FOREIGN KEY (`factor_id`) REFERENCES `factor` (`id`),
  CONSTRAINT `FK_2F1D0828CC63389E` FOREIGN KEY (`survey_questions_id`) REFERENCES `survey_questions` (`id`),
  CONSTRAINT `FK_2F1D0828DE12AB56` FOREIGN KEY (`created_by`) REFERENCES `person` (`id`)
) ENGINE=InnoDB DEFAULT CHARSET=utf8 COLLATE=utf8_unicode_ci;
/*!40101 SET character_set_client = @saved_cs_client */;

--
-- Dumping data for table `factor_questions`
--

LOCK TABLES `factor_questions` WRITE;
/*!40000 ALTER TABLE `factor_questions` DISABLE KEYS */;
/*!40000 ALTER TABLE `factor_questions` ENABLE KEYS */;
UNLOCK TABLES;

--
-- Table structure for table `feature_master`
--

DROP TABLE IF EXISTS `feature_master`;
/*!40101 SET @saved_cs_client     = @@character_set_client */;
/*!40101 SET character_set_client = utf8 */;
CREATE TABLE `feature_master` (
  `id` int(11) NOT NULL AUTO_INCREMENT,
  `created_by` int(11) DEFAULT NULL,
  `created_at` datetime DEFAULT NULL,
  `modified_by` int(11) DEFAULT NULL,
  `modified_at` datetime DEFAULT NULL,
  `deleted_by` int(11) DEFAULT NULL,
  `deleted_at` datetime DEFAULT NULL,
  PRIMARY KEY (`id`)
) ENGINE=InnoDB AUTO_INCREMENT=9 DEFAULT CHARSET=utf8 COLLATE=utf8_unicode_ci;
/*!40101 SET character_set_client = @saved_cs_client */;

--
-- Dumping data for table `feature_master`
--

LOCK TABLES `feature_master` WRITE;
/*!40000 ALTER TABLE `feature_master` DISABLE KEYS */;
INSERT INTO `feature_master` VALUES
(1,NULL,NULL,NULL,NULL,NULL,NULL),
(2,NULL,NULL,NULL,NULL,NULL,NULL),
(3,NULL,NULL,NULL,NULL,NULL,NULL),
(4,NULL,NULL,NULL,NULL,NULL,NULL),
(5,NULL,NULL,NULL,NULL,NULL,NULL),
(6,NULL,NULL,NULL,NULL,NULL,NULL),
(7,NULL,NULL,NULL,NULL,NULL,NULL),
(8,NULL,NULL,NULL,NULL,NULL,NULL);
/*!40000 ALTER TABLE `feature_master` ENABLE KEYS */;
UNLOCK TABLES;

--
-- Table structure for table `feature_master_lang`
--

DROP TABLE IF EXISTS `feature_master_lang`;
/*!40101 SET @saved_cs_client     = @@character_set_client */;
/*!40101 SET character_set_client = utf8 */;
CREATE TABLE `feature_master_lang` (
  `id` int(11) NOT NULL AUTO_INCREMENT,
  `feature_master_id` int(11) DEFAULT NULL,
  `lang_id` int(11) DEFAULT NULL,
  `created_by` int(11) DEFAULT NULL,
  `created_at` datetime DEFAULT NULL,
  `modified_by` int(11) DEFAULT NULL,
  `modified_at` datetime DEFAULT NULL,
  `deleted_by` int(11) DEFAULT NULL,
  `deleted_at` datetime DEFAULT NULL,
  `feature_name` varchar(100) COLLATE utf8_unicode_ci DEFAULT NULL,
  PRIMARY KEY (`id`),
  KEY `IDX_C2AF353CA5AC1B83` (`feature_master_id`),
  KEY `IDX_C2AF353CB213FA4` (`lang_id`),
  CONSTRAINT `FK_C2AF353CA5AC1B83` FOREIGN KEY (`feature_master_id`) REFERENCES `feature_master` (`id`),
  CONSTRAINT `FK_C2AF353CB213FA4` FOREIGN KEY (`lang_id`) REFERENCES `language_master` (`id`)
) ENGINE=InnoDB AUTO_INCREMENT=9 DEFAULT CHARSET=utf8 COLLATE=utf8_unicode_ci;
/*!40101 SET character_set_client = @saved_cs_client */;

--
-- Dumping data for table `feature_master_lang`
--

LOCK TABLES `feature_master_lang` WRITE;
/*!40000 ALTER TABLE `feature_master_lang` DISABLE KEYS */;
INSERT INTO `feature_master_lang` VALUES
(1,1,1,NULL,NULL,NULL,NULL,NULL,NULL,'Referrals'),
(2,2,1,NULL,NULL,NULL,NULL,NULL,NULL,'Notes'),
(3,3,1,NULL,NULL,NULL,NULL,NULL,NULL,'Log Contacts'),
(4,4,1,NULL,NULL,NULL,NULL,NULL,NULL,'Booking'),
(5,5,1,NULL,NULL,NULL,NULL,NULL,NULL,'Student Referrals'),
(6,6,1,NULL,NULL,NULL,NULL,NULL,NULL,'Reason Routing'),
(7,7,1,NULL,NULL,NULL,NULL,NULL,NULL,'Email'),
(8,8,1,NULL,NULL,NULL,NULL,NULL,NULL,'Primary Campus Connection Referral Routing');
/*!40000 ALTER TABLE `feature_master_lang` ENABLE KEYS */;
UNLOCK TABLES;

--
-- Temporary table structure for view `group_course_discriminator`
--

DROP TABLE IF EXISTS `group_course_discriminator`;
/*!50001 DROP VIEW IF EXISTS `group_course_discriminator`*/;
SET @saved_cs_client     = @@character_set_client;
SET character_set_client = utf8;
/*!50001 CREATE TABLE `group_course_discriminator` (
  `association` tinyint NOT NULL
) ENGINE=MyISAM */;
SET character_set_client = @saved_cs_client;

--
-- Table structure for table `ind_question`
--

DROP TABLE IF EXISTS `ind_question`;
/*!40101 SET @saved_cs_client     = @@character_set_client */;
/*!40101 SET character_set_client = utf8 */;
CREATE TABLE `ind_question` (
  `id` int(11) NOT NULL AUTO_INCREMENT,
  `created_by` int(11) DEFAULT NULL,
  `modified_by` int(11) DEFAULT NULL,
  `deleted_by` int(11) DEFAULT NULL,
  `question_type_id` varchar(4) COLLATE utf8_unicode_ci DEFAULT NULL,
  `question_category_id` int(11) DEFAULT NULL,
  `survey_id` int(11) DEFAULT NULL,
  `created_at` datetime DEFAULT NULL,
  `modified_at` datetime DEFAULT NULL,
  `deleted_at` datetime DEFAULT NULL,
  `has_other` tinyint(1) DEFAULT NULL,
  `external_id` varchar(45) COLLATE utf8_unicode_ci DEFAULT NULL,
  PRIMARY KEY (`id`),
  KEY `IDX_6ABE9142DE12AB56` (`created_by`),
  KEY `IDX_6ABE914225F94802` (`modified_by`),
  KEY `IDX_6ABE91421F6FA0AF` (`deleted_by`),
  KEY `fk_ind_question_question_category1_idx` (`question_category_id`),
  KEY `fk_ind_question_survey1_idx` (`survey_id`),
  KEY `fk_ind_question_question_type1_idx` (`question_type_id`),
  CONSTRAINT `FK_6ABE91421F6FA0AF` FOREIGN KEY (`deleted_by`) REFERENCES `person` (`id`),
  CONSTRAINT `FK_6ABE914225F94802` FOREIGN KEY (`modified_by`) REFERENCES `person` (`id`),
  CONSTRAINT `FK_6ABE9142B3FE509D` FOREIGN KEY (`survey_id`) REFERENCES `survey` (`id`),
  CONSTRAINT `FK_6ABE9142CB90598E` FOREIGN KEY (`question_type_id`) REFERENCES `question_type` (`id`),
  CONSTRAINT `FK_6ABE9142DE12AB56` FOREIGN KEY (`created_by`) REFERENCES `person` (`id`),
  CONSTRAINT `FK_6ABE9142F142426F` FOREIGN KEY (`question_category_id`) REFERENCES `question_category` (`id`)
) ENGINE=InnoDB DEFAULT CHARSET=utf8 COLLATE=utf8_unicode_ci;
/*!40101 SET character_set_client = @saved_cs_client */;

--
-- Dumping data for table `ind_question`
--

LOCK TABLES `ind_question` WRITE;
/*!40000 ALTER TABLE `ind_question` DISABLE KEYS */;
/*!40000 ALTER TABLE `ind_question` ENABLE KEYS */;
UNLOCK TABLES;

--
-- Table structure for table `ind_questions_lang`
--

DROP TABLE IF EXISTS `ind_questions_lang`;
/*!40101 SET @saved_cs_client     = @@character_set_client */;
/*!40101 SET character_set_client = utf8 */;
CREATE TABLE `ind_questions_lang` (
  `ind_question_id` int(11) NOT NULL,
  `lang_id` int(11) NOT NULL,
  `created_by` int(11) DEFAULT NULL,
  `modified_by` int(11) DEFAULT NULL,
  `deleted_by` int(11) DEFAULT NULL,
  `created_at` datetime DEFAULT NULL,
  `modified_at` datetime DEFAULT NULL,
  `deleted_at` datetime DEFAULT NULL,
  `question_text` varchar(3000) COLLATE utf8_unicode_ci DEFAULT NULL,
  `question_rpt` varchar(3000) COLLATE utf8_unicode_ci DEFAULT NULL,
  PRIMARY KEY (`ind_question_id`,`lang_id`),
  KEY `IDX_80610F30DE12AB56` (`created_by`),
  KEY `IDX_80610F3025F94802` (`modified_by`),
  KEY `IDX_80610F301F6FA0AF` (`deleted_by`),
  KEY `fk_survey_questions_lang_language_master1_idx` (`lang_id`),
  KEY `fk_survey_questions_lang_ind_question1_idx` (`ind_question_id`),
  CONSTRAINT `FK_80610F301F6FA0AF` FOREIGN KEY (`deleted_by`) REFERENCES `person` (`id`),
  CONSTRAINT `FK_80610F3025F94802` FOREIGN KEY (`modified_by`) REFERENCES `person` (`id`),
  CONSTRAINT `FK_80610F3051DCB924` FOREIGN KEY (`ind_question_id`) REFERENCES `ind_question` (`id`),
  CONSTRAINT `FK_80610F30B213FA4` FOREIGN KEY (`lang_id`) REFERENCES `language_master` (`id`),
  CONSTRAINT `FK_80610F30DE12AB56` FOREIGN KEY (`created_by`) REFERENCES `person` (`id`)
) ENGINE=InnoDB DEFAULT CHARSET=utf8 COLLATE=utf8_unicode_ci;
/*!40101 SET character_set_client = @saved_cs_client */;

--
-- Dumping data for table `ind_questions_lang`
--

LOCK TABLES `ind_questions_lang` WRITE;
/*!40000 ALTER TABLE `ind_questions_lang` DISABLE KEYS */;
/*!40000 ALTER TABLE `ind_questions_lang` ENABLE KEYS */;
UNLOCK TABLES;

--
-- Table structure for table `intent_to_leave`
--

DROP TABLE IF EXISTS `intent_to_leave`;
/*!40101 SET @saved_cs_client     = @@character_set_client */;
/*!40101 SET character_set_client = utf8 */;
CREATE TABLE `intent_to_leave` (
  `id` int(11) NOT NULL AUTO_INCREMENT,
  `created_by` int(11) DEFAULT NULL,
  `modified_by` int(11) DEFAULT NULL,
  `deleted_by` int(11) DEFAULT NULL,
  `created_at` datetime DEFAULT NULL,
  `modified_at` datetime DEFAULT NULL,
  `deleted_at` datetime DEFAULT NULL,
  `text` varchar(10) COLLATE utf8_unicode_ci DEFAULT NULL,
  `image_name` varchar(200) COLLATE utf8_unicode_ci DEFAULT NULL,
  `color_hex` varchar(7) COLLATE utf8_unicode_ci DEFAULT NULL,
  `min_value` decimal(8,4) DEFAULT NULL,
  `max_value` decimal(8,4) DEFAULT NULL,
  PRIMARY KEY (`id`),
  KEY `IDX_CB20FE3ADE12AB56` (`created_by`),
  KEY `IDX_CB20FE3A25F94802` (`modified_by`),
  KEY `IDX_CB20FE3A1F6FA0AF` (`deleted_by`),
  CONSTRAINT `FK_CB20FE3A1F6FA0AF` FOREIGN KEY (`deleted_by`) REFERENCES `person` (`id`),
  CONSTRAINT `FK_CB20FE3A25F94802` FOREIGN KEY (`modified_by`) REFERENCES `person` (`id`),
  CONSTRAINT `FK_CB20FE3ADE12AB56` FOREIGN KEY (`created_by`) REFERENCES `person` (`id`)
) ENGINE=InnoDB AUTO_INCREMENT=6 DEFAULT CHARSET=utf8 COLLATE=utf8_unicode_ci;
/*!40101 SET character_set_client = @saved_cs_client */;

--
-- Dumping data for table `intent_to_leave`
--

LOCK TABLES `intent_to_leave` WRITE;
/*!40000 ALTER TABLE `intent_to_leave` DISABLE KEYS */;
INSERT INTO `intent_to_leave` VALUES
(1,NULL,NULL,NULL,NULL,NULL,NULL,'red','leave-intent-leave-stated.png','#c70009',1.0000,3.0000),
(2,NULL,NULL,NULL,NULL,NULL,NULL,'green','leave-intent-stay-stated.png','#95cd3c',6.0000,7.0000),
(3,NULL,NULL,NULL,NULL,NULL,NULL,'yellow','leave-intent-leave-implied.png','#fec82a',4.0000,5.0000),
(4,NULL,NULL,NULL,NULL,NULL,NULL,'gray','leave-intent-not-stated.png','#cccccc',99.0000,99.0000),
(5,NULL,NULL,NULL,NULL,NULL,NULL,'dark gray','intent-to-leave-icons-dark-grey.png','#626161',NULL,NULL);
/*!40000 ALTER TABLE `intent_to_leave` ENABLE KEYS */;
UNLOCK TABLES;

--
-- Table structure for table `issue`
--

DROP TABLE IF EXISTS `issue`;
/*!40101 SET @saved_cs_client     = @@character_set_client */;
/*!40101 SET character_set_client = utf8 */;
CREATE TABLE `issue` (
  `id` int(11) NOT NULL AUTO_INCREMENT,
  `created_by` int(11) DEFAULT NULL,
  `modified_by` int(11) DEFAULT NULL,
  `deleted_by` int(11) DEFAULT NULL,
  `survey_id` int(11) DEFAULT NULL,
  `survey_questions_id` int(11) DEFAULT NULL,
  `factor_id` int(11) DEFAULT NULL,
  `created_at` datetime DEFAULT NULL,
  `modified_at` datetime DEFAULT NULL,
  `deleted_at` datetime DEFAULT NULL,
  `min` decimal(8,4) DEFAULT NULL,
  `max` decimal(8,4) DEFAULT NULL,
  `start_date` date DEFAULT NULL,
  `end_date` date DEFAULT NULL,
  `icon` varchar(255) COLLATE utf8_unicode_ci DEFAULT NULL,
  `thumbnail` varchar(255) COLLATE utf8_unicode_ci DEFAULT NULL,
  PRIMARY KEY (`id`),
  KEY `IDX_12AD233EDE12AB56` (`created_by`),
  KEY `IDX_12AD233E25F94802` (`modified_by`),
  KEY `IDX_12AD233E1F6FA0AF` (`deleted_by`),
  KEY `fk_issue_survey1_idx` (`survey_id`),
  KEY `fk_issue_survey_questions1_idx` (`survey_questions_id`),
  KEY `fk_issue_factor1_idx` (`factor_id`),
  KEY `survey_question` (`survey_questions_id`,`survey_id`),
  KEY `survey_delete` (`survey_id`,`deleted_at`),
  CONSTRAINT `FK_12AD233E1F6FA0AF` FOREIGN KEY (`deleted_by`) REFERENCES `person` (`id`),
  CONSTRAINT `FK_12AD233E25F94802` FOREIGN KEY (`modified_by`) REFERENCES `person` (`id`),
  CONSTRAINT `FK_12AD233EB3FE509D` FOREIGN KEY (`survey_id`) REFERENCES `survey` (`id`),
  CONSTRAINT `FK_12AD233EBC88C1A3` FOREIGN KEY (`factor_id`) REFERENCES `factor` (`id`),
  CONSTRAINT `FK_12AD233ECC63389E` FOREIGN KEY (`survey_questions_id`) REFERENCES `survey_questions` (`id`),
  CONSTRAINT `FK_12AD233EDE12AB56` FOREIGN KEY (`created_by`) REFERENCES `person` (`id`)
) ENGINE=InnoDB DEFAULT CHARSET=utf8 COLLATE=utf8_unicode_ci;
/*!40101 SET character_set_client = @saved_cs_client */;

--
-- Dumping data for table `issue`
--

LOCK TABLES `issue` WRITE;
/*!40000 ALTER TABLE `issue` DISABLE KEYS */;
/*!40000 ALTER TABLE `issue` ENABLE KEYS */;
UNLOCK TABLES;

--
-- Table structure for table `issue_lang`
--

DROP TABLE IF EXISTS `issue_lang`;
/*!40101 SET @saved_cs_client     = @@character_set_client */;
/*!40101 SET character_set_client = utf8 */;
CREATE TABLE `issue_lang` (
  `id` int(11) NOT NULL AUTO_INCREMENT,
  `created_by` int(11) DEFAULT NULL,
  `modified_by` int(11) DEFAULT NULL,
  `deleted_by` int(11) DEFAULT NULL,
  `issue_id` int(11) NOT NULL,
  `lang_id` int(11) NOT NULL,
  `created_at` datetime DEFAULT NULL,
  `modified_at` datetime DEFAULT NULL,
  `deleted_at` datetime DEFAULT NULL,
  `name` varchar(200) COLLATE utf8_unicode_ci DEFAULT NULL,
  PRIMARY KEY (`id`),
  KEY `IDX_69EE4CAEDE12AB56` (`created_by`),
  KEY `IDX_69EE4CAE25F94802` (`modified_by`),
  KEY `IDX_69EE4CAE1F6FA0AF` (`deleted_by`),
  KEY `fk_issue_lang_issue1_idx` (`issue_id`),
  KEY `fk_issue_lang_language_master1_idx` (`lang_id`),
  CONSTRAINT `FK_69EE4CAE1F6FA0AF` FOREIGN KEY (`deleted_by`) REFERENCES `person` (`id`),
  CONSTRAINT `FK_69EE4CAE25F94802` FOREIGN KEY (`modified_by`) REFERENCES `person` (`id`),
  CONSTRAINT `FK_69EE4CAE5E7AA58C` FOREIGN KEY (`issue_id`) REFERENCES `issue` (`id`),
  CONSTRAINT `FK_69EE4CAEB213FA4` FOREIGN KEY (`lang_id`) REFERENCES `language_master` (`id`),
  CONSTRAINT `FK_69EE4CAEDE12AB56` FOREIGN KEY (`created_by`) REFERENCES `person` (`id`)
) ENGINE=InnoDB DEFAULT CHARSET=utf8 COLLATE=utf8_unicode_ci;
/*!40101 SET character_set_client = @saved_cs_client */;

--
-- Dumping data for table `issue_lang`
--

LOCK TABLES `issue_lang` WRITE;
/*!40000 ALTER TABLE `issue_lang` DISABLE KEYS */;
/*!40000 ALTER TABLE `issue_lang` ENABLE KEYS */;
UNLOCK TABLES;

--
-- Table structure for table `issue_options`
--

DROP TABLE IF EXISTS `issue_options`;
/*!40101 SET @saved_cs_client     = @@character_set_client */;
/*!40101 SET character_set_client = utf8 */;
CREATE TABLE `issue_options` (
  `id` int(11) NOT NULL AUTO_INCREMENT,
  `created_by` int(11) DEFAULT NULL,
  `modified_by` int(11) DEFAULT NULL,
  `deleted_by` int(11) DEFAULT NULL,
  `issue_id` int(11) DEFAULT NULL,
  `ebi_question_options_id` int(11) DEFAULT NULL,
  `created_at` datetime DEFAULT NULL,
  `modified_at` datetime DEFAULT NULL,
  `deleted_at` datetime DEFAULT NULL,
  PRIMARY KEY (`id`),
  KEY `IDX_75CDBF66DE12AB56` (`created_by`),
  KEY `IDX_75CDBF6625F94802` (`modified_by`),
  KEY `IDX_75CDBF661F6FA0AF` (`deleted_by`),
  KEY `fk_issue_options_issue1_idx` (`issue_id`),
  KEY `fk_issue_options_ebi_question_options1_idx` (`ebi_question_options_id`),
  KEY `issue-option` (`issue_id`,`ebi_question_options_id`),
  CONSTRAINT `FK_75CDBF661F6FA0AF` FOREIGN KEY (`deleted_by`) REFERENCES `person` (`id`),
  CONSTRAINT `FK_75CDBF6625F94802` FOREIGN KEY (`modified_by`) REFERENCES `person` (`id`),
  CONSTRAINT `FK_75CDBF665E7AA58C` FOREIGN KEY (`issue_id`) REFERENCES `issue` (`id`),
  CONSTRAINT `FK_75CDBF667586C8EA` FOREIGN KEY (`ebi_question_options_id`) REFERENCES `ebi_question_options` (`id`),
  CONSTRAINT `FK_75CDBF66DE12AB56` FOREIGN KEY (`created_by`) REFERENCES `person` (`id`)
) ENGINE=InnoDB DEFAULT CHARSET=utf8 COLLATE=utf8_unicode_ci;
/*!40101 SET character_set_client = @saved_cs_client */;

--
-- Dumping data for table `issue_options`
--

LOCK TABLES `issue_options` WRITE;
/*!40000 ALTER TABLE `issue_options` DISABLE KEYS */;
/*!40000 ALTER TABLE `issue_options` ENABLE KEYS */;
UNLOCK TABLES;

--
-- Table structure for table `issues_student_staff_mapping`
--

DROP TABLE IF EXISTS `issues_student_staff_mapping`;
/*!40101 SET @saved_cs_client     = @@character_set_client */;
/*!40101 SET character_set_client = utf8 */;
CREATE TABLE `issues_student_staff_mapping` (
  `id` int(11) NOT NULL AUTO_INCREMENT,
  `issues_input_id` int(11) NOT NULL,
  `org_id` int(11) DEFAULT NULL,
  `staff_id` int(11) DEFAULT NULL,
  `calculated_at` datetime DEFAULT NULL,
  PRIMARY KEY (`id`),
  KEY `issues_student_staff_mapping_org_id` (`org_id`),
  KEY `issues_student_staff_mapping_staff_id` (`staff_id`)
) ENGINE=InnoDB DEFAULT CHARSET=utf8;
/*!40101 SET character_set_client = @saved_cs_client */;

--
-- Dumping data for table `issues_student_staff_mapping`
--

LOCK TABLES `issues_student_staff_mapping` WRITE;
/*!40000 ALTER TABLE `issues_student_staff_mapping` DISABLE KEYS */;
/*!40000 ALTER TABLE `issues_student_staff_mapping` ENABLE KEYS */;
UNLOCK TABLES;

--
-- Table structure for table `language_master`
--

DROP TABLE IF EXISTS `language_master`;
/*!40101 SET @saved_cs_client     = @@character_set_client */;
/*!40101 SET character_set_client = utf8 */;
CREATE TABLE `language_master` (
  `id` int(11) NOT NULL AUTO_INCREMENT,
  `created_by` int(11) DEFAULT NULL,
  `created_at` datetime DEFAULT NULL,
  `modified_by` int(11) DEFAULT NULL,
  `modified_at` datetime DEFAULT NULL,
  `deleted_by` int(11) DEFAULT NULL,
  `deleted_at` datetime DEFAULT NULL,
  `langcode` varchar(10) COLLATE utf8_unicode_ci DEFAULT NULL,
  `langdescription` varchar(45) COLLATE utf8_unicode_ci DEFAULT NULL,
  `issystemdefault` tinyint(1) DEFAULT NULL,
  PRIMARY KEY (`id`)
) ENGINE=InnoDB AUTO_INCREMENT=2 DEFAULT CHARSET=utf8 COLLATE=utf8_unicode_ci;
/*!40101 SET character_set_client = @saved_cs_client */;

--
-- Dumping data for table `language_master`
--

LOCK TABLES `language_master` WRITE;
/*!40000 ALTER TABLE `language_master` DISABLE KEYS */;
INSERT INTO `language_master` VALUES
(1,NULL,NULL,NULL,NULL,NULL,NULL,'en_US','US English',1);
/*!40000 ALTER TABLE `language_master` ENABLE KEYS */;
UNLOCK TABLES;

--
-- Table structure for table `messages`
--

DROP TABLE IF EXISTS `messages`;
/*!40101 SET @saved_cs_client     = @@character_set_client */;
/*!40101 SET character_set_client = utf8 */;
CREATE TABLE `messages` (
  `id` int(11) NOT NULL AUTO_INCREMENT,
  `message` varchar(255) NOT NULL,
  `created_at` datetime NOT NULL,
  PRIMARY KEY (`id`)
) ENGINE=InnoDB AUTO_INCREMENT=14 DEFAULT CHARSET=latin1;
/*!40101 SET character_set_client = @saved_cs_client */;

--
-- Dumping data for table `messages`
--

LOCK TABLES `messages` WRITE;
/*!40000 ALTER TABLE `messages` DISABLE KEYS */;
INSERT INTO `messages` VALUES
(1,'2. --> CreateTemptables2','2015-06-12 18:34:55'),
(2,'1. --> event_risk_calcinsert','2015-06-12 18:34:55'),
(3,'3. <-- CreateTemptables2','2015-06-12 18:34:55'),
(4,'4. Count Got from org_riskval_calc_inputs = 0','2015-06-12 18:34:55'),
(5,'1. --> event_risk_calcinsert','2015-06-24 13:47:16'),
(6,'2. --> CreateTemptables2','2015-06-24 13:47:16'),
(7,'3. <-- CreateTemptables2','2015-06-24 13:47:16'),
(8,'4. Count Got from org_riskval_calc_inputs = 0','2015-06-24 13:47:16'),
(9,'2. --> CreateTemptables2','2015-06-24 13:47:18'),
(10,'1. --> event_risk_calcinsert','2015-06-24 13:47:18'),
(11,'3. <-- CreateTemptables2','2015-06-24 13:47:18'),
(12,'4. Count Got from org_riskval_calc_inputs = 0','2015-06-24 13:47:18'),
(13,'51. --> get all the student id and orgId','2015-09-03 15:25:43');
/*!40000 ALTER TABLE `messages` ENABLE KEYS */;
UNLOCK TABLES;

--
-- Table structure for table `metadata_list_values`
--

DROP TABLE IF EXISTS `metadata_list_values`;
/*!40101 SET @saved_cs_client     = @@character_set_client */;
/*!40101 SET character_set_client = utf8 */;
CREATE TABLE `metadata_list_values` (
  `id` int(11) NOT NULL AUTO_INCREMENT,
  `metadata_id` int(11) DEFAULT NULL,
  `lang_id` int(11) DEFAULT NULL,
  `created_by` int(11) DEFAULT NULL,
  `created_at` datetime DEFAULT NULL,
  `modified_by` int(11) DEFAULT NULL,
  `modified_at` datetime DEFAULT NULL,
  `deleted_by` int(11) DEFAULT NULL,
  `deleted_at` datetime DEFAULT NULL,
  `list_name` varchar(255) COLLATE utf8_unicode_ci DEFAULT NULL,
  `list_value` varchar(255) COLLATE utf8_unicode_ci DEFAULT NULL,
  `sequence` int(11) DEFAULT NULL,
  PRIMARY KEY (`id`),
  KEY `IDX_45093F6FDC9EE959` (`metadata_id`),
  KEY `IDX_45093F6FB213FA4` (`lang_id`),
  CONSTRAINT `FK_45093F6FB213FA4` FOREIGN KEY (`lang_id`) REFERENCES `language_master` (`id`),
  CONSTRAINT `FK_45093F6FDC9EE959` FOREIGN KEY (`metadata_id`) REFERENCES `metadata_master` (`id`)
) ENGINE=InnoDB AUTO_INCREMENT=582 DEFAULT CHARSET=utf8 COLLATE=utf8_unicode_ci;
/*!40101 SET character_set_client = @saved_cs_client */;

--
-- Dumping data for table `metadata_list_values`
--

LOCK TABLES `metadata_list_values` WRITE;
/*!40000 ALTER TABLE `metadata_list_values` DISABLE KEYS */;
INSERT INTO `metadata_list_values` VALUES
(1,1,1,NULL,NULL,NULL,NULL,NULL,NULL,'Abidjan','Africa/Abidjan',1),
(2,1,1,NULL,NULL,NULL,NULL,NULL,NULL,'Accra','Africa/Accra',2),
(3,1,1,NULL,NULL,NULL,NULL,NULL,NULL,'Addis_Ababa','Africa/Addis_Ababa',3),
(4,1,1,NULL,NULL,NULL,NULL,NULL,NULL,'Algiers','Africa/Algiers',4),
(5,1,1,NULL,NULL,NULL,NULL,NULL,NULL,'Asmara','Africa/Asmara',5),
(6,1,1,NULL,NULL,NULL,NULL,NULL,NULL,'Asmera','Africa/Asmera',6),
(7,1,1,NULL,NULL,NULL,NULL,NULL,NULL,'Bamako','Africa/Bamako',7),
(8,1,1,NULL,NULL,NULL,NULL,NULL,NULL,'Bangui','Africa/Bangui',8),
(9,1,1,NULL,NULL,NULL,NULL,NULL,NULL,'Banjul','Africa/Banjul',9),
(10,1,1,NULL,NULL,NULL,NULL,NULL,NULL,'Bissau','Africa/Bissau',10),
(11,1,1,NULL,NULL,NULL,NULL,NULL,NULL,'Blantyre','Africa/Blantyre',11),
(12,1,1,NULL,NULL,NULL,NULL,NULL,NULL,'Brazzaville','Africa/Brazzaville',12),
(13,1,1,NULL,NULL,NULL,NULL,NULL,NULL,'Bujumbura','Africa/Bujumbura',13),
(14,1,1,NULL,NULL,NULL,NULL,NULL,NULL,'Cairo','Africa/Cairo',14),
(15,1,1,NULL,NULL,NULL,NULL,NULL,NULL,'Casablanca','Africa/Casablanca',15),
(16,1,1,NULL,NULL,NULL,NULL,NULL,NULL,'Ceuta','Africa/Ceuta',16),
(17,1,1,NULL,NULL,NULL,NULL,NULL,NULL,'Conakry','Africa/Conakry',17),
(18,1,1,NULL,NULL,NULL,NULL,NULL,NULL,'Dakar','Africa/Dakar',18),
(19,1,1,NULL,NULL,NULL,NULL,NULL,NULL,'Dar_es_Salaam','Africa/Dar_es_Salaam',19),
(20,1,1,NULL,NULL,NULL,NULL,NULL,NULL,'Djibouti','Africa/Djibouti',20),
(21,1,1,NULL,NULL,NULL,NULL,NULL,NULL,'Douala','Africa/Douala',21),
(22,1,1,NULL,NULL,NULL,NULL,NULL,NULL,'El_Aaiun','Africa/El_Aaiun',22),
(23,1,1,NULL,NULL,NULL,NULL,NULL,NULL,'Freetown','Africa/Freetown',23),
(24,1,1,NULL,NULL,NULL,NULL,NULL,NULL,'Gaborone','Africa/Gaborone',24),
(25,1,1,NULL,NULL,NULL,NULL,NULL,NULL,'Harare','Africa/Harare',25),
(26,1,1,NULL,NULL,NULL,NULL,NULL,NULL,'Johannesburg','Africa/Johannesburg',26),
(27,1,1,NULL,NULL,NULL,NULL,NULL,NULL,'Juba','Africa/Juba',27),
(28,1,1,NULL,NULL,NULL,NULL,NULL,NULL,'Kampala','Africa/Kampala',28),
(29,1,1,NULL,NULL,NULL,NULL,NULL,NULL,'Khartoum','Africa/Khartoum',29),
(30,1,1,NULL,NULL,NULL,NULL,NULL,NULL,'Khartoum','Africa/Khartoum',30),
(31,1,1,NULL,NULL,NULL,NULL,NULL,NULL,'Kinshasa','Africa/Kinshasa',31),
(32,1,1,NULL,NULL,NULL,NULL,NULL,NULL,'Lagos','Africa/Lagos',32),
(33,1,1,NULL,NULL,NULL,NULL,NULL,NULL,'Libreville','Africa/Libreville',33),
(34,1,1,NULL,NULL,NULL,NULL,NULL,NULL,'Lome','Africa/Lome',34),
(35,1,1,NULL,NULL,NULL,NULL,NULL,NULL,'Luanda','Africa/Luanda',35),
(36,1,1,NULL,NULL,NULL,NULL,NULL,NULL,'Lubumbashi','Africa/Lubumbashi',36),
(37,1,1,NULL,NULL,NULL,NULL,NULL,NULL,'Lusaka','Africa/Lusaka',37),
(38,1,1,NULL,NULL,NULL,NULL,NULL,NULL,'Malabo','Africa/Malabo',38),
(39,1,1,NULL,NULL,NULL,NULL,NULL,NULL,'Maputo','Africa/Maputo',39),
(40,1,1,NULL,NULL,NULL,NULL,NULL,NULL,'Maseru','Africa/Maseru',40),
(41,1,1,NULL,NULL,NULL,NULL,NULL,NULL,'Mbabane','Africa/Mbabane',41),
(42,1,1,NULL,NULL,NULL,NULL,NULL,NULL,'Mogadishu','Africa/Mogadishu',42),
(43,1,1,NULL,NULL,NULL,NULL,NULL,NULL,'Monrovia','Africa/Monrovia',43),
(44,1,1,NULL,NULL,NULL,NULL,NULL,NULL,'Nairobi','Africa/Nairobi',44),
(45,1,1,NULL,NULL,NULL,NULL,NULL,NULL,'Ndjamena','Africa/Ndjamena',45),
(46,1,1,NULL,NULL,NULL,NULL,NULL,NULL,'Ndjamena','Africa/Ndjamena',46),
(47,1,1,NULL,NULL,NULL,NULL,NULL,NULL,'Nouakchott','Africa/Nouakchott',47),
(48,1,1,NULL,NULL,NULL,NULL,NULL,NULL,'Ouagadougou','Africa/Ouagadougou',48),
(49,1,1,NULL,NULL,NULL,NULL,NULL,NULL,'Porto-Novo','Africa/Porto-Novo',49),
(50,1,1,NULL,NULL,NULL,NULL,NULL,NULL,'Sao_Tome','Africa/Sao_Tome',50),
(51,1,1,NULL,NULL,NULL,NULL,NULL,NULL,'Timbuktu','Africa/Timbuktu',51),
(52,1,1,NULL,NULL,NULL,NULL,NULL,NULL,'Tripoli','Africa/Tripoli',52),
(53,1,1,NULL,NULL,NULL,NULL,NULL,NULL,'Tunis','Africa/Tunis',53),
(54,1,1,NULL,NULL,NULL,NULL,NULL,NULL,'Windhoek','Africa/Windhoek',54),
(55,1,1,NULL,NULL,NULL,NULL,NULL,NULL,'Adak','America/Adak',55),
(56,1,1,NULL,NULL,NULL,NULL,NULL,NULL,'Anchorage','America/Anchorage',56),
(57,1,1,NULL,NULL,NULL,NULL,NULL,NULL,'Anguilla','America/Anguilla',57),
(58,1,1,NULL,NULL,NULL,NULL,NULL,NULL,'Antigua','America/Antigua',58),
(59,1,1,NULL,NULL,NULL,NULL,NULL,NULL,'Araguaina','America/Araguaina',59),
(60,1,1,NULL,NULL,NULL,NULL,NULL,NULL,'Buenos_Aires','America/Argentina/Buenos_Aires',60),
(61,1,1,NULL,NULL,NULL,NULL,NULL,NULL,'Catamarca','America/Argentina/Catamarca',61),
(62,1,1,NULL,NULL,NULL,NULL,NULL,NULL,'ComodRivadavia','America/Argentina/ComodRivadavia',62),
(63,1,1,NULL,NULL,NULL,NULL,NULL,NULL,'Cordoba','America/Argentina/Cordoba',63),
(64,1,1,NULL,NULL,NULL,NULL,NULL,NULL,'Jujuy','America/Argentina/Jujuy',64),
(65,1,1,NULL,NULL,NULL,NULL,NULL,NULL,'La_Rioja','America/Argentina/La_Rioja',65),
(66,1,1,NULL,NULL,NULL,NULL,NULL,NULL,'Mendoza','America/Argentina/Mendoza',66),
(67,1,1,NULL,NULL,NULL,NULL,NULL,NULL,'Rio_Gallegos','America/Argentina/Rio_Gallegos',67),
(68,1,1,NULL,NULL,NULL,NULL,NULL,NULL,'Salta','America/Argentina/Salta',68),
(69,1,1,NULL,NULL,NULL,NULL,NULL,NULL,'San_Juan','America/Argentina/San_Juan',69),
(70,1,1,NULL,NULL,NULL,NULL,NULL,NULL,'San_Luis','America/Argentina/San_Luis',70),
(71,1,1,NULL,NULL,NULL,NULL,NULL,NULL,'Tucuman','America/Argentina/Tucuman',71),
(72,1,1,NULL,NULL,NULL,NULL,NULL,NULL,'Ushuaia','America/Argentina/Ushuaia',72),
(73,1,1,NULL,NULL,NULL,NULL,NULL,NULL,'Aruba','America/Aruba',73),
(74,1,1,NULL,NULL,NULL,NULL,NULL,NULL,'Asuncion','America/Asuncion',74),
(75,1,1,NULL,NULL,NULL,NULL,NULL,NULL,'Atikokan','America/Atikokan',75),
(76,1,1,NULL,NULL,NULL,NULL,NULL,NULL,'Atka','America/Atka',76),
(77,1,1,NULL,NULL,NULL,NULL,NULL,NULL,'Bahia','America/Bahia',77),
(78,1,1,NULL,NULL,NULL,NULL,NULL,NULL,'Bahia_Banderas','America/Bahia_Banderas',78),
(79,1,1,NULL,NULL,NULL,NULL,NULL,NULL,'Barbados','America/Barbados',79),
(80,1,1,NULL,NULL,NULL,NULL,NULL,NULL,'Belem','America/Belem',80),
(81,1,1,NULL,NULL,NULL,NULL,NULL,NULL,'Belize','America/Belize',81),
(82,1,1,NULL,NULL,NULL,NULL,NULL,NULL,'Blanc-Sablon','America/Blanc-Sablon',82),
(83,1,1,NULL,NULL,NULL,NULL,NULL,NULL,'Boa_Vista','America/Boa_Vista',83),
(84,1,1,NULL,NULL,NULL,NULL,NULL,NULL,'Bogota','America/Bogota',84),
(85,1,1,NULL,NULL,NULL,NULL,NULL,NULL,'Boise','America/Boise',85),
(86,1,1,NULL,NULL,NULL,NULL,NULL,NULL,'Buenos_Aires','America/Buenos_Aires',86),
(87,1,1,NULL,NULL,NULL,NULL,NULL,NULL,'Cambridge_Bay','America/Cambridge_Bay',87),
(88,1,1,NULL,NULL,NULL,NULL,NULL,NULL,'Campo_Grande','America/Campo_Grande',88),
(89,1,1,NULL,NULL,NULL,NULL,NULL,NULL,'Cancun','America/Cancun',89),
(90,1,1,NULL,NULL,NULL,NULL,NULL,NULL,'Caracas','America/Caracas',90),
(91,1,1,NULL,NULL,NULL,NULL,NULL,NULL,'Catamarca','America/Catamarca',91),
(92,1,1,NULL,NULL,NULL,NULL,NULL,NULL,'Cayenne','America/Cayenne',92),
(93,1,1,NULL,NULL,NULL,NULL,NULL,NULL,'Cayman','America/Cayman',93),
(94,1,1,NULL,NULL,NULL,NULL,NULL,NULL,'Chicago','America/Chicago',94),
(95,1,1,NULL,NULL,NULL,NULL,NULL,NULL,'Chihuahua','America/Chihuahua',95),
(96,1,1,NULL,NULL,NULL,NULL,NULL,NULL,'Coral_Harbour','America/Coral_Harbour',96),
(97,1,1,NULL,NULL,NULL,NULL,NULL,NULL,'Cordoba','America/Cordoba',97),
(98,1,1,NULL,NULL,NULL,NULL,NULL,NULL,'Costa_Rica','America/Costa_Rica',98),
(99,1,1,NULL,NULL,NULL,NULL,NULL,NULL,'Creston','America/Creston',99),
(100,1,1,NULL,NULL,NULL,NULL,NULL,NULL,'Cuiaba','America/Cuiaba',100),
(101,1,1,NULL,NULL,NULL,NULL,NULL,NULL,'Curacao','America/Curacao',101),
(102,1,1,NULL,NULL,NULL,NULL,NULL,NULL,'Danmarkshavn','America/Danmarkshavn',102),
(103,1,1,NULL,NULL,NULL,NULL,NULL,NULL,'Dawson','America/Dawson',103),
(104,1,1,NULL,NULL,NULL,NULL,NULL,NULL,'Dawson_Creek','America/Dawson_Creek',104),
(105,1,1,NULL,NULL,NULL,NULL,NULL,NULL,'Denver','America/Denver',105),
(106,1,1,NULL,NULL,NULL,NULL,NULL,NULL,'Detroit','America/Detroit',106),
(107,1,1,NULL,NULL,NULL,NULL,NULL,NULL,'Dominica','America/Dominica',107),
(108,1,1,NULL,NULL,NULL,NULL,NULL,NULL,'Edmonton','America/Edmonton',108),
(109,1,1,NULL,NULL,NULL,NULL,NULL,NULL,'Eirunepe','America/Eirunepe',109),
(110,1,1,NULL,NULL,NULL,NULL,NULL,NULL,'El_Salvador','America/El_Salvador',110),
(111,1,1,NULL,NULL,NULL,NULL,NULL,NULL,'Ensenada','America/Ensenada',111),
(112,1,1,NULL,NULL,NULL,NULL,NULL,NULL,'Fort_Wayne','America/Fort_Wayne',112),
(113,1,1,NULL,NULL,NULL,NULL,NULL,NULL,'Fortaleza','America/Fortaleza',113),
(114,1,1,NULL,NULL,NULL,NULL,NULL,NULL,'Glace_Bay','America/Glace_Bay',114),
(115,1,1,NULL,NULL,NULL,NULL,NULL,NULL,'Godthab','America/Godthab',115),
(116,1,1,NULL,NULL,NULL,NULL,NULL,NULL,'Goose_Bay','America/Goose_Bay',116),
(117,1,1,NULL,NULL,NULL,NULL,NULL,NULL,'Grand_Turk','America/Grand_Turk',117),
(118,1,1,NULL,NULL,NULL,NULL,NULL,NULL,'Grenada','America/Grenada',118),
(119,1,1,NULL,NULL,NULL,NULL,NULL,NULL,'Guadeloupe','America/Guadeloupe',119),
(120,1,1,NULL,NULL,NULL,NULL,NULL,NULL,'Guatemala','America/Guatemala',120),
(121,1,1,NULL,NULL,NULL,NULL,NULL,NULL,'Guayaquil','America/Guayaquil',121),
(122,1,1,NULL,NULL,NULL,NULL,NULL,NULL,'Guyana','America/Guyana',122),
(123,1,1,NULL,NULL,NULL,NULL,NULL,NULL,'Halifax','America/Halifax',123),
(124,1,1,NULL,NULL,NULL,NULL,NULL,NULL,'Havana','America/Havana',124),
(125,1,1,NULL,NULL,NULL,NULL,NULL,NULL,'Hermosillo','America/Hermosillo',125),
(126,1,1,NULL,NULL,NULL,NULL,NULL,NULL,'Indianapolis','America/Indiana/Indianapolis',126),
(127,1,1,NULL,NULL,NULL,NULL,NULL,NULL,'Knox','America/Indiana/Knox',127),
(128,1,1,NULL,NULL,NULL,NULL,NULL,NULL,'Marengo','America/Indiana/Marengo',128),
(129,1,1,NULL,NULL,NULL,NULL,NULL,NULL,'Petersburg','America/Indiana/Petersburg',129),
(130,1,1,NULL,NULL,NULL,NULL,NULL,NULL,'Tell_City','America/Indiana/Tell_City',130),
(131,1,1,NULL,NULL,NULL,NULL,NULL,NULL,'Vevay','America/Indiana/Vevay',131),
(132,1,1,NULL,NULL,NULL,NULL,NULL,NULL,'Vincennes','America/Indiana/Vincennes',132),
(133,1,1,NULL,NULL,NULL,NULL,NULL,NULL,'Winamac','America/Indiana/Winamac',133),
(134,1,1,NULL,NULL,NULL,NULL,NULL,NULL,'Indianapolis','America/Indianapolis',134),
(135,1,1,NULL,NULL,NULL,NULL,NULL,NULL,'Inuvik','America/Inuvik',135),
(136,1,1,NULL,NULL,NULL,NULL,NULL,NULL,'Iqaluit','America/Iqaluit',136),
(137,1,1,NULL,NULL,NULL,NULL,NULL,NULL,'Jamaica','America/Jamaica',137),
(138,1,1,NULL,NULL,NULL,NULL,NULL,NULL,'Jujuy','America/Jujuy',138),
(139,1,1,NULL,NULL,NULL,NULL,NULL,NULL,'Juneau','America/Juneau',139),
(140,1,1,NULL,NULL,NULL,NULL,NULL,NULL,'Louisville','America/Kentucky/Louisville',140),
(141,1,1,NULL,NULL,NULL,NULL,NULL,NULL,'Monticello','America/Kentucky/Monticello',141),
(142,1,1,NULL,NULL,NULL,NULL,NULL,NULL,'Knox_IN','America/Knox_IN',142),
(143,1,1,NULL,NULL,NULL,NULL,NULL,NULL,'Kralendijk','America/Kralendijk',143),
(144,1,1,NULL,NULL,NULL,NULL,NULL,NULL,'La_Paz','America/La_Paz',144),
(145,1,1,NULL,NULL,NULL,NULL,NULL,NULL,'Lima','America/Lima',145),
(146,1,1,NULL,NULL,NULL,NULL,NULL,NULL,'Los_Angeles','America/Los_Angeles',146),
(147,1,1,NULL,NULL,NULL,NULL,NULL,NULL,'Louisville','America/Louisville',147),
(148,1,1,NULL,NULL,NULL,NULL,NULL,NULL,'Lower_Princes','America/Lower_Princes',148),
(149,1,1,NULL,NULL,NULL,NULL,NULL,NULL,'Maceio','America/Maceio',149),
(150,1,1,NULL,NULL,NULL,NULL,NULL,NULL,'Managua','America/Managua',150),
(151,1,1,NULL,NULL,NULL,NULL,NULL,NULL,'Manaus','America/Manaus',151),
(152,1,1,NULL,NULL,NULL,NULL,NULL,NULL,'Marigot','America/Marigot',152),
(153,1,1,NULL,NULL,NULL,NULL,NULL,NULL,'Martinique','America/Martinique',153),
(154,1,1,NULL,NULL,NULL,NULL,NULL,NULL,'Matamoros','America/Matamoros',154),
(155,1,1,NULL,NULL,NULL,NULL,NULL,NULL,'Mazatlan','America/Mazatlan',155),
(156,1,1,NULL,NULL,NULL,NULL,NULL,NULL,'Mendoza','America/Mendoza',156),
(157,1,1,NULL,NULL,NULL,NULL,NULL,NULL,'Menominee','America/Menominee',157),
(158,1,1,NULL,NULL,NULL,NULL,NULL,NULL,'Merida','America/Merida',158),
(159,1,1,NULL,NULL,NULL,NULL,NULL,NULL,'Metlakatla','America/Metlakatla',159),
(160,1,1,NULL,NULL,NULL,NULL,NULL,NULL,'Mexico_City','America/Mexico_City',160),
(161,1,1,NULL,NULL,NULL,NULL,NULL,NULL,'Miquelon','America/Miquelon',161),
(162,1,1,NULL,NULL,NULL,NULL,NULL,NULL,'Moncton','America/Moncton',162),
(163,1,1,NULL,NULL,NULL,NULL,NULL,NULL,'Monterrey','America/Monterrey',163),
(164,1,1,NULL,NULL,NULL,NULL,NULL,NULL,'Montevideo','America/Montevideo',164),
(165,1,1,NULL,NULL,NULL,NULL,NULL,NULL,'Montreal','America/Montreal',165),
(166,1,1,NULL,NULL,NULL,NULL,NULL,NULL,'Montserrat','America/Montserrat',166),
(167,1,1,NULL,NULL,NULL,NULL,NULL,NULL,'Nassau','America/Nassau',167),
(168,1,1,NULL,NULL,NULL,NULL,NULL,NULL,'New_York','America/New_York',168),
(169,1,1,NULL,NULL,NULL,NULL,NULL,NULL,'Nipigon','America/Nipigon',169),
(170,1,1,NULL,NULL,NULL,NULL,NULL,NULL,'Nome','America/Nome',170),
(171,1,1,NULL,NULL,NULL,NULL,NULL,NULL,'Noronha','America/Noronha',171),
(172,1,1,NULL,NULL,NULL,NULL,NULL,NULL,'Beulah','America/North_Dakota/Beulah',172),
(173,1,1,NULL,NULL,NULL,NULL,NULL,NULL,'Center','America/North_Dakota/Center',173),
(174,1,1,NULL,NULL,NULL,NULL,NULL,NULL,'New_Salem','America/North_Dakota/New_Salem',174),
(175,1,1,NULL,NULL,NULL,NULL,NULL,NULL,'Ojinaga','America/Ojinaga',175),
(176,1,1,NULL,NULL,NULL,NULL,NULL,NULL,'Panama','America/Panama',176),
(177,1,1,NULL,NULL,NULL,NULL,NULL,NULL,'Pangnirtung','America/Pangnirtung',177),
(178,1,1,NULL,NULL,NULL,NULL,NULL,NULL,'Paramaribo','America/Paramaribo',178),
(179,1,1,NULL,NULL,NULL,NULL,NULL,NULL,'Phoenix','America/Phoenix',179),
(180,1,1,NULL,NULL,NULL,NULL,NULL,NULL,'Port-au-Prince','America/Port-au-Prince',180),
(181,1,1,NULL,NULL,NULL,NULL,NULL,NULL,'Port_of_Spain','America/Port_of_Spain',181),
(182,1,1,NULL,NULL,NULL,NULL,NULL,NULL,'Porto_Acre','America/Porto_Acre',182),
(183,1,1,NULL,NULL,NULL,NULL,NULL,NULL,'Porto_Velho','America/Porto_Velho',183),
(184,1,1,NULL,NULL,NULL,NULL,NULL,NULL,'Puerto_Rico','America/Puerto_Rico',184),
(185,1,1,NULL,NULL,NULL,NULL,NULL,NULL,'Rainy_River','America/Rainy_River',185),
(186,1,1,NULL,NULL,NULL,NULL,NULL,NULL,'Rankin_Inlet','America/Rankin_Inlet',186),
(187,1,1,NULL,NULL,NULL,NULL,NULL,NULL,'Recife','America/Recife',187),
(188,1,1,NULL,NULL,NULL,NULL,NULL,NULL,'Regina','America/Regina',188),
(189,1,1,NULL,NULL,NULL,NULL,NULL,NULL,'Resolute','America/Resolute',189),
(190,1,1,NULL,NULL,NULL,NULL,NULL,NULL,'Rio_Branco','America/Rio_Branco',190),
(191,1,1,NULL,NULL,NULL,NULL,NULL,NULL,'Rosario','America/Rosario',191),
(192,1,1,NULL,NULL,NULL,NULL,NULL,NULL,'Santa_Isabel','America/Santa_Isabel',192),
(193,1,1,NULL,NULL,NULL,NULL,NULL,NULL,'Santarem','America/Santarem',193),
(194,1,1,NULL,NULL,NULL,NULL,NULL,NULL,'Santiago','America/Santiago',194),
(195,1,1,NULL,NULL,NULL,NULL,NULL,NULL,'Santo_Domingo','America/Santo_Domingo',195),
(196,1,1,NULL,NULL,NULL,NULL,NULL,NULL,'Sao_Paulo ','America/Sao_Paulo',196),
(197,1,1,NULL,NULL,NULL,NULL,NULL,NULL,'Scoresbysund','America/Scoresbysund',197),
(198,1,1,NULL,NULL,NULL,NULL,NULL,NULL,'Shiprock','America/Shiprock',198),
(199,1,1,NULL,NULL,NULL,NULL,NULL,NULL,'Sitka','America/Sitka',199),
(200,1,1,NULL,NULL,NULL,NULL,NULL,NULL,'St_Barthelemy','America/St_Barthelemy',200),
(201,1,1,NULL,NULL,NULL,NULL,NULL,NULL,'St_Johns','America/St_Johns',201),
(202,1,1,NULL,NULL,NULL,NULL,NULL,NULL,'St_Kitts','America/St_Kitts',202),
(203,1,1,NULL,NULL,NULL,NULL,NULL,NULL,'St_Lucia','America/St_Lucia',203),
(204,1,1,NULL,NULL,NULL,NULL,NULL,NULL,'St_Thomas','America/St_Thomas',204),
(205,1,1,NULL,NULL,NULL,NULL,NULL,NULL,'St_Vincent','America/St_Vincent',205),
(206,1,1,NULL,NULL,NULL,NULL,NULL,NULL,'Swift_Current','America/Swift_Current',206),
(207,1,1,NULL,NULL,NULL,NULL,NULL,NULL,'Tegucigalpa','America/Tegucigalpa',207),
(208,1,1,NULL,NULL,NULL,NULL,NULL,NULL,'Thule','America/Thule',208),
(209,1,1,NULL,NULL,NULL,NULL,NULL,NULL,'Thunder_Bay','America/Thunder_Bay',209),
(210,1,1,NULL,NULL,NULL,NULL,NULL,NULL,'Tijuana','America/Tijuana',210),
(211,1,1,NULL,NULL,NULL,NULL,NULL,NULL,'Toronto','America/Toronto',211),
(212,1,1,NULL,NULL,NULL,NULL,NULL,NULL,'Tortola','America/Tortola',212),
(213,1,1,NULL,NULL,NULL,NULL,NULL,NULL,'Vancouver','America/Vancouver',213),
(214,1,1,NULL,NULL,NULL,NULL,NULL,NULL,'Virgin','America/Virgin',214),
(215,1,1,NULL,NULL,NULL,NULL,NULL,NULL,'Whitehorse','America/Whitehorse',215),
(216,1,1,NULL,NULL,NULL,NULL,NULL,NULL,'Winnipeg','America/Winnipeg',216),
(217,1,1,NULL,NULL,NULL,NULL,NULL,NULL,'Yakutat','America/Yakutat',217),
(218,1,1,NULL,NULL,NULL,NULL,NULL,NULL,'Yellowknife','America/Yellowknife',218),
(219,1,1,NULL,NULL,NULL,NULL,NULL,NULL,'Casey','Antarctica/Casey',219),
(220,1,1,NULL,NULL,NULL,NULL,NULL,NULL,'Davis','Antarctica/Davis',220),
(221,1,1,NULL,NULL,NULL,NULL,NULL,NULL,'DumontDUrville','Antarctica/DumontDUrville',221),
(222,1,1,NULL,NULL,NULL,NULL,NULL,NULL,'Macquarie','Antarctica/Macquarie',222),
(223,1,1,NULL,NULL,NULL,NULL,NULL,NULL,'Mawson','Antarctica/Mawson',223),
(224,1,1,NULL,NULL,NULL,NULL,NULL,NULL,'McMurdo','Antarctica/McMurdo',224),
(225,1,1,NULL,NULL,NULL,NULL,NULL,NULL,'Palmer','Antarctica/Palmer',225),
(226,1,1,NULL,NULL,NULL,NULL,NULL,NULL,'Rothera','Antarctica/Rothera',226),
(227,1,1,NULL,NULL,NULL,NULL,NULL,NULL,'South_Pole','Antarctica/South_Pole',227),
(228,1,1,NULL,NULL,NULL,NULL,NULL,NULL,'Syowa','Antarctica/Syowa',228),
(229,1,1,NULL,NULL,NULL,NULL,NULL,NULL,'Troll','Antarctica/Troll',229),
(230,1,1,NULL,NULL,NULL,NULL,NULL,NULL,'Vostok','Antarctica/Vostok',230),
(231,1,1,NULL,NULL,NULL,NULL,NULL,NULL,'Longyearbyen','Arctic/Longyearbyen',231),
(232,1,1,NULL,NULL,NULL,NULL,NULL,NULL,'Aden','Asia/Aden',232),
(233,1,1,NULL,NULL,NULL,NULL,NULL,NULL,'Almaty','Asia/Almaty',233),
(234,1,1,NULL,NULL,NULL,NULL,NULL,NULL,'Amman','Asia/Amman',234),
(235,1,1,NULL,NULL,NULL,NULL,NULL,NULL,'Anadyr','Asia/Anadyr',235),
(236,1,1,NULL,NULL,NULL,NULL,NULL,NULL,'Aqtau','Asia/Aqtau',236),
(237,1,1,NULL,NULL,NULL,NULL,NULL,NULL,'Aqtobe','Asia/Aqtobe',237),
(238,1,1,NULL,NULL,NULL,NULL,NULL,NULL,'Ashgabat','Asia/Ashgabat',238),
(239,1,1,NULL,NULL,NULL,NULL,NULL,NULL,'Ashkhabad','Asia/Ashkhabad',239),
(240,1,1,NULL,NULL,NULL,NULL,NULL,NULL,'Baghdad','Asia/Baghdad',240),
(241,1,1,NULL,NULL,NULL,NULL,NULL,NULL,'Bahrain','Asia/Bahrain',241),
(242,1,1,NULL,NULL,NULL,NULL,NULL,NULL,'Baku  ','Asia/Baku',242),
(243,1,1,NULL,NULL,NULL,NULL,NULL,NULL,'Bangkok','Asia/Bangkok',243),
(244,1,1,NULL,NULL,NULL,NULL,NULL,NULL,'Beirut','Asia/Beirut',244),
(245,1,1,NULL,NULL,NULL,NULL,NULL,NULL,'Bishkek','Asia/Bishkek',245),
(246,1,1,NULL,NULL,NULL,NULL,NULL,NULL,'Brunei','Asia/Brunei',246),
(247,1,1,NULL,NULL,NULL,NULL,NULL,NULL,'Calcutta','Asia/Calcutta',247),
(248,1,1,NULL,NULL,NULL,NULL,NULL,NULL,'Chita','Asia/Chita',248),
(249,1,1,NULL,NULL,NULL,NULL,NULL,NULL,'Choibalsan','Asia/Choibalsan',249),
(250,1,1,NULL,NULL,NULL,NULL,NULL,NULL,'Chongqing','Asia/Chongqing',250),
(251,1,1,NULL,NULL,NULL,NULL,NULL,NULL,'Chungking','Asia/Chungking',251),
(252,1,1,NULL,NULL,NULL,NULL,NULL,NULL,'Colombo','Asia/Colombo',252),
(253,1,1,NULL,NULL,NULL,NULL,NULL,NULL,'Dacca','Asia/Dacca',253),
(254,1,1,NULL,NULL,NULL,NULL,NULL,NULL,'Damascus','Asia/Damascus',254),
(255,1,1,NULL,NULL,NULL,NULL,NULL,NULL,'Dhaka','Asia/Dhaka',255),
(256,1,1,NULL,NULL,NULL,NULL,NULL,NULL,'Dili','Asia/Dili',256),
(257,1,1,NULL,NULL,NULL,NULL,NULL,NULL,'Dubai','Asia/Dubai',257),
(258,1,1,NULL,NULL,NULL,NULL,NULL,NULL,'Dushanbe','Asia/Dushanbe',258),
(259,1,1,NULL,NULL,NULL,NULL,NULL,NULL,'Gaza','Asia/Gaza',259),
(260,1,1,NULL,NULL,NULL,NULL,NULL,NULL,'Harbin','Asia/Harbin',260),
(261,1,1,NULL,NULL,NULL,NULL,NULL,NULL,'Hebron','Asia/Hebron',261),
(262,1,1,NULL,NULL,NULL,NULL,NULL,NULL,'Ho_Chi_Minh','Asia/Ho_Chi_Minh',262),
(263,1,1,NULL,NULL,NULL,NULL,NULL,NULL,'Hong_Kong','Asia/Hong_Kong',263),
(264,1,1,NULL,NULL,NULL,NULL,NULL,NULL,'Hovd','Asia/Hovd',264),
(265,1,1,NULL,NULL,NULL,NULL,NULL,NULL,'Irkutsk','Asia/Irkutsk',265),
(266,1,1,NULL,NULL,NULL,NULL,NULL,NULL,'Istanbul','Asia/Istanbul',266),
(267,1,1,NULL,NULL,NULL,NULL,NULL,NULL,'Jakarta','Asia/Jakarta',267),
(268,1,1,NULL,NULL,NULL,NULL,NULL,NULL,'Jayapura','Asia/Jayapura',268),
(269,1,1,NULL,NULL,NULL,NULL,NULL,NULL,'Jerusalem','Asia/Jerusalem',269),
(270,1,1,NULL,NULL,NULL,NULL,NULL,NULL,'Kabul','Asia/Kabul',270),
(271,1,1,NULL,NULL,NULL,NULL,NULL,NULL,'Kamchatka','Asia/Kamchatka',271),
(272,1,1,NULL,NULL,NULL,NULL,NULL,NULL,'Karachi','Asia/Karachi',272),
(273,1,1,NULL,NULL,NULL,NULL,NULL,NULL,'Kashgar','Asia/Kashgar',273),
(274,1,1,NULL,NULL,NULL,NULL,NULL,NULL,'Kathmandu','Asia/Kathmandu',274),
(275,1,1,NULL,NULL,NULL,NULL,NULL,NULL,'Katmandu','Asia/Katmandu',275),
(276,1,1,NULL,NULL,NULL,NULL,NULL,NULL,'Khandyga','Asia/Khandyga',276),
(277,1,1,NULL,NULL,NULL,NULL,NULL,NULL,'Kolkata','Asia/Kolkata',277),
(278,1,1,NULL,NULL,NULL,NULL,NULL,NULL,'Krasnoyarsk','Asia/Krasnoyarsk',278),
(279,1,1,NULL,NULL,NULL,NULL,NULL,NULL,'Kuala_Lumpur','Asia/Kuala_Lumpur',279),
(280,1,1,NULL,NULL,NULL,NULL,NULL,NULL,'Kuching','Asia/Kuching',280),
(281,1,1,NULL,NULL,NULL,NULL,NULL,NULL,'Kuwait','Asia/Kuwait',281),
(282,1,1,NULL,NULL,NULL,NULL,NULL,NULL,'Macao','Asia/Macao',282),
(283,1,1,NULL,NULL,NULL,NULL,NULL,NULL,'Macau','Asia/Macau',283),
(284,1,1,NULL,NULL,NULL,NULL,NULL,NULL,'Magadan','Asia/Magadan',284),
(285,1,1,NULL,NULL,NULL,NULL,NULL,NULL,'Makassar','Asia/Makassar',285),
(286,1,1,NULL,NULL,NULL,NULL,NULL,NULL,'Manila','Asia/Manila',286),
(287,1,1,NULL,NULL,NULL,NULL,NULL,NULL,'Muscat','Asia/Muscat',287),
(288,1,1,NULL,NULL,NULL,NULL,NULL,NULL,'Nicosia','Asia/Nicosia',288),
(289,1,1,NULL,NULL,NULL,NULL,NULL,NULL,'Novokuznetsk','Asia/Novokuznetsk',289),
(290,1,1,NULL,NULL,NULL,NULL,NULL,NULL,'Novosibirsk','Asia/Novosibirsk',290),
(291,1,1,NULL,NULL,NULL,NULL,NULL,NULL,'Omsk','Asia/Omsk',291),
(292,1,1,NULL,NULL,NULL,NULL,NULL,NULL,'Oral','Asia/Oral',292),
(293,1,1,NULL,NULL,NULL,NULL,NULL,NULL,'Phnom_Penh','Asia/Phnom_Penh',293),
(294,1,1,NULL,NULL,NULL,NULL,NULL,NULL,'Pontianak','Asia/Pontianak',294),
(295,1,1,NULL,NULL,NULL,NULL,NULL,NULL,'Pyongyang','Asia/Pyongyang',295),
(296,1,1,NULL,NULL,NULL,NULL,NULL,NULL,'Qatar','Asia/Qatar',296),
(297,1,1,NULL,NULL,NULL,NULL,NULL,NULL,'Qyzylorda','Asia/Qyzylorda',297),
(298,1,1,NULL,NULL,NULL,NULL,NULL,NULL,'Rangoon','Asia/Rangoon',298),
(299,1,1,NULL,NULL,NULL,NULL,NULL,NULL,'Riyadh','Asia/Riyadh',299),
(300,1,1,NULL,NULL,NULL,NULL,NULL,NULL,'Saigon','Asia/Saigon',300),
(301,1,1,NULL,NULL,NULL,NULL,NULL,NULL,'Samarkand','Asia/Samarkand',301),
(302,1,1,NULL,NULL,NULL,NULL,NULL,NULL,'Seoul','Asia/Seoul',302),
(303,1,1,NULL,NULL,NULL,NULL,NULL,NULL,'Shanghai','Asia/Shanghai',303),
(304,1,1,NULL,NULL,NULL,NULL,NULL,NULL,'Singapore','Asia/Singapore',304),
(305,1,1,NULL,NULL,NULL,NULL,NULL,NULL,'Srednekolymsk','Asia/Srednekolymsk',305),
(306,1,1,NULL,NULL,NULL,NULL,NULL,NULL,'Taipei','Asia/Taipei',306),
(307,1,1,NULL,NULL,NULL,NULL,NULL,NULL,'Tashkent','Asia/Tashkent',307),
(308,1,1,NULL,NULL,NULL,NULL,NULL,NULL,'Tbilisi','Asia/Tbilisi',308),
(309,1,1,NULL,NULL,NULL,NULL,NULL,NULL,'Tehran','Asia/Tehran',309),
(310,1,1,NULL,NULL,NULL,NULL,NULL,NULL,'Tel_Aviv','Asia/Tel_Aviv',310),
(311,1,1,NULL,NULL,NULL,NULL,NULL,NULL,'Thimbu','Asia/Thimbu',311),
(312,1,1,NULL,NULL,NULL,NULL,NULL,NULL,'Thimphu','Asia/Thimphu',312),
(313,1,1,NULL,NULL,NULL,NULL,NULL,NULL,'Tokyo','Asia/Tokyo',313),
(314,1,1,NULL,NULL,NULL,NULL,NULL,NULL,'Ujung_Pandang','Asia/Ujung_Pandang',314),
(315,1,1,NULL,NULL,NULL,NULL,NULL,NULL,'Ulaanbaatar','Asia/Ulaanbaatar',315),
(316,1,1,NULL,NULL,NULL,NULL,NULL,NULL,'Ulan_Bator','Asia/Ulan_Bator',316),
(317,1,1,NULL,NULL,NULL,NULL,NULL,NULL,'Urumqi','Asia/Urumqi',317),
(318,1,1,NULL,NULL,NULL,NULL,NULL,NULL,'Ust-Nera','Asia/Ust-Nera',318),
(319,1,1,NULL,NULL,NULL,NULL,NULL,NULL,'Vientiane','Asia/Vientiane',319),
(320,1,1,NULL,NULL,NULL,NULL,NULL,NULL,'Vladivostok','Asia/Vladivostok',320),
(321,1,1,NULL,NULL,NULL,NULL,NULL,NULL,'Yakutsk','Asia/Yakutsk',321),
(322,1,1,NULL,NULL,NULL,NULL,NULL,NULL,'Yekaterinburg','Asia/Yekaterinburg',322),
(323,1,1,NULL,NULL,NULL,NULL,NULL,NULL,'Yerevan','Asia/Yerevan',323),
(324,1,1,NULL,NULL,NULL,NULL,NULL,NULL,'Azores','Atlantic/Azores',324),
(325,1,1,NULL,NULL,NULL,NULL,NULL,NULL,'Bermuda','Atlantic/Bermuda',325),
(326,1,1,NULL,NULL,NULL,NULL,NULL,NULL,'Canary','Atlantic/Canary',326),
(327,1,1,NULL,NULL,NULL,NULL,NULL,NULL,'Cape_Verde','Atlantic/Cape_Verde',327),
(328,1,1,NULL,NULL,NULL,NULL,NULL,NULL,'Faeroe','Atlantic/Faeroe',328),
(329,1,1,NULL,NULL,NULL,NULL,NULL,NULL,'Faroe','Atlantic/Faroe',329),
(330,1,1,NULL,NULL,NULL,NULL,NULL,NULL,'Jan_Mayen ','Atlantic/Jan_Mayen',330),
(331,1,1,NULL,NULL,NULL,NULL,NULL,NULL,'Madeira','Atlantic/Madeira',331),
(332,1,1,NULL,NULL,NULL,NULL,NULL,NULL,'Reykjavik','Atlantic/Reykjavik',332),
(333,1,1,NULL,NULL,NULL,NULL,NULL,NULL,'South_Georgia','Atlantic/South_Georgia',333),
(334,1,1,NULL,NULL,NULL,NULL,NULL,NULL,'St_Helena','Atlantic/St_Helena',334),
(335,1,1,NULL,NULL,NULL,NULL,NULL,NULL,'Stanley','Atlantic/Stanley',335),
(336,1,1,NULL,NULL,NULL,NULL,NULL,NULL,'ACT','Australia/ACT',336),
(337,1,1,NULL,NULL,NULL,NULL,NULL,NULL,'Adelaide','Australia/Adelaide',337),
(338,1,1,NULL,NULL,NULL,NULL,NULL,NULL,'Brisbane','Australia/Brisbane',338),
(339,1,1,NULL,NULL,NULL,NULL,NULL,NULL,'Broken_Hill','Australia/Broken_Hill',339),
(340,1,1,NULL,NULL,NULL,NULL,NULL,NULL,'Canberra','Australia/Canberra',340),
(341,1,1,NULL,NULL,NULL,NULL,NULL,NULL,'Currie','Australia/Currie',341),
(342,1,1,NULL,NULL,NULL,NULL,NULL,NULL,'Darwin','Australia/Darwin',342),
(343,1,1,NULL,NULL,NULL,NULL,NULL,NULL,'Eucla','Australia/Eucla',343),
(344,1,1,NULL,NULL,NULL,NULL,NULL,NULL,'Hobart','Australia/Hobart',344),
(345,1,1,NULL,NULL,NULL,NULL,NULL,NULL,'LHI','Australia/LHI',345),
(346,1,1,NULL,NULL,NULL,NULL,NULL,NULL,'Lindeman','Australia/Lindeman',346),
(347,1,1,NULL,NULL,NULL,NULL,NULL,NULL,'Lord_Howe','Australia/Lord_Howe',347),
(348,1,1,NULL,NULL,NULL,NULL,NULL,NULL,'Melbourne','Australia/Melbourne',348),
(349,1,1,NULL,NULL,NULL,NULL,NULL,NULL,'North','Australia/North',349),
(350,1,1,NULL,NULL,NULL,NULL,NULL,NULL,'NSW','Australia/NSW',350),
(351,1,1,NULL,NULL,NULL,NULL,NULL,NULL,'Perth','Australia/Perth',351),
(352,1,1,NULL,NULL,NULL,NULL,NULL,NULL,'Queensland','Australia/Queensland',352),
(353,1,1,NULL,NULL,NULL,NULL,NULL,NULL,'South','Australia/South',353),
(354,1,1,NULL,NULL,NULL,NULL,NULL,NULL,'Sydney','Australia/Sydney',354),
(355,1,1,NULL,NULL,NULL,NULL,NULL,NULL,'Tasmania','Australia/Tasmania',355),
(356,1,1,NULL,NULL,NULL,NULL,NULL,NULL,'Victoria','Australia/Victoria',356),
(357,1,1,NULL,NULL,NULL,NULL,NULL,NULL,'West','Australia/West',357),
(358,1,1,NULL,NULL,NULL,NULL,NULL,NULL,'Yancowinna','Australia/Yancowinna',358),
(359,1,1,NULL,NULL,NULL,NULL,NULL,NULL,'Amsterdam','Europe/Amsterdam',359),
(360,1,1,NULL,NULL,NULL,NULL,NULL,NULL,'Andorra','Europe/Andorra',360),
(361,1,1,NULL,NULL,NULL,NULL,NULL,NULL,'Athens','Europe/Athens',361),
(362,1,1,NULL,NULL,NULL,NULL,NULL,NULL,'Belfast','Europe/Belfast',362),
(363,1,1,NULL,NULL,NULL,NULL,NULL,NULL,'Belgrade','Europe/Belgrade',363),
(364,1,1,NULL,NULL,NULL,NULL,NULL,NULL,'Berlin','Europe/Berlin',364),
(365,1,1,NULL,NULL,NULL,NULL,NULL,NULL,'Bratislava','Europe/Bratislava',365),
(366,1,1,NULL,NULL,NULL,NULL,NULL,NULL,'Brussels','Europe/Brussels',366),
(367,1,1,NULL,NULL,NULL,NULL,NULL,NULL,'Bucharest','Europe/Bucharest',367),
(368,1,1,NULL,NULL,NULL,NULL,NULL,NULL,'Budapest','Europe/Budapest',368),
(369,1,1,NULL,NULL,NULL,NULL,NULL,NULL,'Busingen','Europe/Busingen',369),
(370,1,1,NULL,NULL,NULL,NULL,NULL,NULL,'Chisinau','Europe/Chisinau',370),
(371,1,1,NULL,NULL,NULL,NULL,NULL,NULL,'Copenhagen','Europe/Copenhagen',371),
(372,1,1,NULL,NULL,NULL,NULL,NULL,NULL,'Dublin','Europe/Dublin',372),
(373,1,1,NULL,NULL,NULL,NULL,NULL,NULL,'Gibraltar','Europe/Gibraltar',373),
(374,1,1,NULL,NULL,NULL,NULL,NULL,NULL,'Guernsey','Europe/Guernsey',374),
(375,1,1,NULL,NULL,NULL,NULL,NULL,NULL,'Helsinki','Europe/Helsinki',375),
(376,1,1,NULL,NULL,NULL,NULL,NULL,NULL,'Isle_of_Man','Europe/Isle_of_Man',376),
(377,1,1,NULL,NULL,NULL,NULL,NULL,NULL,'Istanbul','Europe/Istanbul',377),
(378,1,1,NULL,NULL,NULL,NULL,NULL,NULL,'Jersey','Europe/Jersey',378),
(379,1,1,NULL,NULL,NULL,NULL,NULL,NULL,'Kaliningrad','Europe/Kaliningrad',379),
(380,1,1,NULL,NULL,NULL,NULL,NULL,NULL,'Kiev','Europe/Kiev',380),
(381,1,1,NULL,NULL,NULL,NULL,NULL,NULL,'Lisbon','Europe/Lisbon',381),
(382,1,1,NULL,NULL,NULL,NULL,NULL,NULL,'Ljubljana','Europe/Ljubljana',382),
(383,1,1,NULL,NULL,NULL,NULL,NULL,NULL,'London','Europe/London',383),
(384,1,1,NULL,NULL,NULL,NULL,NULL,NULL,'Luxembourg','Europe/Luxembourg',384),
(385,1,1,NULL,NULL,NULL,NULL,NULL,NULL,'Madrid','Europe/Madrid',385),
(386,1,1,NULL,NULL,NULL,NULL,NULL,NULL,'Malta','Europe/Malta',386),
(387,1,1,NULL,NULL,NULL,NULL,NULL,NULL,'Mariehamn','Europe/Mariehamn',387),
(388,1,1,NULL,NULL,NULL,NULL,NULL,NULL,'Minsk','Europe/Minsk',388),
(389,1,1,NULL,NULL,NULL,NULL,NULL,NULL,'Monaco','Europe/Monaco',389),
(390,1,1,NULL,NULL,NULL,NULL,NULL,NULL,'Moscow','Europe/Moscow',390),
(391,1,1,NULL,NULL,NULL,NULL,NULL,NULL,'Nicosia','Europe/Nicosia',391),
(392,1,1,NULL,NULL,NULL,NULL,NULL,NULL,'Oslo','Europe/Oslo',392),
(393,1,1,NULL,NULL,NULL,NULL,NULL,NULL,'Paris','Europe/Paris',393),
(394,1,1,NULL,NULL,NULL,NULL,NULL,NULL,'Podgorica','Europe/Podgorica',394),
(395,1,1,NULL,NULL,NULL,NULL,NULL,NULL,'Prague','Europe/Prague',395),
(396,1,1,NULL,NULL,NULL,NULL,NULL,NULL,'Riga','Europe/Riga',396),
(397,1,1,NULL,NULL,NULL,NULL,NULL,NULL,'Rome','Europe/Rome',397),
(398,1,1,NULL,NULL,NULL,NULL,NULL,NULL,'Samara','Europe/Samara',398),
(399,1,1,NULL,NULL,NULL,NULL,NULL,NULL,'San_Marino','Europe/San_Marino',399),
(400,1,1,NULL,NULL,NULL,NULL,NULL,NULL,'Sarajevo','Europe/Sarajevo',400),
(401,1,1,NULL,NULL,NULL,NULL,NULL,NULL,'Simferopol','Europe/Simferopol',401),
(402,1,1,NULL,NULL,NULL,NULL,NULL,NULL,'Skopje','Europe/Skopje',402),
(403,1,1,NULL,NULL,NULL,NULL,NULL,NULL,'Sofia','Europe/Sofia',403),
(404,1,1,NULL,NULL,NULL,NULL,NULL,NULL,'Stockholm','Europe/Stockholm',404),
(405,1,1,NULL,NULL,NULL,NULL,NULL,NULL,'Tallinn','Europe/Tallinn',405),
(406,1,1,NULL,NULL,NULL,NULL,NULL,NULL,'Tirane','Europe/Tirane',406),
(407,1,1,NULL,NULL,NULL,NULL,NULL,NULL,'Tiraspol','Europe/Tiraspol',407),
(408,1,1,NULL,NULL,NULL,NULL,NULL,NULL,'Uzhgorod','Europe/Uzhgorod',408),
(409,1,1,NULL,NULL,NULL,NULL,NULL,NULL,'Vaduz','Europe/Vaduz',409),
(410,1,1,NULL,NULL,NULL,NULL,NULL,NULL,'Vatican','Europe/Vatican',410),
(411,1,1,NULL,NULL,NULL,NULL,NULL,NULL,'Vienna','Europe/Vienna',411),
(412,1,1,NULL,NULL,NULL,NULL,NULL,NULL,'Vilnius','Europe/Vilnius',412),
(413,1,1,NULL,NULL,NULL,NULL,NULL,NULL,'Volgograd','Europe/Volgograd',413),
(414,1,1,NULL,NULL,NULL,NULL,NULL,NULL,'Warsaw','Europe/Warsaw',414),
(415,1,1,NULL,NULL,NULL,NULL,NULL,NULL,'Zagreb','Europe/Zagreb',415),
(416,1,1,NULL,NULL,NULL,NULL,NULL,NULL,'Zaporozhye','Europe/Zaporozhye',416),
(417,1,1,NULL,NULL,NULL,NULL,NULL,NULL,'Zurich','Europe/Zurich',417),
(418,1,1,NULL,NULL,NULL,NULL,NULL,NULL,'Antananarivo','Indian/Antananarivo',418),
(419,1,1,NULL,NULL,NULL,NULL,NULL,NULL,'Chagos','Indian/Chagos',419),
(420,1,1,NULL,NULL,NULL,NULL,NULL,NULL,'Christmas','Indian/Christmas',420),
(421,1,1,NULL,NULL,NULL,NULL,NULL,NULL,'Cocos','Indian/Cocos',421),
(422,1,1,NULL,NULL,NULL,NULL,NULL,NULL,'Comoro','Indian/Comoro',422),
(423,1,1,NULL,NULL,NULL,NULL,NULL,NULL,'Kerguelen','Indian/Kerguelen',423),
(424,1,1,NULL,NULL,NULL,NULL,NULL,NULL,'Mahe','Indian/Mahe',424),
(425,1,1,NULL,NULL,NULL,NULL,NULL,NULL,'Maldives','Indian/Maldives',425),
(426,1,1,NULL,NULL,NULL,NULL,NULL,NULL,'Mauritius','Indian/Mauritius',426),
(427,1,1,NULL,NULL,NULL,NULL,NULL,NULL,'Mayotte','Indian/Mayotte',427),
(428,1,1,NULL,NULL,NULL,NULL,NULL,NULL,'Reunion','Indian/Reunion',428),
(429,1,1,NULL,NULL,NULL,NULL,NULL,NULL,'Apia','Pacific/Apia',429),
(430,1,1,NULL,NULL,NULL,NULL,NULL,NULL,'Auckland','Pacific/Auckland',430),
(431,1,1,NULL,NULL,NULL,NULL,NULL,NULL,'Chatham','Pacific/Chatham',431),
(432,1,1,NULL,NULL,NULL,NULL,NULL,NULL,'Chuuk','Pacific/Chuuk',432),
(433,1,1,NULL,NULL,NULL,NULL,NULL,NULL,'Easter','Pacific/Easter',433),
(434,1,1,NULL,NULL,NULL,NULL,NULL,NULL,'Efate','Pacific/Efate',434),
(435,1,1,NULL,NULL,NULL,NULL,NULL,NULL,'Enderbury','Pacific/Enderbury',435),
(436,1,1,NULL,NULL,NULL,NULL,NULL,NULL,'Fakaofo','Pacific/Fakaofo',436),
(437,1,1,NULL,NULL,NULL,NULL,NULL,NULL,'Fiji','Pacific/Fiji',437),
(438,1,1,NULL,NULL,NULL,NULL,NULL,NULL,'Funafuti','Pacific/Funafuti',438),
(439,1,1,NULL,NULL,NULL,NULL,NULL,NULL,'Galapagos','Pacific/Galapagos',439),
(440,1,1,NULL,NULL,NULL,NULL,NULL,NULL,'Gambier','Pacific/Gambier',440),
(441,1,1,NULL,NULL,NULL,NULL,NULL,NULL,'Guadalcanal','Pacific/Guadalcanal',441),
(442,1,1,NULL,NULL,NULL,NULL,NULL,NULL,'Guam','Pacific/Guam',442),
(443,1,1,NULL,NULL,NULL,NULL,NULL,NULL,'Honolulu','Pacific/Honolulu',443),
(444,1,1,NULL,NULL,NULL,NULL,NULL,NULL,'Johnston','Pacific/Johnston',444),
(445,1,1,NULL,NULL,NULL,NULL,NULL,NULL,'Kiritimati','Pacific/Kiritimati',445),
(446,1,1,NULL,NULL,NULL,NULL,NULL,NULL,'Kosrae','Pacific/Kosrae',446),
(447,1,1,NULL,NULL,NULL,NULL,NULL,NULL,'Kwajalein','Pacific/Kwajalein',447),
(448,1,1,NULL,NULL,NULL,NULL,NULL,NULL,'Majuro','Pacific/Majuro',448),
(449,1,1,NULL,NULL,NULL,NULL,NULL,NULL,'Marquesas','Pacific/Marquesas',449),
(450,1,1,NULL,NULL,NULL,NULL,NULL,NULL,'Midway','Pacific/Midway',1),
(451,1,1,NULL,NULL,NULL,NULL,NULL,NULL,'Nauru','Pacific/Nauru',451),
(452,1,1,NULL,NULL,NULL,NULL,NULL,NULL,'Niue','Pacific/Niue',452),
(453,1,1,NULL,NULL,NULL,NULL,NULL,NULL,'Norfolk','Pacific/Norfolk',453),
(454,1,1,NULL,NULL,NULL,NULL,NULL,NULL,'Noumea','Pacific/Noumea',454),
(455,1,1,NULL,NULL,NULL,NULL,NULL,NULL,'Pago_Pago','Pacific/Pago_Pago',455),
(456,1,1,NULL,NULL,NULL,NULL,NULL,NULL,'Palau','Pacific/Palau',456),
(457,1,1,NULL,NULL,NULL,NULL,NULL,NULL,'Pitcairn','Pacific/Pitcairn',457),
(458,1,1,NULL,NULL,NULL,NULL,NULL,NULL,'Pohnpei','Pacific/Pohnpei',458),
(459,1,1,NULL,NULL,NULL,NULL,NULL,NULL,'Ponape','Pacific/Ponape',459),
(460,1,1,NULL,NULL,NULL,NULL,NULL,NULL,'Port_Moresby','Pacific/Port_Moresby',460),
(461,1,1,NULL,NULL,NULL,NULL,NULL,NULL,'Rarotonga','Pacific/Rarotonga',461),
(462,1,1,NULL,NULL,NULL,NULL,NULL,NULL,'Saipan','Pacific/Saipan',462),
(463,1,1,NULL,NULL,NULL,NULL,NULL,NULL,'Samoa','Pacific/Samoa',463),
(464,1,1,NULL,NULL,NULL,NULL,NULL,NULL,'Tahiti','Pacific/Tahiti',464),
(465,1,1,NULL,NULL,NULL,NULL,NULL,NULL,'Tarawa','Pacific/Tarawa',465),
(466,1,1,NULL,NULL,NULL,NULL,NULL,NULL,'Tongatapu','Pacific/Tongatapu',466),
(467,1,1,NULL,NULL,NULL,NULL,NULL,NULL,'Truk','Pacific/Truk',467),
(468,1,1,NULL,NULL,NULL,NULL,NULL,NULL,'Wake','Pacific/Wake',468),
(469,1,1,NULL,NULL,NULL,NULL,NULL,NULL,'Wallis','Pacific/Wallis',469),
(470,1,1,NULL,NULL,NULL,NULL,NULL,NULL,'Yap','Pacific/Yap',470),
(471,1,1,NULL,NULL,NULL,NULL,NULL,NULL,'Acre','Brazil/Acre',471),
(472,1,1,NULL,NULL,NULL,NULL,NULL,NULL,'DeNoronha','Brazil/DeNoronha',472),
(473,1,1,NULL,NULL,NULL,NULL,NULL,NULL,'East','Brazil/East',473),
(474,1,1,NULL,NULL,NULL,NULL,NULL,NULL,'West','Brazil/West',474),
(475,1,1,NULL,NULL,NULL,NULL,NULL,NULL,'Atlantic','Canada/Atlantic',475),
(476,1,1,NULL,NULL,NULL,NULL,NULL,NULL,'Central','Canada/Central',476),
(477,1,1,NULL,NULL,NULL,NULL,NULL,NULL,'East-Saskatchewan','Canada/East-Saskatchewan',477),
(478,1,1,NULL,NULL,NULL,NULL,NULL,NULL,'Eastern','Canada/Eastern',478),
(479,1,1,NULL,NULL,NULL,NULL,NULL,NULL,'Mountain','Canada/Mountain',479),
(480,1,1,NULL,NULL,NULL,NULL,NULL,NULL,'Newfoundland','Canada/Newfoundland',480),
(481,1,1,NULL,NULL,NULL,NULL,NULL,NULL,'Pacific','Canada/Pacific',481),
(482,1,1,NULL,NULL,NULL,NULL,NULL,NULL,'Saskatchewan','Canada/Saskatchewan',482),
(483,1,1,NULL,NULL,NULL,NULL,NULL,NULL,'Yukon','Canada/Yukon',483),
(484,1,1,NULL,NULL,NULL,NULL,NULL,NULL,'CET','CET',484),
(485,1,1,NULL,NULL,NULL,NULL,NULL,NULL,'Continental','Chile/Continental',485),
(486,1,1,NULL,NULL,NULL,NULL,NULL,NULL,'EasterIsland','Chile/EasterIsland',486),
(487,1,1,NULL,NULL,NULL,NULL,NULL,NULL,'CST6CDT','CST6CDT',487),
(488,1,1,NULL,NULL,NULL,NULL,NULL,NULL,'Cuba','Cuba',488),
(489,1,1,NULL,NULL,NULL,NULL,NULL,NULL,'EET','EET',489),
(490,1,1,NULL,NULL,NULL,NULL,NULL,NULL,'Egypt','Egypt',490),
(491,1,1,NULL,NULL,NULL,NULL,NULL,NULL,'Eire','Eire',491),
(492,1,1,NULL,NULL,NULL,NULL,NULL,NULL,'EST','EST',492),
(493,1,1,NULL,NULL,NULL,NULL,NULL,NULL,'EST5EDT','EST5EDT',493),
(494,1,1,NULL,NULL,NULL,NULL,NULL,NULL,'GMT','Etc/GMT',494),
(495,1,1,NULL,NULL,NULL,NULL,NULL,NULL,'GMT+0','Etc/GMT+0',495),
(496,1,1,NULL,NULL,NULL,NULL,NULL,NULL,'GMT+1','Etc/GMT+1',496),
(497,1,1,NULL,NULL,NULL,NULL,NULL,NULL,'GMT+10','Etc/GMT+10',497),
(498,1,1,NULL,NULL,NULL,NULL,NULL,NULL,'GMT+11','Etc/GMT+11',498),
(499,1,1,NULL,NULL,NULL,NULL,NULL,NULL,'GMT+12','Etc/GMT+12',499),
(500,1,1,NULL,NULL,NULL,NULL,NULL,NULL,'GMT+2','Etc/GMT+2',500),
(501,1,1,NULL,NULL,NULL,NULL,NULL,NULL,'GMT+3','Etc/GMT+3',501),
(502,1,1,NULL,NULL,NULL,NULL,NULL,NULL,'GMT+4','Etc/GMT+4',502),
(503,1,1,NULL,NULL,NULL,NULL,NULL,NULL,'GMT+5','Etc/GMT+5',503),
(504,1,1,NULL,NULL,NULL,NULL,NULL,NULL,'GMT+6','Etc/GMT+6',504),
(505,1,1,NULL,NULL,NULL,NULL,NULL,NULL,'GMT+7','Etc/GMT+7',505),
(506,1,1,NULL,NULL,NULL,NULL,NULL,NULL,'GMT+8','Etc/GMT+8',506),
(507,1,1,NULL,NULL,NULL,NULL,NULL,NULL,'GMT+9','Etc/GMT+9',507),
(508,1,1,NULL,NULL,NULL,NULL,NULL,NULL,'GMT-0','Etc/GMT-0',508),
(509,1,1,NULL,NULL,NULL,NULL,NULL,NULL,'GMT-1','Etc/GMT-1',509),
(510,1,1,NULL,NULL,NULL,NULL,NULL,NULL,'GMT-10','Etc/GMT-10',510),
(511,1,1,NULL,NULL,NULL,NULL,NULL,NULL,'GMT-11','Etc/GMT-11',511),
(512,1,1,NULL,NULL,NULL,NULL,NULL,NULL,'GMT-12','Etc/GMT-12',512),
(513,1,1,NULL,NULL,NULL,NULL,NULL,NULL,'GMT-13','Etc/GMT-13',513),
(514,1,1,NULL,NULL,NULL,NULL,NULL,NULL,'GMT-14','Etc/GMT-14',514),
(515,1,1,NULL,NULL,NULL,NULL,NULL,NULL,'GMT-2','Etc/GMT-2',515),
(516,1,1,NULL,NULL,NULL,NULL,NULL,NULL,'GMT-3','Etc/GMT-3',516),
(517,1,1,NULL,NULL,NULL,NULL,NULL,NULL,'GMT-4','Etc/GMT-4',517),
(518,1,1,NULL,NULL,NULL,NULL,NULL,NULL,'GMT-5','Etc/GMT-5',518),
(519,1,1,NULL,NULL,NULL,NULL,NULL,NULL,'GMT-6','Etc/GMT-6',519),
(520,1,1,NULL,NULL,NULL,NULL,NULL,NULL,'GMT-7','Etc/GMT-7',520),
(521,1,1,NULL,NULL,NULL,NULL,NULL,NULL,'GMT-8','Etc/GMT-8',521),
(522,1,1,NULL,NULL,NULL,NULL,NULL,NULL,'GMT-9','Etc/GMT-9',522),
(523,1,1,NULL,NULL,NULL,NULL,NULL,NULL,'GMT0','Etc/GMT0',523),
(524,1,1,NULL,NULL,NULL,NULL,NULL,NULL,'Greenwich','Etc/Greenwich',524),
(525,1,1,NULL,NULL,NULL,NULL,NULL,NULL,'UCT','Etc/UCT',525),
(526,1,1,NULL,NULL,NULL,NULL,NULL,NULL,'Universal','Etc/Universal',526),
(527,1,1,NULL,NULL,NULL,NULL,NULL,NULL,'UTC','Etc/UTC',527),
(528,1,1,NULL,NULL,NULL,NULL,NULL,NULL,'Zulu','Etc/Zulu',528),
(529,1,1,NULL,NULL,NULL,NULL,NULL,NULL,'Factory','Factory',529),
(530,1,1,NULL,NULL,NULL,NULL,NULL,NULL,'GB','GB',530),
(531,1,1,NULL,NULL,NULL,NULL,NULL,NULL,'GB-Eire','GB-Eire',531),
(532,1,1,NULL,NULL,NULL,NULL,NULL,NULL,'GMT','GMT',532),
(533,1,1,NULL,NULL,NULL,NULL,NULL,NULL,'GMT+0','GMT+0',533),
(534,1,1,NULL,NULL,NULL,NULL,NULL,NULL,'GMT-0','GMT-0',534),
(535,1,1,NULL,NULL,NULL,NULL,NULL,NULL,'GMT0','GMT0',535),
(536,1,1,NULL,NULL,NULL,NULL,NULL,NULL,'Greenwich','Greenwich',536),
(537,1,1,NULL,NULL,NULL,NULL,NULL,NULL,'Hongkong','Hongkong',537),
(538,1,1,NULL,NULL,NULL,NULL,NULL,NULL,'HST','HST',538),
(539,1,1,NULL,NULL,NULL,NULL,NULL,NULL,'Iceland','Iceland',539),
(540,1,1,NULL,NULL,NULL,NULL,NULL,NULL,'Iran','Iran',540),
(541,1,1,NULL,NULL,NULL,NULL,NULL,NULL,'Israel','Israel',541),
(542,1,1,NULL,NULL,NULL,NULL,NULL,NULL,'Jamaica','Jamaica',542),
(543,1,1,NULL,NULL,NULL,NULL,NULL,NULL,'Japan','Japan',543),
(544,1,1,NULL,NULL,NULL,NULL,NULL,NULL,'Kwajalein','Kwajalein',544),
(545,1,1,NULL,NULL,NULL,NULL,NULL,NULL,'Libya','Libya',545),
(546,1,1,NULL,NULL,NULL,NULL,NULL,NULL,'MET','MET',546),
(547,1,1,NULL,NULL,NULL,NULL,NULL,NULL,'BajaNorte','Mexico/BajaNorte',547),
(548,1,1,NULL,NULL,NULL,NULL,NULL,NULL,'BajaSur','Mexico/BajaSur',548),
(549,1,1,NULL,NULL,NULL,NULL,NULL,NULL,'General','Mexico/General',549),
(550,1,1,NULL,NULL,NULL,NULL,NULL,NULL,'MST','MST',550),
(551,1,1,NULL,NULL,NULL,NULL,NULL,NULL,'MST7MDT','MST7MDT',551),
(552,1,1,NULL,NULL,NULL,NULL,NULL,NULL,'Navajo','Navajo',552),
(553,1,1,NULL,NULL,NULL,NULL,NULL,NULL,'NZ','NZ',553),
(554,1,1,NULL,NULL,NULL,NULL,NULL,NULL,'NZ-CHAT','NZ-CHAT',554),
(555,1,1,NULL,NULL,NULL,NULL,NULL,NULL,'Poland','Poland',555),
(556,1,1,NULL,NULL,NULL,NULL,NULL,NULL,'Portugal','Portugal',556),
(557,1,1,NULL,NULL,NULL,NULL,NULL,NULL,'PRC','PRC',557),
(558,1,1,NULL,NULL,NULL,NULL,NULL,NULL,'PST8PDT','PST8PDT',558),
(559,1,1,NULL,NULL,NULL,NULL,NULL,NULL,'ROC','ROC',559),
(560,1,1,NULL,NULL,NULL,NULL,NULL,NULL,'ROK','ROK',560),
(561,1,1,NULL,NULL,NULL,NULL,NULL,'2016-01-15 15:43:55','Singapore','Singapore',561),
(562,1,1,NULL,NULL,NULL,NULL,NULL,NULL,'Turkey','Turkey',562),
(563,1,1,NULL,NULL,NULL,NULL,NULL,NULL,'UCT','UCT',563),
(564,1,1,NULL,NULL,NULL,NULL,NULL,NULL,'Universal','Universal',564),
(565,1,1,NULL,NULL,NULL,NULL,NULL,NULL,'Alaska','US/Alaska',565),
(566,1,1,NULL,NULL,NULL,NULL,NULL,NULL,'Aleutian','US/Aleutian',566),
(567,1,1,NULL,NULL,NULL,NULL,NULL,NULL,'Arizona','US/Arizona',567),
(568,1,1,NULL,NULL,NULL,NULL,NULL,NULL,'Central','US/Central',568),
(569,1,1,NULL,NULL,NULL,NULL,NULL,NULL,'East-Indiana','US/East-Indiana',569),
(570,1,1,NULL,NULL,NULL,NULL,NULL,NULL,'Eastern','US/Eastern',570),
(571,1,1,NULL,NULL,NULL,NULL,NULL,NULL,'Hawaii','US/Hawaii',571),
(572,1,1,NULL,NULL,NULL,NULL,NULL,NULL,'Indiana-Starke','US/Indiana-Starke',572),
(573,1,1,NULL,NULL,NULL,NULL,NULL,NULL,'Michigan','US/Michigan',573),
(574,1,1,NULL,NULL,NULL,NULL,NULL,NULL,'Mountain','US/Mountain',574),
(575,1,1,NULL,NULL,NULL,NULL,NULL,NULL,'Pacific','US/Pacific',575),
(576,1,1,NULL,NULL,NULL,NULL,NULL,NULL,'Pacific-New','US/Pacific-New',576),
(577,1,1,NULL,NULL,NULL,NULL,NULL,NULL,'Samoa','US/Samoa',577),
(578,1,1,NULL,NULL,NULL,NULL,NULL,NULL,'  UTC','UTC',578),
(579,1,1,NULL,NULL,NULL,NULL,NULL,NULL,'W-SU','W-SU',579),
(580,1,1,NULL,NULL,NULL,NULL,NULL,NULL,'WET','WET',580),
(581,1,1,NULL,NULL,NULL,NULL,NULL,NULL,'Zulu','Zulu',581);
/*!40000 ALTER TABLE `metadata_list_values` ENABLE KEYS */;
UNLOCK TABLES;

--
-- Table structure for table `metadata_master`
--

DROP TABLE IF EXISTS `metadata_master`;
/*!40101 SET @saved_cs_client     = @@character_set_client */;
/*!40101 SET character_set_client = utf8 */;
CREATE TABLE `metadata_master` (
  `id` int(11) NOT NULL AUTO_INCREMENT,
  `organization_id` int(11) DEFAULT NULL,
  `entity_id` int(11) DEFAULT NULL,
  `created_by` int(11) DEFAULT NULL,
  `created_at` datetime DEFAULT NULL,
  `modified_by` int(11) DEFAULT NULL,
  `modified_at` datetime DEFAULT NULL,
  `deleted_by` int(11) DEFAULT NULL,
  `deleted_at` datetime DEFAULT NULL,
  `meta_key` varchar(30) COLLATE utf8_unicode_ci DEFAULT NULL,
  `definition_type` varchar(1) COLLATE utf8_unicode_ci DEFAULT NULL,
  `metadata_type` varchar(1) COLLATE utf8_unicode_ci DEFAULT NULL,
  `no_of_decimals` int(11) DEFAULT NULL,
  `is_required` tinyint(1) DEFAULT NULL,
  `min_range` decimal(15,4) DEFAULT NULL,
  `max_range` decimal(15,4) DEFAULT NULL,
  `sequence` int(11) DEFAULT NULL,
  PRIMARY KEY (`id`),
  KEY `IDX_8E57C01A32C8A3DE` (`organization_id`),
  KEY `IDX_8E57C01A81257D5D` (`entity_id`),
  CONSTRAINT `FK_8E57C01A32C8A3DE` FOREIGN KEY (`organization_id`) REFERENCES `organization` (`id`),
  CONSTRAINT `FK_8E57C01A81257D5D` FOREIGN KEY (`entity_id`) REFERENCES `entity` (`id`)
) ENGINE=InnoDB AUTO_INCREMENT=2 DEFAULT CHARSET=utf8 COLLATE=utf8_unicode_ci;
/*!40101 SET character_set_client = @saved_cs_client */;

--
-- Dumping data for table `metadata_master`
--

LOCK TABLES `metadata_master` WRITE;
/*!40000 ALTER TABLE `metadata_master` DISABLE KEYS */;
INSERT INTO `metadata_master` VALUES
(1,542,NULL,NULL,'2014-09-02 19:16:24',NULL,'2014-09-03 04:52:03',NULL,NULL,'System_timezones','O','S',NULL,NULL,NULL,NULL,0);
/*!40000 ALTER TABLE `metadata_master` ENABLE KEYS */;
UNLOCK TABLES;

--
-- Table structure for table `metadata_master_lang`
--

DROP TABLE IF EXISTS `metadata_master_lang`;
/*!40101 SET @saved_cs_client     = @@character_set_client */;
/*!40101 SET character_set_client = utf8 */;
CREATE TABLE `metadata_master_lang` (
  `id` int(11) NOT NULL AUTO_INCREMENT,
  `metadata_id` int(11) DEFAULT NULL,
  `lang_id` int(11) DEFAULT NULL,
  `created_by` int(11) DEFAULT NULL,
  `created_at` datetime DEFAULT NULL,
  `modified_by` int(11) DEFAULT NULL,
  `modified_at` datetime DEFAULT NULL,
  `deleted_by` int(11) DEFAULT NULL,
  `deleted_at` datetime DEFAULT NULL,
  `meta_name` varchar(255) COLLATE utf8_unicode_ci DEFAULT NULL,
  `meta_description` varchar(255) COLLATE utf8_unicode_ci DEFAULT NULL,
  PRIMARY KEY (`id`),
  KEY `IDX_FCC218ACDC9EE959` (`metadata_id`),
  KEY `IDX_FCC218ACB213FA4` (`lang_id`),
  CONSTRAINT `FK_FCC218ACB213FA4` FOREIGN KEY (`lang_id`) REFERENCES `language_master` (`id`),
  CONSTRAINT `FK_FCC218ACDC9EE959` FOREIGN KEY (`metadata_id`) REFERENCES `metadata_master` (`id`)
) ENGINE=InnoDB AUTO_INCREMENT=2 DEFAULT CHARSET=utf8 COLLATE=utf8_unicode_ci;
/*!40101 SET character_set_client = @saved_cs_client */;

--
-- Dumping data for table `metadata_master_lang`
--

LOCK TABLES `metadata_master_lang` WRITE;
/*!40000 ALTER TABLE `metadata_master_lang` DISABLE KEYS */;
INSERT INTO `metadata_master_lang` VALUES
(1,1,1,NULL,'2014-09-02 19:16:24',NULL,'2014-09-02 19:16:24',NULL,NULL,'System_timezones','System_timezones');
/*!40000 ALTER TABLE `metadata_master_lang` ENABLE KEYS */;
UNLOCK TABLES;

--
-- Table structure for table `migration_versions`
--

DROP TABLE IF EXISTS `migration_versions`;
/*!40101 SET @saved_cs_client     = @@character_set_client */;
/*!40101 SET character_set_client = utf8 */;
CREATE TABLE `migration_versions` (
  `version` varchar(255) COLLATE utf8_unicode_ci NOT NULL,
  PRIMARY KEY (`version`)
) ENGINE=InnoDB DEFAULT CHARSET=utf8 COLLATE=utf8_unicode_ci;
/*!40101 SET character_set_client = @saved_cs_client */;

--
-- Dumping data for table `migration_versions`
--

LOCK TABLES `migration_versions` WRITE;
/*!40000 ALTER TABLE `migration_versions` DISABLE KEYS */;
INSERT INTO `migration_versions` VALUES
('20140729224036'),
('20140729225635'),
('20140729230250'),
('20140729231026'),
('20140729233858'),
('20140729234955'),
('20140731191946'),
('20140804164058'),
('20140805185717'),
('20140818152930'),
('20140818154234'),
('20140826144814'),
('20140826155008'),
('20140828205229'),
('20140828231414'),
('20140902041125'),
('20140905080440'),
('20140908170845'),
('20140909132358'),
('20140911141907'),
('20140911145102'),
('20140912123326'),
('20140918101509'),
('20140918110133'),
('20140919071650'),
('20140922091249'),
('20140924095105'),
('20140925100825'),
('20140925115027'),
('20140926090013'),
('20140926110935'),
('20140930070613'),
('20140930140236'),
('20141008071840'),
('20141013114649'),
('20141014063455'),
('20141014090811'),
('20141018211438'),
('20141019160524'),
('20141021102624'),
('20141022214202'),
('20141024072511'),
('20141024100649'),
('20141024173420'),
('20141027121006'),
('20141028095528'),
('20141028112856'),
('20141028120250'),
('20141029091232'),
('20141029101208'),
('20141029131639'),
('20141029133752'),
('20141030154643'),
('20141030220739'),
('20141103103711'),
('20141105065017'),
('20141110140850'),
('20141110151243'),
('20141117054130'),
('20141117071030'),
('20141118101230'),
('20141124072948'),
('20141124174128'),
('20141125071407'),
('20141202065337'),
('20141202151544'),
('20141203052022'),
('20141215124432'),
('20141217084859'),
('20141217111515'),
('20141219140752'),
('20141222044424'),
('20141222071555'),
('20141222072807'),
('20141222113621'),
('20141223114036'),
('20141223114859'),
('20141223131147'),
('20141224093848'),
('20141224103116'),
('20141231130951'),
('20150101105233'),
('20150102061610'),
('20150105133005'),
('20150105163800'),
('20150204113759'),
('20150204114823'),
('20150204235054'),
('20150205093603'),
('20150206095410'),
('20150212093729'),
('20150213082352'),
('20150213094045'),
('20150216064337'),
('20150216065341'),
('20150216095322'),
('20150223133712'),
('20150224091638'),
('20150224113148'),
('20150224123706'),
('20150225092423'),
('20150226050641'),
('20150226141830'),
('20150303114949'),
('20150310155857'),
('20150312044209'),
('20150319141555'),
('20150320071335'),
('20150320114341'),
('20150320154639'),
('20150323145008'),
('20150327163207'),
('20150329072515'),
('20150331063618'),
('20150331101820'),
('20150331130418'),
('20150401135946'),
('20150403110531'),
('20150405065621'),
('20150406152225'),
('20150408072706'),
('20150408073332'),
('20150408094552'),
('20150413100837'),
('20150415094212'),
('20150417134014'),
('20150420094639'),
('20150422195401'),
('20150423063739'),
('20150423124544'),
('20150424052218'),
('20150424094408'),
('20150427132701'),
('20150427162221'),
('20150429143237'),
('20150430093931'),
('20150430145426'),
('20150430175619'),
('20150504042602'),
('20150504102328'),
('20150504133456'),
('20150504220150'),
('20150506111729'),
('20150506205053'),
('20150508130511'),
('20150508135446'),
('20150508142629'),
('20150511135852'),
('20150511160405'),
('20150511222206'),
('20150511232551'),
('20150512074755'),
('20150512132734'),
('20150512160016'),
('20150513075038'),
('20150513182646'),
('20150513213415'),
('20150514134921'),
('20150514142302'),
('20150515042040'),
('20150518035112'),
('20150518135644'),
('20150519112425'),
('20150520133919'),
('20150522114239'),
('20150522125700'),
('20150525151435'),
('20150528135607'),
('20150529072040'),
('20150601112737'),
('20150601125952'),
('20150602113522'),
('20150602135352'),
('20150602202230'),
('20150603120314'),
('20150603130058'),
('20150603152914'),
('20150604132235'),
('20150604142628'),
('20150604142629'),
('20150605143914'),
('20150605180022'),
('20150605200154'),
('20150608100922'),
('20150608141745'),
('20150608170922'),
('20150609092340'),
('20150609103524'),
('20150609132543'),
('20150610070638'),
('20150610134334'),
('20150610142420'),
('20150611052615'),
('20150611060455'),
('20150611062722'),
('20150611063934'),
('20150611070433'),
('20150611070944'),
('20150611174758'),
('20150612071231'),
('20150612130920'),
('20150612132312'),
('20150612140439'),
('20150615133529'),
('20150616042202'),
('20150616062835'),
('20150616105058'),
('20150616121115'),
('20150616135537'),
('20150616140732'),
('20150617102207'),
('20150617135858'),
('20150617154909'),
('20150618065429'),
('20150618101525'),
('20150618104157'),
('20150618114453'),
('20150618123735'),
('20150618180022'),
('20150618190035'),
('20150619061106'),
('20150619082424'),
('20150619090656'),
('20150622063226'),
('20150622073038'),
('20150622132512'),
('20150623072833'),
('20150623112606'),
('20150623115030'),
('20150623142519'),
('20150625230922'),
('20150626054313'),
('20150626220702'),
('20150626235220'),
('20150627070035'),
('20150627114123'),
('20150627114458'),
('20150627140226'),
('20150628080543'),
('20150628110757'),
('20150628131058'),
('20150628161058'),
('20150628174010'),
('20150629082256'),
('20150630055354'),
('20150630062332'),
('20150630064839'),
('20150630104022'),
('20150630114853'),
('20150630125402'),
('20150630153305'),
('20150630171122'),
('20150701070419'),
('20150701085116'),
('20150701100911'),
('20150701125411'),
('20150701140621'),
('20150701181000'),
('20150701183324'),
('20150701191010'),
('20150703093010'),
('20150703101605'),
('20150703110010'),
('20150703120922'),
('20150703131022'),
('20150703195522'),
('20150704153010'),
('20150704160000'),
('20150706105528'),
('20150706110454'),
('20150707124111'),
('20150707133432'),
('20150708073354'),
('20150708095013'),
('20150708120922'),
('20150708165210'),
('20150709154032'),
('20150710052041'),
('20150710094907'),
('20150710095825'),
('20150710115959'),
('20150710154700'),
('20150710200419'),
('20150711063328'),
('20150711064303'),
('20150711150122'),
('20150711180122'),
('20150711184109'),
('20150712002522'),
('20150712163522'),
('20150713050947'),
('20150713111826'),
('20150713160122'),
('20150713180922'),
('20150714062826'),
('20150714071505'),
('20150714143559'),
('20150715142100'),
('20150721053753'),
('20150721163753'),
('20150722070400'),
('20150722095926'),
('20150722131130'),
('20150729063748'),
('20150729100620'),
('20150729110928'),
('20150729114130'),
('20150729244431'),
('20150730095428'),
('20150731044041'),
('20150731090316'),
('20150731131034'),
('20150803094443'),
('20150803222843'),
('20150804095231'),
('20150804102341'),
('20150804144844'),
('20150804145947'),
('20150804153458'),
('20150805043557'),
('20150805061044'),
('20150805124139'),
('20150805133325'),
('20150805134719'),
('20150805200139'),
('20150806033800'),
('20150806073649'),
('20150806094619'),
('20150806124822'),
('20150806175812'),
('20150806181744'),
('20150806181935'),
('20150806182629'),
('20150807115827'),
('20150807121811'),
('20150810112744'),
('20150810121832'),
('20150810131546'),
('20150810132818'),
('20150810133358'),
('20150810150705'),
('20150810152046'),
('20150810214640'),
('20150811070115'),
('20150811114425'),
('20150811134602'),
('20150812122518'),
('20150812130913'),
('20150812152433'),
('20150813051602'),
('20150813090121'),
('20150813114302'),
('20150813130046'),
('20150813135605'),
('20150813212902'),
('20150813220354'),
('20150814063553'),
('20150814130808'),
('20150817095951'),
('20150817214322'),
('20150818034549'),
('20150818061010'),
('20150818061429'),
('20150818085704'),
('20150818092646'),
('20150818094826'),
('20150818101747'),
('20150818135647'),
('20150818145735'),
('20150818150438'),
('20150818152412'),
('20150818211145'),
('20150819092233'),
('20150820042247'),
('20150820045221'),
('20150820070312'),
('20150820085942'),
('20150820114312'),
('20150820205022'),
('20150820213851'),
('20150821105411'),
('20150821131027'),
('20150821134657'),
('20150821200618'),
('20150821234410'),
('20150822024841'),
('20150822030642'),
('20150824019999'),
('20150824054114'),
('20150824103647'),
('20150824193211'),
('20150825070444'),
('20150825091220'),
('20150825093347'),
('20150825130406'),
('20150825152530'),
('20150825155523'),
('20150825183446'),
('20150825211142'),
('20150825220528'),
('20150826063456'),
('20150826130231'),
('20150826143454'),
('20150826145956'),
('20150826174450'),
('20150827112633'),
('20150827120444'),
('20150827132617'),
('20150827135232'),
('20150827140456'),
('20150828120706'),
('20150828131326'),
('20150828165456'),
('20150828170445'),
('20150828193315'),
('20150828205105'),
('20150831142312'),
('20150831150242'),
('20150831194022'),
('20150901035024'),
('20150901040944'),
('20150901061840'),
('20150901074036'),
('20150901091601'),
('20150902093725'),
('20150902121442'),
('20150902150336'),
('20150902155752'),
('20150903024315'),
('20150903132437'),
('20150903143242'),
('20150903163639'),
('20150904115203'),
('20150904194223'),
('20150907101253'),
('20150907104837'),
('20150907112956'),
('20150907113556'),
('20150907114128'),
('20150907115123'),
('20150907115402'),
('20150907115623'),
('20150907121515'),
('20150907125059'),
('20150907125825'),
('20150907130008'),
('20150907173242'),
('20150908083758'),
('20150908101806'),
('20150908142430'),
('20150908151213'),
('20150908154408'),
('20150908191335'),
('20150909102216'),
('20150909124242'),
('20150909220603'),
('20150910063053'),
('20150910064432'),
('20150910115377'),
('20150910133945'),
('20150910191811'),
('20150910222345'),
('20150913004538'),
('20150914024848'),
('20150915004126'),
('20150915060904'),
('20150915100331'),
('20150915181758'),
('20150916084034'),
('20150916143633'),
('20150916144326'),
('20150916160453'),
('20150918203409'),
('20150921071414'),
('20150921085225'),
('20150921115016'),
('20150921164014'),
('20150922093245'),
('20150922094028'),
('20150922132159'),
('20150922134534'),
('20150922190009'),
('20150923084433'),
('20150923113640'),
('20150923134042'),
('20150923150432'),
('20150923173536'),
('20150923193541'),
('20150923194837'),
('20150923214747'),
('20150924021556'),
('20150924045315'),
('20150924162915'),
('20150925153542'),
('20150928070540'),
('20150928130210'),
('20150928200002'),
('20150929125820'),
('20150929130851'),
('20150929181808'),
('20150929185911'),
('20150929191823'),
('20150930052321'),
('20150930063356'),
('20150930195038'),
('20151001103032'),
('20151002000505'),
('20151002003635'),
('20151002152355'),
('20151005065151'),
('20151007115528'),
('20151007165835'),
('20151008123514'),
('20151008204141'),
('20151008205944'),
('20151008211516'),
('20151008212057'),
('20151008212545'),
('20151009132258'),
('20151009181936'),
('20151012062545'),
('20151012111020'),
('20151012114325'),
('20151012125150'),
('20151012141009'),
('20151013042935'),
('20151014073645'),
('20151014112259'),
('20151014164308'),
('20151015111944'),
('20151015122314'),
('20151015141132'),
('20151015183553'),
('20151016064427'),
('20151016102219'),
('20151016131049'),
('20151016151445'),
('20151018083942'),
('20151019090548'),
('20151020054153'),
('20151020093450'),
('20151020135630'),
('20151020153526'),
('20151020155234'),
('20151020182414'),
('20151020201045'),
('20151020210246'),
('20151021182931'),
('20151022130400'),
('20151023140226'),
('20151026160104'),
('20151027031414'),
('20151027150800'),
('20151028084555'),
('20151028091941'),
('20151029072346'),
('20151029104751'),
('20151030060023'),
('20151030085030'),
('20151102063725'),
('20151102150958'),
('20151102151515'),
('20151102205413'),
('20151102222131'),
('20151103051320'),
('20151103054035'),
('20151103153638'),
('20151104071329'),
('20151104200846'),
('20151105065227'),
('20151105153320'),
('20151109193311'),
('20151119150536'),
('20151119214353'),
('20151123065211'),
('20151123095458'),
('20151123114307'),
('20151123141331'),
('20151124065258'),
('20151124120925'),
('20151126105927'),
('20151127063330'),
('20151130201447'),
('20151201095057'),
('20151201164552'),
('20151201165743'),
('20151201193521'),
('20151201200059'),
('20151202061209'),
('20151202165630'),
('20151202175447'),
('20151202183637'),
('20151203144626'),
('20151203210847'),
('20151207074056'),
('20151208044553'),
('20151208053313'),
('20151208061423'),
('20151209120834'),
('20151209125713'),
('20151209205644'),
('20151210043603'),
('20151210120145'),
('20151211101613'),
('20151211135121'),
('20151211185035'),
('20151211185648'),
('20151214064659'),
('20151215044048'),
('20151216102734'),
('20151216105155'),
('20151217101107'),
('20151222042905'),
('20151222080000'),
('20151223030124'),
('20151223154447'),
('20151231090000'),
('20152210185911'),
('20160104180832'),
('20160105030000'),
('20160105090445'),
('20160106200146'),
('20160106200605'),
('20160106200727'),
('20160111070326'),
('20160111105658'),
('20160114120000'),
('20160114140000');
/*!40000 ALTER TABLE `migration_versions` ENABLE KEYS */;
UNLOCK TABLES;

--
-- Table structure for table `note`
--

DROP TABLE IF EXISTS `note`;
/*!40101 SET @saved_cs_client     = @@character_set_client */;
/*!40101 SET character_set_client = utf8 */;
CREATE TABLE `note` (
  `id` int(11) NOT NULL AUTO_INCREMENT,
  `organization_id` int(11) DEFAULT NULL,
  `person_id_student` int(11) DEFAULT NULL,
  `person_id_faculty` int(11) DEFAULT NULL,
  `activity_category_id` int(11) DEFAULT NULL,
  `created_by` int(11) DEFAULT NULL,
  `created_at` datetime DEFAULT NULL,
  `modified_by` int(11) DEFAULT NULL,
  `modified_at` datetime DEFAULT NULL,
  `deleted_by` int(11) DEFAULT NULL,
  `deleted_at` datetime DEFAULT NULL,
  `note` longtext COLLATE utf8_unicode_ci NOT NULL,
  `note_date` datetime NOT NULL,
  `access_private` tinyint(1) DEFAULT NULL,
  `access_public` tinyint(1) DEFAULT NULL,
  `access_team` tinyint(1) DEFAULT NULL,
  PRIMARY KEY (`id`),
  KEY `IDX_CFBDFA1432C8A3DE` (`organization_id`),
  KEY `IDX_CFBDFA145F056556` (`person_id_student`),
  KEY `IDX_CFBDFA14FFB0AA26` (`person_id_faculty`),
  KEY `IDX_CFBDFA141CC8F7EE` (`activity_category_id`),
  CONSTRAINT `FK_CFBDFA141CC8F7EE` FOREIGN KEY (`activity_category_id`) REFERENCES `activity_category` (`id`),
  CONSTRAINT `FK_CFBDFA1432C8A3DE` FOREIGN KEY (`organization_id`) REFERENCES `organization` (`id`),
  CONSTRAINT `FK_CFBDFA145F056556` FOREIGN KEY (`person_id_student`) REFERENCES `person` (`id`),
  CONSTRAINT `FK_CFBDFA14FFB0AA26` FOREIGN KEY (`person_id_faculty`) REFERENCES `person` (`id`)
) ENGINE=InnoDB AUTO_INCREMENT=234 DEFAULT CHARSET=utf8 COLLATE=utf8_unicode_ci;
/*!40101 SET character_set_client = @saved_cs_client */;

--
-- Dumping data for table `note`
--

LOCK TABLES `note` WRITE;
/*!40000 ALTER TABLE `note` DISABLE KEYS */;
INSERT INTO `note` VALUES
(210,542,99414,99435,19,NULL,'2015-05-19 21:52:30',NULL,'2015-05-19 21:52:30',NULL,NULL,'','2015-05-19 21:52:30',0,1,0),
(211,542,99417,99435,42,NULL,'2015-05-19 22:55:41',NULL,'2015-05-19 22:55:41',NULL,NULL,'Note Here','2015-05-19 22:55:41',0,1,0),
(212,542,99422,99445,42,NULL,'2015-05-20 15:45:33',NULL,'2015-05-20 15:45:33',NULL,NULL,'Testing Notes','2015-05-20 15:45:33',1,0,0),
(213,542,99422,99445,21,NULL,'2015-05-20 15:47:17',NULL,'2015-05-20 15:47:17',NULL,NULL,'PUBLIC NOTES','2015-05-20 15:47:17',0,1,0),
(214,542,99422,99445,21,NULL,'2015-05-20 15:48:22',NULL,'2015-05-20 15:48:22',NULL,NULL,'TEAM NOTES','2015-05-20 15:48:22',0,0,1),
(215,542,99410,99440,19,NULL,'2015-06-17 20:04:48',NULL,'2015-06-17 20:04:48',NULL,NULL,'Public note created by Minerva McGonagall about Alicia Spinnet.','2015-06-17 20:04:48',0,1,0),
(216,542,99410,99440,21,NULL,'2015-06-17 20:05:18',NULL,'2015-06-17 20:05:18',NULL,NULL,'Private note created by Minerva McGonagall about Alicia Spinnet.','2015-06-17 20:05:18',1,0,0),
(217,542,99410,99440,19,NULL,'2015-06-19 18:34:42',NULL,'2015-06-19 18:34:42',NULL,NULL,'Team note shared with team Gryffindor.','2015-06-19 18:34:42',0,0,1),
(218,542,99410,99440,21,NULL,'2015-06-19 18:35:27',NULL,'2015-06-19 18:35:27',NULL,NULL,'Team note shared with team Heads of Houses.','2015-06-19 18:35:27',0,0,1),
(219,542,99411,99440,21,NULL,'2015-06-23 16:48:51',NULL,'2015-06-23 16:48:51',NULL,NULL,'Note about student that\'s in two groups, shared with team Heads of Houses.','2015-06-23 16:48:51',0,0,1),
(220,542,99422,99436,19,NULL,'2015-07-01 13:24:51',NULL,'2015-07-01 13:24:51',NULL,NULL,'Public note created by Argus Filch','2015-07-01 13:24:51',0,1,0),
(221,542,99422,99436,19,NULL,'2015-07-01 13:24:52',NULL,'2015-07-01 13:24:52',NULL,NULL,'Private note created by Argus Filch','2015-07-01 13:24:52',1,0,0),
(222,542,99429,99704,22,NULL,'2015-07-01 17:09:18',NULL,'2015-07-01 17:09:18',NULL,NULL,'You are getting better Neville','2015-07-01 17:09:18',0,1,0),
(223,542,99429,99704,20,NULL,'2015-07-01 17:46:47',NULL,'2015-07-01 17:46:47',NULL,NULL,'Much improved','2015-07-01 17:46:47',1,0,0),
(224,542,99422,99704,19,NULL,'2015-07-09 14:31:32',NULL,'2015-07-09 14:31:32',NULL,NULL,'Nesting Test: Public Note under private referral','2015-07-09 14:31:32',0,1,0),
(225,542,99422,99704,19,NULL,'2015-07-09 14:32:19',NULL,'2015-07-09 14:32:19',NULL,NULL,'Nesting Test: Private Note under public referral','2015-07-09 14:32:19',1,0,0),
(226,542,99422,99441,19,NULL,'2015-07-09 20:09:34',NULL,'2015-07-09 20:09:34',NULL,NULL,'HP contact from Oliver - private test','2015-07-09 20:09:34',1,0,0),
(227,542,99413,99443,21,NULL,'2015-07-10 13:21:42',NULL,'2015-07-10 13:21:42',NULL,NULL,'note for Cedric from Pomona','2015-07-10 13:21:42',1,0,0),
(228,542,99413,99443,19,NULL,'2015-07-10 13:22:10',NULL,'2015-07-10 13:22:10',NULL,NULL,'note for all Cedric Pomona','2015-07-10 13:22:10',0,1,0),
(229,542,99422,99446,19,NULL,'2015-07-17 15:24:20',NULL,'2015-07-17 15:24:20',NULL,NULL,'Hagrid-Harry is a good kid','2015-07-17 15:24:20',1,0,0),
(230,542,99422,99446,19,NULL,'2015-07-17 15:24:41',NULL,'2015-07-17 15:24:41',NULL,NULL,'Hagrid-Harry is a good kid','2015-07-17 15:24:41',0,1,0),
(231,542,99432,99446,19,NULL,'2015-07-17 18:25:27',NULL,'2015-07-17 18:25:27',NULL,NULL,'Ron is a good kid but,.,,','2015-07-17 18:25:27',1,0,0),
(232,542,99432,99446,19,NULL,'2015-07-17 18:26:03',NULL,'2015-07-17 18:26:03',NULL,NULL,'Ron Howard...on I mean Ron weasley is a good kid','2015-07-17 18:26:03',0,1,0),
(233,542,99422,99437,19,NULL,'2015-07-20 21:28:40',NULL,'2015-07-20 21:28:40',NULL,NULL,'private note','2015-07-20 21:28:40',1,0,0);
/*!40000 ALTER TABLE `note` ENABLE KEYS */;
UNLOCK TABLES;

--
-- Table structure for table `note_teams`
--

DROP TABLE IF EXISTS `note_teams`;
/*!40101 SET @saved_cs_client     = @@character_set_client */;
/*!40101 SET character_set_client = utf8 */;
CREATE TABLE `note_teams` (
  `id` int(11) NOT NULL AUTO_INCREMENT,
  `note_id` int(11) DEFAULT NULL,
  `teams_id` int(11) DEFAULT NULL,
  `created_by` int(11) DEFAULT NULL,
  `created_at` datetime DEFAULT NULL,
  `modified_by` int(11) DEFAULT NULL,
  `modified_at` datetime DEFAULT NULL,
  `deleted_by` int(11) DEFAULT NULL,
  `deleted_at` datetime DEFAULT NULL,
  PRIMARY KEY (`id`),
  KEY `IDX_F3D2818F26ED0855` (`note_id`),
  KEY `IDX_F3D2818FD6365F12` (`teams_id`),
  CONSTRAINT `FK_F3D2818F26ED0855` FOREIGN KEY (`note_id`) REFERENCES `note` (`id`),
  CONSTRAINT `FK_F3D2818FD6365F12` FOREIGN KEY (`teams_id`) REFERENCES `Teams` (`id`)
) ENGINE=InnoDB AUTO_INCREMENT=78 DEFAULT CHARSET=utf8 COLLATE=utf8_unicode_ci;
/*!40101 SET character_set_client = @saved_cs_client */;

--
-- Dumping data for table `note_teams`
--

LOCK TABLES `note_teams` WRITE;
/*!40000 ALTER TABLE `note_teams` DISABLE KEYS */;
INSERT INTO `note_teams` VALUES
(74,214,377,NULL,'2015-05-20 15:48:22',NULL,'2015-05-20 15:48:22',NULL,NULL),
(75,217,379,NULL,'2015-06-19 18:34:42',NULL,'2015-06-19 18:34:42',NULL,NULL),
(76,218,380,NULL,'2015-06-19 18:35:27',NULL,'2015-06-19 18:35:27',NULL,NULL),
(77,219,380,NULL,'2015-06-23 16:48:51',NULL,'2015-06-23 16:48:51',NULL,NULL);
/*!40000 ALTER TABLE `note_teams` ENABLE KEYS */;
UNLOCK TABLES;

--
-- Table structure for table `notification_log`
--

DROP TABLE IF EXISTS `notification_log`;
/*!40101 SET @saved_cs_client     = @@character_set_client */;
/*!40101 SET character_set_client = utf8 */;
CREATE TABLE `notification_log` (
  `id` int(11) NOT NULL AUTO_INCREMENT,
  `organization_id` int(11) DEFAULT NULL,
  `created_by` int(11) DEFAULT NULL,
  `created_at` datetime DEFAULT NULL,
  `modified_by` int(11) DEFAULT NULL,
  `modified_at` datetime DEFAULT NULL,
  `deleted_by` int(11) DEFAULT NULL,
  `deleted_at` datetime DEFAULT NULL,
  `sent_date` date DEFAULT NULL,
  `email_key` varchar(45) COLLATE utf8_unicode_ci DEFAULT NULL,
  `recipient_list` varchar(500) COLLATE utf8_unicode_ci DEFAULT NULL,
  `cc_list` varchar(500) COLLATE utf8_unicode_ci DEFAULT NULL,
  `bcc_list` varchar(500) COLLATE utf8_unicode_ci DEFAULT NULL,
  `subject` varchar(1000) COLLATE utf8_unicode_ci DEFAULT NULL,
  `body` longtext COLLATE utf8_unicode_ci,
  `status` varchar(1) COLLATE utf8_unicode_ci DEFAULT NULL,
  `no_of_retries` int(11) DEFAULT NULL,
  `server_response` varchar(500) COLLATE utf8_unicode_ci DEFAULT NULL,
  PRIMARY KEY (`id`),
  KEY `IDX_ED15DF232C8A3DE` (`organization_id`),
  CONSTRAINT `FK_ED15DF232C8A3DE` FOREIGN KEY (`organization_id`) REFERENCES `organization` (`id`)
) ENGINE=InnoDB AUTO_INCREMENT=6124 DEFAULT CHARSET=utf8 COLLATE=utf8_unicode_ci;
/*!40101 SET character_set_client = @saved_cs_client */;

--
-- Dumping data for table `notification_log`
--

LOCK TABLES `notification_log` WRITE;
/*!40000 ALTER TABLE `notification_log` DISABLE KEYS */;
INSERT INTO `notification_log` VALUES
(5662,542,NULL,'2015-05-11 21:54:22',NULL,'2015-05-11 21:54:22',NULL,NULL,'2015-05-11','Create_Password_Coordinator','andrew.Wilson.skyfactor@gmail.com',NULL,'SP00345364@TechMahindra.com,devadoss.poornachari@techmahindra.com,Amith.Kishore@TechMahindra.com','Mapworks - SignIn Instructions','<!DOCTYPE html PUBLIC \"-//W3C//DTD XHTML 1.0 Transitional//EN\" \"http://www.w3.org/TR/xhtml1/DTD/xhtml1-transitional.dtd\">\n\n<html xmlns=\"http://www.w3.org/1999/xhtml\">\n<head>\n    <title>Email</title>\n</head>\n<body>\n<center>\n    <table align=\"center\">\n        <tr>\n            <th style=\"padding:0px;margin:0px;\">\n               \n               <table  style=\"font-family:helvetica,arial,verdana,san-serif;font-weight:normal;width:800px; height=337px;text-align:center;padding:0px;\">\n               <tr bgcolor=\"#eeeeee\" style=\"width:800px;padding:0px;height:337px;\">\n               <td style=\"width:800px;padding:0px;height:337px;\">\n               <table style=\"text-align:center;width:100%\">\n               <tr>\n                    <td style=\"padding:0px;\">\n                    <table style=\"margin-top:56px;width:100%\">\n		<tr>\n		<td style=\"text-align:center;padding:0px;font-size:33px;height:80px;width:800px;font-family:helvetica,arial,verdana,san-serif;font-weight:normal;color:#000000\">\n					<br>Welcome to Mapworks.		\n		</td>\n		</tr>\n		</table>\n                    </td>\n               </tr>\n               <tr style=\"margin:0px;padding:0px;\">\n		<td style=\"text-align:center;font-family:helvetica,arial,verdana,san-serif;font-weight:normal;color:#333333;font-size: 16px;height:16px;padding-top:8px;\">\n        			Use the link below to create your password and start using Mapworks.\n		\n		</td></tr>\n           <tr style=\"margin:0px;padding:0px;\"><td style=\"margin:0px;padding:0px;\">\n        \n<table align=\"center\"> \n  <tr style=\"margin:0px;padding:0px;\">\n    <th style=\"margin:0px;padding:0px;\">\n           <table cellpadding=\"36\" style=\"width:100%\">\n        <tr>\n		<td align=\"center\" style=\"text-align:center;color:#000000;font-weight:normal;font-size: 20px;\">		\n		          <table style=\"border-radius:2px;width:175px;font-size:20px;font-family:helvetica,arial,verdana,san-serif;font-weight:normal;text-align:center;display: block;margin: 0 auto;padding:0px 0px\">\n		<tr>\n        <td style=\"background-color:#4673a7; height:58px;border-radius:2px;line-height:21px;text-decoration:none ;vertical-align:middle;\">        \n        <a href=\"http://synapse-uat.mnv-tech.com/#/activatecoordinator/a88246ffecadbac2bc9c9ce826b83a84\" style=\"outline-offset:19px !important;background-color: #4673a7; color: #ffffff;display: block;text-decoration: none;width:175px \"target=\"_blank\"><span style=\"text-decoration: none !important;\">Sign In Now</span></a>\n        </td></tr>\n        <tr valign=\"top\" style=\"height:33px;\">\n        <td style=\"margin-left:auto; margin-right:auto;width:100%;font-size: 14px;height:14px;padding-bottom:7px;font-family:helvetica,arial,verdana,san-serif;font-weight:medium;color:#333333;link:#1e73d5;padding-top:8px;\">       \n				<span>Use this link to <a target=\"_blank\" style=\"link:#1e73d5;\" href=\"http://synapse-uat.mnv-tech.com/#/activatecoordinator/a88246ffecadbac2bc9c9ce826b83a84\">sign in.</a></span>  \n			\n        </td></tr>\n        \n        </table>\n		</td></tr>\n        \n        </table>\n        </th>\n    \n  </tr>\n \n</table>\n       </td></tr>\n</table>\n               </td>\n               </tr>\n               <tr valign=\"top\">\n<td >\n<table>\n<tr>\n<td valign=\"top\" align=\"center\">\n<div style=\"text-align:left;margin-left:30px;font-family:helvetica,arial,verdana,san-serif;font-weight:normal;\n			margin-right:18px;font-size: 13px;color: #333333;margin-top:30px;link:#1e73d5;font-weight:normal;\" >\n				Thank you for participating in the spring 2015 pilot. We look forward to hearing your feedback as\n				it will inform future releases of our new student retention and success solution.\n				\n				<br><br>\n				If you have any questions, please contact us here.<br>\n				<a href=\"mailto:support@map-works.com\" style=\"link:#1e73d5;\">support@map-works.com</a> \n				<br><br>\n				Sincerely,\n				<div style=\"text-align:left;font-weight:bold;font-size: 14px;color:#333333\" >\n					<b>The EBI Mapworks Client Services Team</b> \n					\n				</div>\n                </div>\n</td>\n</tr>\n</table>\n</td>\n</tr>\n               </table>\n               \n            </th>\n            \n        </tr>\n        \n    </table>\n    </center>\n</body>\n</html>\n','M',NULL,NULL),
(5663,542,NULL,'2015-05-11 21:58:57',NULL,'2015-05-11 21:58:57',NULL,NULL,'2015-05-11','Welcome_Email_Coordinator','andrew.Wilson.skyfactor@gmail.com',NULL,'SP00345364@TechMahindra.com,devadoss.poornachari@techmahindra.com,Amith.Kishore@TechMahindra.com','Mapworks password created','<html>\n<div style=\"margin: 10px 0px 0px; padding: 0px; color: rgb(51, 51, 51); font-family: Arial, sans-serif; font-size: 14px; line-height: 20px; background-color: rgb(255, 255, 255);\">\nHi Andrew,<br/><br/>\n\nA Mapworks password was successfully created for your account. If this was not you or you believe this is an error,\nplease contact Mapworks support at &nbsp;<a class=\"external-link\" href=\"mailto:support@map-works.com\" rel=\"nofollow\" style=\"color: rgb(41, 114, 155); text-decoration: underline;\">support@map-works.com</a><br/><br/>\n\nWe\'re very happy to have you on board, and are here to support you!<br/><br/>\nThank you from the Mapworks team!\n\n</div>\n</html>','M',NULL,NULL),
(5751,542,NULL,'2015-05-13 17:02:59',NULL,'2015-05-13 17:02:59',NULL,NULL,'2015-05-13','Course_Upload_Notification','andrew.Wilson.skyfactor@gmail.com',NULL,'SP00345364@TechMahindra.com,devadoss.poornachari@techmahindra.com,Amith.Kishore@TechMahindra.com,harisudhakar.govindaraju@techmahindra.com','Mapworks course upload has finished','\n<html>\n <head>\n <style>body {\n      background: none repeat scroll 0 0 #f4f4f4;\n  	\n  }table {\n      padding: 21px;\n      width: 799px;\n  	font-family: helvetica,arial,verdana,san-serif;\n  	font-size:13px;\n  	color:#333;\n }\n 	</style>\n </head><body><table cellpadding=\"10\" style=\"background:#eeeeee;\" cellspacing=\"0\"><tbody><tr style=\"background:#fff;border-collapse:collapse;\"><td>Dear Andrew:</td></tr><tr style=\"background:#fff;border-collapse:collapse;\"><td>Your course upload has finished importing. Click <a class=\"external-link\" href=\"https://ebi-synapse-bucket.s3.amazonaws.com/course-uploads/errors/542-3376-upload-errors.csv\" target=\"_blank\" style=\"color: rgb(41, 114, 155);text-decoration: underline;\">here </a>to download error file . </td></tr><tr style=\"background:#fff;border-collapse:collapse;\"><td>Best regards,<br/>EBI Mapworks</td></tr><tr style=\"background:#fff;border-collapse:collapse;\"><td>This email confirmation is an auto-generated message. Replies to automated messages are not monitored.</td></tr></tbody></table></body></html>','M',NULL,NULL),
(5752,542,NULL,'2015-05-13 17:07:34',NULL,'2015-05-13 17:07:34',NULL,NULL,'2015-05-13','Course_Upload_Notification','andrew.Wilson.skyfactor@gmail.com',NULL,'SP00345364@TechMahindra.com,devadoss.poornachari@techmahindra.com,Amith.Kishore@TechMahindra.com,harisudhakar.govindaraju@techmahindra.com','Mapworks course upload has finished','\n<html>\n <head>\n <style>body {\n      background: none repeat scroll 0 0 #f4f4f4;\n  	\n  }table {\n      padding: 21px;\n      width: 799px;\n  	font-family: helvetica,arial,verdana,san-serif;\n  	font-size:13px;\n  	color:#333;\n }\n 	</style>\n </head><body><table cellpadding=\"10\" style=\"background:#eeeeee;\" cellspacing=\"0\"><tbody><tr style=\"background:#fff;border-collapse:collapse;\"><td>Dear Andrew:</td></tr><tr style=\"background:#fff;border-collapse:collapse;\"><td>Your course upload has finished importing.  </td></tr><tr style=\"background:#fff;border-collapse:collapse;\"><td>Best regards,<br/>EBI Mapworks</td></tr><tr style=\"background:#fff;border-collapse:collapse;\"><td>This email confirmation is an auto-generated message. Replies to automated messages are not monitored.</td></tr></tbody></table></body></html>','M',NULL,NULL),
(5753,542,NULL,'2015-05-13 17:22:01',NULL,'2015-05-13 17:22:01',NULL,NULL,'2015-05-13','Course_Student_Upload_Notification','andrew.Wilson.skyfactor@gmail.com',NULL,'SP00345364@TechMahindra.com,devadoss.poornachari@techmahindra.com,Amith.Kishore@TechMahindra.com,harisudhakar.govindaraju@techmahindra.com','Mapworks course student upload has finished','\n<html>\n <head>\n <style>body {\n      background: none repeat scroll 0 0 #f4f4f4;\n  	\n  }table {\n      padding: 21px;\n      width: 799px;\n  	font-family: helvetica,arial,verdana,san-serif;\n  	font-size:13px;\n  	color:#333;\n }\n 	</style>\n </head><body><table cellpadding=\"10\" style=\"background:#eeeeee;\" cellspacing=\"0\"><tbody><tr style=\"background:#fff;border-collapse:collapse;\"><td>Dear Andrew:</td></tr><tr style=\"background:#fff;border-collapse:collapse;\"><td>Your student upload has finished importing.  </td></tr><tr style=\"background:#fff;border-collapse:collapse;\"><td>Best regards,<br/>EBI Mapworks</td></tr><tr style=\"background:#fff;border-collapse:collapse;\"><td>This email confirmation is an auto-generated message. Replies to automated messages are not monitored.</td></tr></tbody></table></body></html>','M',NULL,NULL),
(5757,542,NULL,'2015-05-13 21:01:29',NULL,'2015-05-13 21:01:29',NULL,NULL,'2015-05-13','Course_Student_Upload_Notification','andrew.Wilson.skyfactor@gmail.com',NULL,'SP00345364@TechMahindra.com,devadoss.poornachari@techmahindra.com,Amith.Kishore@TechMahindra.com,harisudhakar.govindaraju@techmahindra.com','Mapworks course student upload has finished','\n<html>\n <head>\n <style>body {\n      background: none repeat scroll 0 0 #f4f4f4;\n  	\n  }table {\n      padding: 21px;\n      width: 799px;\n  	font-family: helvetica,arial,verdana,san-serif;\n  	font-size:13px;\n  	color:#333;\n }\n 	</style>\n </head><body><table cellpadding=\"10\" style=\"background:#eeeeee;\" cellspacing=\"0\"><tbody><tr style=\"background:#fff;border-collapse:collapse;\"><td>Dear Andrew:</td></tr><tr style=\"background:#fff;border-collapse:collapse;\"><td>Your student upload has finished importing.  </td></tr><tr style=\"background:#fff;border-collapse:collapse;\"><td>Best regards,<br/>EBI Mapworks</td></tr><tr style=\"background:#fff;border-collapse:collapse;\"><td>This email confirmation is an auto-generated message. Replies to automated messages are not monitored.</td></tr></tbody></table></body></html>','M',NULL,NULL),
(5758,542,NULL,'2015-05-13 21:06:55',NULL,'2015-05-13 21:06:55',NULL,NULL,'2015-05-13','Course_Faculty_Upload_Notification','andrew.Wilson.skyfactor@gmail.com',NULL,'SP00345364@TechMahindra.com,devadoss.poornachari@techmahindra.com,Amith.Kishore@TechMahindra.com,harisudhakar.govindaraju@techmahindra.com','Mapworks course faculty upload has finished','\n<html>\n <head>\n <style>body {\n      background: none repeat scroll 0 0 #f4f4f4;\n  	\n  }table {\n      padding: 21px;\n      width: 799px;\n  	font-family: helvetica,arial,verdana,san-serif;\n  	font-size:13px;\n  	color:#333;\n }\n 	</style>\n </head><body><table cellpadding=\"10\" style=\"background:#eeeeee;\" cellspacing=\"0\"><tbody><tr style=\"background:#fff;border-collapse:collapse;\"><td>Dear Andrew:</td></tr><tr style=\"background:#fff;border-collapse:collapse;\"><td>Your faculty upload has finished importing. Click <a class=\"external-link\" href=\"https://ebi-synapse-bucket.s3.amazonaws.com/course-faculty/errors/542-3390-upload-errors.csv\" target=\"_blank\" style=\"color: rgb(41, 114, 155);text-decoration: underline;\">here </a>to download error file . </td></tr><tr style=\"background:#fff;border-collapse:collapse;\"><td>Best regards,<br/>EBI Mapworks</td></tr><tr style=\"background:#fff;border-collapse:collapse;\"><td>This email confirmation is an auto-generated message. Replies to automated messages are not monitored.</td></tr></tbody></table></body></html>','M',NULL,NULL),
(5759,542,NULL,'2015-05-13 21:08:50',NULL,'2015-05-13 21:08:50',NULL,NULL,'2015-05-13','Course_Faculty_Upload_Notification','andrew.Wilson.skyfactor@gmail.com',NULL,'SP00345364@TechMahindra.com,devadoss.poornachari@techmahindra.com,Amith.Kishore@TechMahindra.com,harisudhakar.govindaraju@techmahindra.com','Mapworks course faculty upload has finished','\n<html>\n <head>\n <style>body {\n      background: none repeat scroll 0 0 #f4f4f4;\n  	\n  }table {\n      padding: 21px;\n      width: 799px;\n  	font-family: helvetica,arial,verdana,san-serif;\n  	font-size:13px;\n  	color:#333;\n }\n 	</style>\n </head><body><table cellpadding=\"10\" style=\"background:#eeeeee;\" cellspacing=\"0\"><tbody><tr style=\"background:#fff;border-collapse:collapse;\"><td>Dear Andrew:</td></tr><tr style=\"background:#fff;border-collapse:collapse;\"><td>Your faculty upload has finished importing.  </td></tr><tr style=\"background:#fff;border-collapse:collapse;\"><td>Best regards,<br/>EBI Mapworks</td></tr><tr style=\"background:#fff;border-collapse:collapse;\"><td>This email confirmation is an auto-generated message. Replies to automated messages are not monitored.</td></tr></tbody></table></body></html>','M',NULL,NULL),
(5947,542,NULL,'2015-05-20 14:27:05',NULL,'2015-05-20 14:27:05',NULL,NULL,'2015-05-20','Appointment_Book_Staff_to_Student','harry.potter@hogwarts.com',NULL,'SP00345364@TechMahindra.com,devadoss.poornachari@techmahindra.com,Amith.Kishore@TechMahindra.com,SR00361602@TechMahindra.com,MK00361563@techmahindra.com','Mapworks appointment booked','<html>\n	<head>\n		<style>\n		body {\n    background: none repeat scroll 0 0 #f4f4f4;\n	\n}\n		table {\n    padding: 21px;\n    width: 799px;\n	font-family: helvetica,arial,verdana,san-serif;\n	font-size:13px;\n	color:#333;\n	}\n		</style>\n	</head>\n	<body>\n	\n		<table cellpadding=\"10\" style=\"background:#eeeeee;\" cellspacing=\"0\">\n			<tbody>\n			\n				<tr style=\"background:#fff;border-collapse:collapse;\"><td>Dear Harry  Potter:</td></tr>\n				<tr style=\"background:#fff;border-collapse:collapse;\"><td>An appointment has been booked with Rolanda Hooch  \n				on 05/23/2015 09:00am to 05/23/2015 10:30am. To view the appointment details,\n				please log in to your Mapworks dashboard and visit <a class=\"external-link\" href=\"http://synapse-uat.mnv-tech.com/#/viewstudentcalendars\" target=\"_blank\" style=\"color: rgb(41, 114, 155);text-decoration: underline;\">Mapworks student dashboard view appointment module</a>.</td></tr>\n				<tr style=\"background:#fff;border-collapse:collapse;\"><td>Best regards,<br/>EBI Mapworks</td></tr>\n				<tr style=\"background:#fff;border-collapse:collapse;\"><td>This email confirmation is an auto-generated message. Replies to automated messages are not monitored.</td></tr>\n			\n			</tbody>\n		</table>\n	</body>\n</html>','M',NULL,NULL),
(5948,542,NULL,'2015-05-20 14:27:05',NULL,'2015-05-20 14:27:05',NULL,NULL,'2015-05-20','Appointment_Book_Staff_to_Student','fred.weasley@hogwarts.com',NULL,'SP00345364@TechMahindra.com,devadoss.poornachari@techmahindra.com,Amith.Kishore@TechMahindra.com,SR00361602@TechMahindra.com,MK00361563@techmahindra.com','Mapworks appointment booked','<html>\n	<head>\n		<style>\n		body {\n    background: none repeat scroll 0 0 #f4f4f4;\n	\n}\n		table {\n    padding: 21px;\n    width: 799px;\n	font-family: helvetica,arial,verdana,san-serif;\n	font-size:13px;\n	color:#333;\n	}\n		</style>\n	</head>\n	<body>\n	\n		<table cellpadding=\"10\" style=\"background:#eeeeee;\" cellspacing=\"0\">\n			<tbody>\n			\n				<tr style=\"background:#fff;border-collapse:collapse;\"><td>Dear Fred  Weasley:</td></tr>\n				<tr style=\"background:#fff;border-collapse:collapse;\"><td>An appointment has been booked with Rolanda Hooch  \n				on 05/23/2015 09:00am to 05/23/2015 10:30am. To view the appointment details,\n				please log in to your Mapworks dashboard and visit <a class=\"external-link\" href=\"http://synapse-uat.mnv-tech.com/#/viewstudentcalendars\" target=\"_blank\" style=\"color: rgb(41, 114, 155);text-decoration: underline;\">Mapworks student dashboard view appointment module</a>.</td></tr>\n				<tr style=\"background:#fff;border-collapse:collapse;\"><td>Best regards,<br/>EBI Mapworks</td></tr>\n				<tr style=\"background:#fff;border-collapse:collapse;\"><td>This email confirmation is an auto-generated message. Replies to automated messages are not monitored.</td></tr>\n			\n			</tbody>\n		</table>\n	</body>\n</html>','M',NULL,NULL),
(5952,542,NULL,'2015-05-20 16:50:34',NULL,'2015-05-20 16:50:34',NULL,NULL,'2015-05-20','Referral_InterestedParties_Staff','Albus.HogwartsHeadmaster@gmail.com',NULL,'SP00345364@TechMahindra.com,devadoss.poornachari@techmahindra.com,Amith.Kishore@TechMahindra.com','Interested party on a Mapworks referral','<html>\r\n	<head>\r\n		<style>\r\n		body {\r\n    background: none repeat scroll 0 0 #f4f4f4;\r\n	\r\n}\r\n		table {\r\n    padding: 21px;\r\n    width: 799px;\r\n	font-family: helvetica,arial,verdana,san-serif;\r\n	font-size:13px;\r\n	color:#333;\r\n	}\r\n		</style>\r\n	</head>\r\n	<body>\r\n	\r\n		<table cellpadding=\"10\" style=\"background:#eeeeee;\" cellspacing=\"0\">\r\n			<tbody>\r\n			\r\n				<tr style=\"background:#fff;border-collapse:collapse;\"><td>Dear Albus:</td></tr>\r\n				<tr style=\"background:#fff;border-collapse:collapse;\"><td>A faculty/staff member has referred Harry  Potter to a campus resource through the Mapworks system and added you as an interested party. </tr>\r\n				<tr style=\"background:#fff;border-collapse:collapse;\"><td>To view the referral details, please log in to Mapworks and visit <a class=\"external-link\" href=\"http://synapse-staging.mnv-tech.com/#/dashboard\" target=\"_blank\" style=\"color: rgb(41, 114, 155); text-decoration: underline;\">Mapworks student dashboard view referral module</a>. If you have any questions, please contact (Andrew Wilson,Undesirable No 1,andrew.Wilson.skyfactor@gmail.com ). </td></tr>\r\n				<tr style=\"background:#fff;border-collapse:collapse;\"><td>Best regards,<br/>Skyfactor Mapworks Team</td></tr>\r\n				<tr style=\"background:#fff;border-collapse:collapse;\"><td>This email confirmation is an auto-generated message. Replies to automated messages are not monitored.</td></tr>\r\n			\r\n			</tbody>\r\n		</table>\r\n	</body>\r\n</html>','I',NULL,NULL),
(5953,542,NULL,'2015-05-20 16:50:34',NULL,'2015-05-20 16:50:34',NULL,NULL,'2015-05-20','Referral_Assign_to_staff','minerva.mcgonagall@hogwarts.com',NULL,'SP00345364@TechMahindra.com,devadoss.poornachari@techmahindra.com,Amith.Kishore@TechMahindra.com','You have a new Mapworks referral\r\n\r\n','<html>\r\n	<head>\r\n		<style>\r\n		body {\r\n    background: none repeat scroll 0 0 #f4f4f4;\r\n	\r\n}\r\n		table {\r\n    padding: 21px;\r\n    width: 799px;\r\n	font-family: helvetica,arial,verdana,san-serif;\r\n	font-size:13px;\r\n	color:#333;\r\n	}\r\n		</style>\r\n	</head>\r\n	<body>\r\n	\r\n		<table cellpadding=\"10\" style=\"background:#eeeeee;\" cellspacing=\"0\">\r\n			<tbody>\r\n			\r\n				<tr style=\"background:#fff;border-collapse:collapse;\"><td>Hi Minerva:</td></tr>\r\n				<tr style=\"background:#fff;border-collapse:collapse;\"><td>A referral was recently assigned to you in Mapworks. Please sign in to your account to view and take action on this referral.</td></tr>\r\n				<tr style=\"background:#fff;border-collapse:collapse;\"><td>Thank you from the Mapworks team!</td></tr>\r\n				<tr style=\"background:#fff;border-collapse:collapse;\"><td>This email confirmation is an auto-generated message. Replies to automated messages are not monitored.</td></tr>\r\n			\r\n			</tbody>\r\n		</table>\r\n	</body>\r\n</html>','Y',NULL,NULL),
(5954,542,NULL,'2015-05-20 16:54:28',NULL,'2015-05-20 16:54:28',NULL,NULL,'2015-05-20','Referral_InterestedParties_Staff','Albus.HogwartsHeadmaster@gmail.com',NULL,'SP00345364@TechMahindra.com,devadoss.poornachari@techmahindra.com,Amith.Kishore@TechMahindra.com','Interested party on a Mapworks referral','<html>\r\n	<head>\r\n		<style>\r\n		body {\r\n    background: none repeat scroll 0 0 #f4f4f4;\r\n	\r\n}\r\n		table {\r\n    padding: 21px;\r\n    width: 799px;\r\n	font-family: helvetica,arial,verdana,san-serif;\r\n	font-size:13px;\r\n	color:#333;\r\n	}\r\n		</style>\r\n	</head>\r\n	<body>\r\n	\r\n		<table cellpadding=\"10\" style=\"background:#eeeeee;\" cellspacing=\"0\">\r\n			<tbody>\r\n			\r\n				<tr style=\"background:#fff;border-collapse:collapse;\"><td>Dear Albus:</td></tr>\r\n				<tr style=\"background:#fff;border-collapse:collapse;\"><td>A faculty/staff member has referred Harry  Potter to a campus resource through the Mapworks system and added you as an interested party. </tr>\r\n				<tr style=\"background:#fff;border-collapse:collapse;\"><td>To view the referral details, please log in to Mapworks and visit <a class=\"external-link\" href=\"http://synapse-staging.mnv-tech.com/#/dashboard\" target=\"_blank\" style=\"color: rgb(41, 114, 155); text-decoration: underline;\">Mapworks student dashboard view referral module</a>. If you have any questions, please contact (Andrew Wilson,Undesirable No 1,andrew.Wilson.skyfactor@gmail.com ). </td></tr>\r\n				<tr style=\"background:#fff;border-collapse:collapse;\"><td>Best regards,<br/>Skyfactor Mapworks Team</td></tr>\r\n				<tr style=\"background:#fff;border-collapse:collapse;\"><td>This email confirmation is an auto-generated message. Replies to automated messages are not monitored.</td></tr>\r\n			\r\n			</tbody>\r\n		</table>\r\n	</body>\r\n</html>','I',NULL,NULL),
(5955,542,NULL,'2015-05-20 16:54:28',NULL,'2015-05-20 16:54:28',NULL,NULL,'2015-05-20','Referral_Assign_to_staff','minerva.mcgonagall@hogwarts.com',NULL,'SP00345364@TechMahindra.com,devadoss.poornachari@techmahindra.com,Amith.Kishore@TechMahindra.com','You have a new Mapworks referral\r\n\r\n','<html>\r\n	<head>\r\n		<style>\r\n		body {\r\n    background: none repeat scroll 0 0 #f4f4f4;\r\n	\r\n}\r\n		table {\r\n    padding: 21px;\r\n    width: 799px;\r\n	font-family: helvetica,arial,verdana,san-serif;\r\n	font-size:13px;\r\n	color:#333;\r\n	}\r\n		</style>\r\n	</head>\r\n	<body>\r\n	\r\n		<table cellpadding=\"10\" style=\"background:#eeeeee;\" cellspacing=\"0\">\r\n			<tbody>\r\n			\r\n				<tr style=\"background:#fff;border-collapse:collapse;\"><td>Hi Minerva:</td></tr>\r\n				<tr style=\"background:#fff;border-collapse:collapse;\"><td>A referral was recently assigned to you in Mapworks. Please sign in to your account to view and take action on this referral.</td></tr>\r\n				<tr style=\"background:#fff;border-collapse:collapse;\"><td>Thank you from the Mapworks team!</td></tr>\r\n				<tr style=\"background:#fff;border-collapse:collapse;\"><td>This email confirmation is an auto-generated message. Replies to automated messages are not monitored.</td></tr>\r\n			\r\n			</tbody>\r\n		</table>\r\n	</body>\r\n</html>','Y',NULL,NULL),
(5957,542,NULL,'2015-05-20 17:47:58',NULL,'2015-05-20 17:47:58',NULL,NULL,'2015-05-20','Referral_InterestedParties_Staff','Albus.HogwartsHeadmaster@gmail.com',NULL,'SP00345364@TechMahindra.com,devadoss.poornachari@techmahindra.com,Amith.Kishore@TechMahindra.com','Interested party on a Mapworks referral','<html>\r\n	<head>\r\n		<style>\r\n		body {\r\n    background: none repeat scroll 0 0 #f4f4f4;\r\n	\r\n}\r\n		table {\r\n    padding: 21px;\r\n    width: 799px;\r\n	font-family: helvetica,arial,verdana,san-serif;\r\n	font-size:13px;\r\n	color:#333;\r\n	}\r\n		</style>\r\n	</head>\r\n	<body>\r\n	\r\n		<table cellpadding=\"10\" style=\"background:#eeeeee;\" cellspacing=\"0\">\r\n			<tbody>\r\n			\r\n				<tr style=\"background:#fff;border-collapse:collapse;\"><td>Dear Albus:</td></tr>\r\n				<tr style=\"background:#fff;border-collapse:collapse;\"><td>A faculty/staff member has referred Harry  Potter to a campus resource through the Mapworks system and added you as an interested party. </tr>\r\n				<tr style=\"background:#fff;border-collapse:collapse;\"><td>To view the referral details, please log in to Mapworks and visit <a class=\"external-link\" href=\"http://synapse-staging.mnv-tech.com/#/dashboard\" target=\"_blank\" style=\"color: rgb(41, 114, 155); text-decoration: underline;\">Mapworks student dashboard view referral module</a>. If you have any questions, please contact (Andrew Wilson,Undesirable No 1,andrew.Wilson.skyfactor@gmail.com ). </td></tr>\r\n				<tr style=\"background:#fff;border-collapse:collapse;\"><td>Best regards,<br/>Skyfactor Mapworks Team</td></tr>\r\n				<tr style=\"background:#fff;border-collapse:collapse;\"><td>This email confirmation is an auto-generated message. Replies to automated messages are not monitored.</td></tr>\r\n			\r\n			</tbody>\r\n		</table>\r\n	</body>\r\n</html>','I',NULL,NULL),
(5958,542,NULL,'2015-05-20 17:47:58',NULL,'2015-05-20 17:47:58',NULL,NULL,'2015-05-20','Referral_Assign_to_staff','minerva.mcgonagall@hogwarts.com',NULL,'SP00345364@TechMahindra.com,devadoss.poornachari@techmahindra.com,Amith.Kishore@TechMahindra.com','You have a new Mapworks referral\r\n\r\n','<html>\r\n	<head>\r\n		<style>\r\n		body {\r\n    background: none repeat scroll 0 0 #f4f4f4;\r\n	\r\n}\r\n		table {\r\n    padding: 21px;\r\n    width: 799px;\r\n	font-family: helvetica,arial,verdana,san-serif;\r\n	font-size:13px;\r\n	color:#333;\r\n	}\r\n		</style>\r\n	</head>\r\n	<body>\r\n	\r\n		<table cellpadding=\"10\" style=\"background:#eeeeee;\" cellspacing=\"0\">\r\n			<tbody>\r\n			\r\n				<tr style=\"background:#fff;border-collapse:collapse;\"><td>Hi Minerva:</td></tr>\r\n				<tr style=\"background:#fff;border-collapse:collapse;\"><td>A referral was recently assigned to you in Mapworks. Please sign in to your account to view and take action on this referral.</td></tr>\r\n				<tr style=\"background:#fff;border-collapse:collapse;\"><td>Thank you from the Mapworks team!</td></tr>\r\n				<tr style=\"background:#fff;border-collapse:collapse;\"><td>This email confirmation is an auto-generated message. Replies to automated messages are not monitored.</td></tr>\r\n			\r\n			</tbody>\r\n		</table>\r\n	</body>\r\n</html>','Y',NULL,NULL),
(5963,542,NULL,'2015-05-20 19:41:41',NULL,'2015-05-20 19:41:41',NULL,NULL,'2015-05-20','Create_Password_Coordinator','Albus.HogwartsHeadmaster@gmail.com',NULL,'SP00345364@TechMahindra.com,devadoss.poornachari@techmahindra.com,Amith.Kishore@TechMahindra.com','Mapworks - SignIn Instructions','<!DOCTYPE html PUBLIC \"-//W3C//DTD XHTML 1.0 Transitional//EN\" \"http://www.w3.org/TR/xhtml1/DTD/xhtml1-transitional.dtd\">\n\n<html xmlns=\"http://www.w3.org/1999/xhtml\">\n<head>\n    <title>Email</title>\n</head>\n<body>\n<center>\n    <table align=\"center\">\n        <tr>\n            <th style=\"padding:0px;margin:0px;\">\n               \n               <table  style=\"font-family:helvetica,arial,verdana,san-serif;font-weight:normal;width:800px; height=337px;text-align:center;padding:0px;\">\n               <tr bgcolor=\"#eeeeee\" style=\"width:800px;padding:0px;height:337px;\">\n               <td style=\"width:800px;padding:0px;height:337px;\">\n               <table style=\"text-align:center;width:100%\">\n               <tr>\n                    <td style=\"padding:0px;\">\n                    <table style=\"margin-top:56px;width:100%\">\n		<tr>\n		<td style=\"text-align:center;padding:0px;font-size:33px;height:80px;width:800px;font-family:helvetica,arial,verdana,san-serif;font-weight:normal;color:#000000\">\n					<br>Welcome to Mapworks.		\n		</td>\n		</tr>\n		</table>\n                    </td>\n               </tr>\n               <tr style=\"margin:0px;padding:0px;\">\n		<td style=\"text-align:center;font-family:helvetica,arial,verdana,san-serif;font-weight:normal;color:#333333;font-size: 16px;height:16px;padding-top:8px;\">\n        			Use the link below to create your password and start using Mapworks.\n		\n		</td></tr>\n           <tr style=\"margin:0px;padding:0px;\"><td style=\"margin:0px;padding:0px;\">\n        \n<table align=\"center\"> \n  <tr style=\"margin:0px;padding:0px;\">\n    <th style=\"margin:0px;padding:0px;\">\n           <table cellpadding=\"36\" style=\"width:100%\">\n        <tr>\n		<td align=\"center\" style=\"text-align:center;color:#000000;font-weight:normal;font-size: 20px;\">		\n		          <table style=\"border-radius:2px;width:175px;font-size:20px;font-family:helvetica,arial,verdana,san-serif;font-weight:normal;text-align:center;display: block;margin: 0 auto;padding:0px 0px\">\n		<tr>\n        <td style=\"background-color:#4673a7; height:58px;border-radius:2px;line-height:21px;text-decoration:none ;vertical-align:middle;\">        \n        <a href=\"http://synapse-uat.mnv-tech.com/#/activatecoordinator/3fc1ca3685a3a90f848a949ddc2985e8\" style=\"outline-offset:19px !important;background-color: #4673a7; color: #ffffff;display: block;text-decoration: none;width:175px \"target=\"_blank\"><span style=\"text-decoration: none !important;\">Sign In Now</span></a>\n        </td></tr>\n        <tr valign=\"top\" style=\"height:33px;\">\n        <td style=\"margin-left:auto; margin-right:auto;width:100%;font-size: 14px;height:14px;padding-bottom:7px;font-family:helvetica,arial,verdana,san-serif;font-weight:medium;color:#333333;link:#1e73d5;padding-top:8px;\">       \n				<span>Use this link to <a target=\"_blank\" style=\"link:#1e73d5;\" href=\"http://synapse-uat.mnv-tech.com/#/activatecoordinator/3fc1ca3685a3a90f848a949ddc2985e8\">sign in.</a></span>  \n			\n        </td></tr>\n        \n        </table>\n		</td></tr>\n        \n        </table>\n        </th>\n    \n  </tr>\n \n</table>\n       </td></tr>\n</table>\n               </td>\n               </tr>\n               <tr valign=\"top\">\n<td >\n<table>\n<tr>\n<td valign=\"top\" align=\"center\">\n<div style=\"text-align:left;margin-left:30px;font-family:helvetica,arial,verdana,san-serif;font-weight:normal;\n			margin-right:18px;font-size: 13px;color: #333333;margin-top:30px;link:#1e73d5;font-weight:normal;\" >\n				Thank you for participating in the spring 2015 pilot. We look forward to hearing your feedback as\n				it will inform future releases of our new student retention and success solution.\n				\n				<br><br>\n				If you have any questions, please contact us here.<br>\n				<a href=\"mailto:support@map-works.com\" style=\"link:#1e73d5;\">support@map-works.com</a> \n				<br><br>\n				Sincerely,\n				<div style=\"text-align:left;font-weight:bold;font-size: 14px;color:#333333\" >\n					<b>The EBI Mapworks Client Services Team</b> \n					\n				</div>\n                </div>\n</td>\n</tr>\n</table>\n</td>\n</tr>\n               </table>\n               \n            </th>\n            \n        </tr>\n        \n    </table>\n    </center>\n</body>\n</html>\n','M',NULL,NULL),
(5964,542,NULL,'2015-05-20 19:42:56',NULL,'2015-05-20 19:42:56',NULL,NULL,'2015-05-20','Welcome_Email_Coordinator','Albus.HogwartsHeadmaster@gmail.com',NULL,'SP00345364@TechMahindra.com,devadoss.poornachari@techmahindra.com,Amith.Kishore@TechMahindra.com','Mapworks password created','<html>\n<div style=\"margin: 10px 0px 0px; padding: 0px; color: rgb(51, 51, 51); font-family: Arial, sans-serif; font-size: 14px; line-height: 20px; background-color: rgb(255, 255, 255);\">\nHi Albus,<br/><br/>\n\nA Mapworks password was successfully created for your account. If this was not you or you believe this is an error,\nplease contact Mapworks support at &nbsp;<a class=\"external-link\" href=\"mailto:support@map-works.com\" rel=\"nofollow\" style=\"color: rgb(41, 114, 155); text-decoration: underline;\">support@map-works.com</a><br/><br/>\n\nWe\'re very happy to have you on board, and are here to support you!<br/><br/>\nThank you from the Mapworks team!\n\n</div>\n</html>','M',NULL,NULL),
(6085,542,NULL,'2015-05-28 05:15:04',NULL,'2015-05-28 05:15:04',NULL,NULL,'2015-05-28','Appointment_Reminder_Staff_to_Student','harry.potter@hogwarts.com',NULL,'SP00345364@TechMahindra.com,devadoss.poornachari@techmahindra.com,Amith.Kishore@TechMahindra.com,MK00361563@techmahindra.com','Mapworks appointment reminder','<html>\n    <head>\n        <style>\n			 body {\n				background: none repeat scroll 0 0;	\n			\n			}\n			table {\n				padding: 21px;\n				width: 799px;\n				font-family: Helvetica,Arial,Verdana,San-serif;\n				font-size:13px;\n				color:#333;\n			}\n   </style>\n    </head>\n    <body>\n        <table cellpadding=\"10\" cellspacing=\"0\">\n            <tbody>\n                <tr style=\"background:#fff;border-collapse:collapse;\">\n                    <td>Dear Harry  Potter:</td>\n                </tr>\n                <tr style=\"background:#fff;border-collapse:collapse;\">\n                    <td style=\"line-height: 1.6;\">This is a reminder that you have an appointment with Rolanda Hooch on 05/23/2015 09:00am to 05/23/2015 10:30am. <br/><br/> To view the appointment details, please log in to your Mapworks dashboard and visit\n					<a style=\"color: #0033CC;\" href=\"http://synapse-uat.mnv-tech.com/#/viewstudentcalendars\">Mapworks student dashboard view appointment module</a>.\n					</td>\n                </tr>\n                <tr style=\"background:#fff;border-collapse:collapse;\">\n                    <td>Best regards,\n                        <br/>EBI Mapworks\n                    </td>\n                </tr>\n                <tr style=\"background:#fff;border-collapse:collapse;\">\n                    <td><span style=\"font-size:11px; color: #575757; line-height: 120%; text-decoration: none;\">This email confirmation is an auto-generated message. Replies to automated messages are not monitored.</span></td>\n                </tr>\n            </tbody>\n        </table>\n    </body>\n</html>\n','M',NULL,NULL),
(6086,542,NULL,'2015-05-28 05:15:04',NULL,'2015-05-28 05:15:04',NULL,NULL,'2015-05-28','Appointment_Reminder_Staff_to_Student','fred.weasley@hogwarts.com',NULL,'SP00345364@TechMahindra.com,devadoss.poornachari@techmahindra.com,Amith.Kishore@TechMahindra.com,MK00361563@techmahindra.com','Mapworks appointment reminder','<html>\n    <head>\n        <style>\n			 body {\n				background: none repeat scroll 0 0;	\n			\n			}\n			table {\n				padding: 21px;\n				width: 799px;\n				font-family: Helvetica,Arial,Verdana,San-serif;\n				font-size:13px;\n				color:#333;\n			}\n   </style>\n    </head>\n    <body>\n        <table cellpadding=\"10\" cellspacing=\"0\">\n            <tbody>\n                <tr style=\"background:#fff;border-collapse:collapse;\">\n                    <td>Dear Fred  Weasley:</td>\n                </tr>\n                <tr style=\"background:#fff;border-collapse:collapse;\">\n                    <td style=\"line-height: 1.6;\">This is a reminder that you have an appointment with Rolanda Hooch on 05/23/2015 09:00am to 05/23/2015 10:30am. <br/><br/> To view the appointment details, please log in to your Mapworks dashboard and visit\n					<a style=\"color: #0033CC;\" href=\"http://synapse-uat.mnv-tech.com/#/viewstudentcalendars\">Mapworks student dashboard view appointment module</a>.\n					</td>\n                </tr>\n                <tr style=\"background:#fff;border-collapse:collapse;\">\n                    <td>Best regards,\n                        <br/>EBI Mapworks\n                    </td>\n                </tr>\n                <tr style=\"background:#fff;border-collapse:collapse;\">\n                    <td><span style=\"font-size:11px; color: #575757; line-height: 120%; text-decoration: none;\">This email confirmation is an auto-generated message. Replies to automated messages are not monitored.</span></td>\n                </tr>\n            </tbody>\n        </table>\n    </body>\n</html>\n','M',NULL,NULL),
(6087,542,NULL,'2015-06-17 20:08:12',NULL,'2015-06-17 20:08:12',NULL,NULL,'2015-06-17','Appointment_Book_Staff_to_Student','alicia.spinnet@nsu542.com',NULL,NULL,'MAP-Works appointment booked','<html>\n	<head>\n		<style>\n		body {\n    background: none repeat scroll 0 0 #f4f4f4;\n	\n}\n		table {\n    padding: 21px;\n    width: 799px;\n	font-family: helvetica,arial,verdana,san-serif;\n	font-size:13px;\n	color:#333;\n	}\n		</style>\n	</head>\n	<body>\n	\n		<table cellpadding=\"10\" style=\"background:#eeeeee;\" cellspacing=\"0\">\n			<tbody>\n			\n				<tr style=\"background:#fff;border-collapse:collapse;\"><td>Dear Alicia  Spinnet:</td></tr>\n				<tr style=\"background:#fff;border-collapse:collapse;\"><td>An appointment has been booked with Minerva McGonagall  \n				on 06/18/2015 09:00am to 06/18/2015 10:00am. To view the appointment details,\n				please log in to your MAP-Works dashboard and visit <a class=\"external-link\" href=\"http://localhost:9090/#/viewstudentcalendars\" target=\"_blank\" style=\"color: rgb(41, 114, 155);text-decoration: underline;\">MAP-Works student dashboard view appointment module</a>.</td></tr>\n				<tr style=\"background:#fff;border-collapse:collapse;\"><td>Best regards,<br/>EBI MAP-Works</td></tr>\n				<tr style=\"background:#fff;border-collapse:collapse;\"><td>This email confirmation is an auto-generated message. Replies to automated messages are not monitored.</td></tr>\n			\n			</tbody>\n		</table>\n	</body>\n</html>','M',NULL,NULL),
(6088,542,NULL,'2015-06-17 20:10:16',NULL,'2015-06-17 20:10:16',NULL,NULL,'2015-06-17','Referral_Assign_to_staff','minerva.mcgonagall@nsu542.com',NULL,NULL,'You have a new Mapworks referral\r\n\r\n','<html>\r\n	<head>\r\n		<style>\r\n		body {\r\n    background: none repeat scroll 0 0 #f4f4f4;\r\n	\r\n}\r\n		table {\r\n    padding: 21px;\r\n    width: 799px;\r\n	font-family: helvetica,arial,verdana,san-serif;\r\n	font-size:13px;\r\n	color:#333;\r\n	}\r\n		</style>\r\n	</head>\r\n	<body>\r\n	\r\n		<table cellpadding=\"10\" style=\"background:#eeeeee;\" cellspacing=\"0\">\r\n			<tbody>\r\n			\r\n				<tr style=\"background:#fff;border-collapse:collapse;\"><td>Hi Minerva:</td></tr>\r\n				<tr style=\"background:#fff;border-collapse:collapse;\"><td>A referral was recently assigned to you in MAP-Works. Please sign in to your account to view and take action on this referral.</td></tr>\r\n				<tr style=\"background:#fff;border-collapse:collapse;\"><td>Thank you from the Mapworks team!</td></tr>\r\n				<tr style=\"background:#fff;border-collapse:collapse;\"><td>This email confirmation is an auto-generated message. Replies to automated messages are not monitored.</td></tr>\r\n			\r\n			</tbody>\r\n		</table>\r\n	</body>\r\n</html>','Y',NULL,NULL),
(6089,542,NULL,'2015-06-17 20:11:04',NULL,'2015-06-17 20:11:04',NULL,NULL,'2015-06-17','Referral_Assign_to_staff','minerva.mcgonagall@nsu542.com',NULL,NULL,'You have a new Mapworks referral\r\n\r\n','<html>\r\n	<head>\r\n		<style>\r\n		body {\r\n    background: none repeat scroll 0 0 #f4f4f4;\r\n	\r\n}\r\n		table {\r\n    padding: 21px;\r\n    width: 799px;\r\n	font-family: helvetica,arial,verdana,san-serif;\r\n	font-size:13px;\r\n	color:#333;\r\n	}\r\n		</style>\r\n	</head>\r\n	<body>\r\n	\r\n		<table cellpadding=\"10\" style=\"background:#eeeeee;\" cellspacing=\"0\">\r\n			<tbody>\r\n			\r\n				<tr style=\"background:#fff;border-collapse:collapse;\"><td>Hi Minerva:</td></tr>\r\n				<tr style=\"background:#fff;border-collapse:collapse;\"><td>A referral was recently assigned to you in MAP-Works. Please sign in to your account to view and take action on this referral.</td></tr>\r\n				<tr style=\"background:#fff;border-collapse:collapse;\"><td>Thank you from the Mapworks team!</td></tr>\r\n				<tr style=\"background:#fff;border-collapse:collapse;\"><td>This email confirmation is an auto-generated message. Replies to automated messages are not monitored.</td></tr>\r\n			\r\n			</tbody>\r\n		</table>\r\n	</body>\r\n</html>','Y',NULL,NULL),
(6090,542,NULL,'2015-06-19 18:38:24',NULL,'2015-06-19 18:38:24',NULL,NULL,'2015-06-19','Referral_Assign_to_staff','minerva.mcgonagall@nsu542.com',NULL,NULL,'You have a new Mapworks referral\r\n\r\n','<html>\r\n	<head>\r\n		<style>\r\n		body {\r\n    background: none repeat scroll 0 0 #f4f4f4;\r\n	\r\n}\r\n		table {\r\n    padding: 21px;\r\n    width: 799px;\r\n	font-family: helvetica,arial,verdana,san-serif;\r\n	font-size:13px;\r\n	color:#333;\r\n	}\r\n		</style>\r\n	</head>\r\n	<body>\r\n	\r\n		<table cellpadding=\"10\" style=\"background:#eeeeee;\" cellspacing=\"0\">\r\n			<tbody>\r\n			\r\n				<tr style=\"background:#fff;border-collapse:collapse;\"><td>Hi Minerva:</td></tr>\r\n				<tr style=\"background:#fff;border-collapse:collapse;\"><td>A referral was recently assigned to you in MAP-Works. Please sign in to your account to view and take action on this referral.</td></tr>\r\n				<tr style=\"background:#fff;border-collapse:collapse;\"><td>Thank you from the Mapworks team!</td></tr>\r\n				<tr style=\"background:#fff;border-collapse:collapse;\"><td>This email confirmation is an auto-generated message. Replies to automated messages are not monitored.</td></tr>\r\n			\r\n			</tbody>\r\n		</table>\r\n	</body>\r\n</html>','Y',NULL,NULL),
(6091,542,NULL,'2015-06-19 18:39:03',NULL,'2015-06-19 18:39:03',NULL,NULL,'2015-06-19','Referral_Assign_to_staff','minerva.mcgonagall@nsu542.com',NULL,NULL,'You have a new Mapworks referral\r\n\r\n','<html>\r\n	<head>\r\n		<style>\r\n		body {\r\n    background: none repeat scroll 0 0 #f4f4f4;\r\n	\r\n}\r\n		table {\r\n    padding: 21px;\r\n    width: 799px;\r\n	font-family: helvetica,arial,verdana,san-serif;\r\n	font-size:13px;\r\n	color:#333;\r\n	}\r\n		</style>\r\n	</head>\r\n	<body>\r\n	\r\n		<table cellpadding=\"10\" style=\"background:#eeeeee;\" cellspacing=\"0\">\r\n			<tbody>\r\n			\r\n				<tr style=\"background:#fff;border-collapse:collapse;\"><td>Hi Minerva:</td></tr>\r\n				<tr style=\"background:#fff;border-collapse:collapse;\"><td>A referral was recently assigned to you in MAP-Works. Please sign in to your account to view and take action on this referral.</td></tr>\r\n				<tr style=\"background:#fff;border-collapse:collapse;\"><td>Thank you from the Mapworks team!</td></tr>\r\n				<tr style=\"background:#fff;border-collapse:collapse;\"><td>This email confirmation is an auto-generated message. Replies to automated messages are not monitored.</td></tr>\r\n			\r\n			</tbody>\r\n		</table>\r\n	</body>\r\n</html>','Y',NULL,NULL),
(6092,542,NULL,'2015-06-23 16:51:10',NULL,'2015-06-23 16:51:10',NULL,NULL,'2015-06-23','Referral_Assign_to_staff','minerva.mcgonagall@nsu542.com',NULL,NULL,'You have a new Mapworks referral\r\n\r\n','<html>\n	<head>\n		<style>\n		body {\n    background: none repeat scroll 0 0 #f4f4f4;\n        \n}\n		table {\n    padding: 21px;\n    width: 799px;\n	font-family: helvetica,arial,verdana,san-serif;\n	font-size:13px;\n	color:#333;\n	}\n		</style>\n	</head>\n	<body>\n        \n		<table cellpadding=\"10\" style=\"background:#eeeeee;\" cellspacing=\"0\">\n			<tbody>\n        \n				<tr style=\"background:#fff;border-collapse:collapse;\"><td>Hi Minerva:</td></tr>\n				<tr style=\"background:#fff;border-collapse:collapse;\"><td>A referral was recently assigned to you in Mapworks. Please sign in to your account to view and take action on this referral.</td></tr>\n				<tr style=\"background:#fff;border-collapse:collapse;\"><td>Thank you from the Mapworks team!</td></tr>\n				<tr style=\"background:#fff;border-collapse:collapse;\"><td>This email confirmation is an auto-generated message. Replies to automated messages are not monitored.</td></tr>\n        \n			</tbody>\n		</table>\n	</body>\n</html>','Y',NULL,NULL),
(6093,542,NULL,'2015-07-01 13:24:55',NULL,'2015-07-01 13:24:55',NULL,NULL,'2015-07-01','Appointment_Cancel_Staff_to_Student','harry.potter@nsu542.com',NULL,NULL,'Appointment cancelled via Mapworks','<html>\n			<head>\n		 <style>body {\n			   background: none repeat scroll 0 0 #f4f4f4;\n				\n		   }table {\n			   padding: 21px;\n			   width: 799px;\n			font-family: helvetica,arial,verdana,san-serif;\n			font-size:13px;\n			color:#333;\n		  }\n			</style>\n			</head>\n			<body>\n         \n 		<table cellpadding=\"10\" style=\"background:#ffffff;\" cellspacing=\"0\">\n 			<tbody>\n         \n 				<tr style=\"background:#fff;border-collapse:collapse;\"><td>Hi Harry :</td></tr>\n 				<tr style=\"background:#fff;border-collapse:collapse;\"><td>Your booked appointment with\n 				  on 05/23/2015 09:00am to 05/23/2015 10:00am has been cancelled.\n 				To book a new appointment, please log in to your Mapworks dashboard and visit <a class=\"external-link\" href=\"http://localhost:9090/#/viewstudentcalendars\" target=\"_blank\" style=\"color: rgb(41, 114, 155); text-decoration: underline;\">Mapworks student dashboard view appointment module</a>.</td></tr>\n 				<tr style=\"background:#fff;border-collapse:collapse;\"><td>Thank you from the Skyfactor Mapworks team.<br/><img alt=\"Skyfactor Mapworks Logo\" src=\"http://localhost:9090/images/Skyfactor-Mapworks-login.png\"/><br/></td></tr><tr style=\"background:#fff;border-collapse:collapse;\"><td>This email confirmation is an auto-generated message. Replies to automated messages are not monitored.</td></tr></tbody></table></body></html>','Y',NULL,NULL),
(6094,542,NULL,'2015-07-01 13:24:56',NULL,'2015-07-01 13:24:56',NULL,NULL,'2015-07-01','Referral_Assign_to_staff','argus.filch@nsu542.com',NULL,NULL,'You have a new Mapworks referral\r\n\r\n','<html>\n	<head>\n		<style>\n		body {\n    background: none repeat scroll 0 0 #f4f4f4;\n        \n}\n		table {\n    padding: 21px;\n    width: 799px;\n	font-family: helvetica,arial,verdana,san-serif;\n	font-size:13px;\n	color:#333;\n	}\n		</style>\n	</head>\n	<body>\n        \n		<table cellpadding=\"10\" style=\"background:#eeeeee;\" cellspacing=\"0\">\n			<tbody>\n        \n				<tr style=\"background:#fff;border-collapse:collapse;\"><td>Hi Argus:</td></tr>\n				<tr style=\"background:#fff;border-collapse:collapse;\"><td>A referral was recently assigned to you in Mapworks. Please sign in to your account to view and take action on this referral.</td></tr>\n				<tr style=\"background:#fff;border-collapse:collapse;\"><td>Thank you from the Mapworks team!</td></tr>\n				<tr style=\"background:#fff;border-collapse:collapse;\"><td>This email confirmation is an auto-generated message. Replies to automated messages are not monitored.</td></tr>\n        \n			</tbody>\n		</table>\n	</body>\n</html>','Y',NULL,NULL),
(6095,542,NULL,'2015-07-01 13:24:57',NULL,'2015-07-01 13:24:57',NULL,NULL,'2015-07-01','Referral_Assign_to_staff','minerva.mcgonagall@nsu542.com',NULL,NULL,'You have a new Mapworks referral\r\n\r\n','<html>\n	<head>\n		<style>\n		body {\n    background: none repeat scroll 0 0 #f4f4f4;\n        \n}\n		table {\n    padding: 21px;\n    width: 799px;\n	font-family: helvetica,arial,verdana,san-serif;\n	font-size:13px;\n	color:#333;\n	}\n		</style>\n	</head>\n	<body>\n        \n		<table cellpadding=\"10\" style=\"background:#eeeeee;\" cellspacing=\"0\">\n			<tbody>\n        \n				<tr style=\"background:#fff;border-collapse:collapse;\"><td>Hi Minerva:</td></tr>\n				<tr style=\"background:#fff;border-collapse:collapse;\"><td>A referral was recently assigned to you in Mapworks. Please sign in to your account to view and take action on this referral.</td></tr>\n				<tr style=\"background:#fff;border-collapse:collapse;\"><td>Thank you from the Mapworks team!</td></tr>\n				<tr style=\"background:#fff;border-collapse:collapse;\"><td>This email confirmation is an auto-generated message. Replies to automated messages are not monitored.</td></tr>\n        \n			</tbody>\n		</table>\n	</body>\n</html>','Y',NULL,NULL),
(6096,542,NULL,'2015-07-01 13:24:57',NULL,'2015-07-01 13:24:57',NULL,NULL,'2015-07-01','Forgot_Password_Coordinator','albus.dumbledore@nsu542.com',NULL,NULL,'How to reset your Mapworks password','<html>\n <div style=\'margin: 10px 0px 0px; padding: 0px; color: rgb(51, 51, 51); font-family: Arial, sans-serif; font-size: 14px; line-height: 20px; background-color: rgb(255, 255, 255);\'>\n <p>Hi Albus,<br/></p>\n         \n <p>Please use the link below and follow the displayed instructions to create your new password. This link will expire after 24 hours.\n <br/></p>\n http://localhost:9090/#/resetPassword/2b08d92d4d1f8efe500d7dfcdbb8b848<br/><br/>\n         \n If you believe that you received this email in error or if you have any questions, please contact Mapworks support at <span style=\'color: #99ccff;\'>support@map-works.com</span>.<br/><br/>\n <p>Thank you from the Skyfactor Mapworks team.</br></p>\n <p><img width=\"307\" height = \"89\" alt=\"Skyfactor Mapworks Logo\" src=\"http://localhost:9090/images/Skyfactor-Mapworks-login.png\"/></p><br/>\n <p>This email is an auto-generated message. Replies to automated messages are not monitored.</p>\n </div>\n </html>','Y',NULL,NULL),
(6097,542,NULL,'2015-07-01 17:07:03',NULL,'2015-07-01 17:07:03',NULL,NULL,'2015-07-01','Referral_InterestedParties_Staff','albus.dumbledore@nsu542.com',NULL,NULL,'Interested party on a Mapworks referral','<html>\n      <head>\n             <style>\n             body {\n     background: none repeat scroll 0 0 #f4f4f4;\n        \n }\n             table {\n     padding: 21px;\n     width: 799px;\n      font-family: helvetica,arial,verdana,san-serif;\n      font-size:13px;\n      color:#333;\n      }\n             </style>\n      </head>\n      <body>\n        \n              <table cellpadding=\"10\" style=\"background:#eeeeee;\" cellspacing=\"0\">\n                    <tbody>\n        \n                           <tr style=\"background:#fff;border-collapse:collapse;\"><td>Hi Albus,</td></tr>\n                          <tr style=\"background:#fff;border-collapse:collapse;\"><td>A faculty or staff member has referred Neville  Longbottom to a campus resource through the Mapworks system and added you as an interested party. To view the referral details, please log in to Mapworks and visit <a class=\"external-link\" href=\"http://localhost:9090/#/dashboard\" target=\"_blank\" style=\"color: rgb(41, 114, 155); text-decoration: underline;\">Mapworks student dashboard view referral module</a>.</tr>\n                          <tr style=\"background:#fff;border-collapse:collapse;\"><td> If you have any questions, please contact (Andrew Wilson,Undesirable No 1,andrew.wilson@nsu542.com ).</td></tr>\n                          <tr style=\"background:#fff;border-collapse:collapse;\"><td>Thank you from the Skyfactor Mapworks team.</td></tr>\n                          <tr style=\"background:#fff;border-collapse:collapse;\"><td><img src=\"http://localhost:9090/images/Skyfactor-Mapworks-login.png\" title=\"Skyfactor Mapworks logo\" alt=\"Skyfactor Mapworks logo\"/></td></tr>\n                          <tr style=\"background:#fff;border-collapse:collapse;\"><td>This email is an auto-generated message. Replies to automated messages are not monitored.</td></tr>\n        \n                     </tbody>\n             </table>\n      </body>\n</html>','Y',NULL,NULL),
(6098,542,NULL,'2015-07-01 17:07:03',NULL,'2015-07-01 17:07:03',NULL,NULL,'2015-07-01','Referral_Assign_to_staff','minerva.mcgonagall@nsu542.com',NULL,NULL,'You have a new Mapworks referral\r\n\r\n','<html>\n	<head>\n		<style>\n		body {\n    background: none repeat scroll 0 0 #f4f4f4;\n        \n}\n		table {\n    padding: 21px;\n    width: 799px;\n	font-family: helvetica,arial,verdana,san-serif;\n	font-size:13px;\n	color:#333;\n	}\n		</style>\n	</head>\n	<body>\n        \n		<table cellpadding=\"10\" style=\"background:#eeeeee;\" cellspacing=\"0\">\n			<tbody>\n        \n				<tr style=\"background:#fff;border-collapse:collapse;\"><td>Hi Minerva:</td></tr>\n				<tr style=\"background:#fff;border-collapse:collapse;\"><td>A referral was recently assigned to you in Mapworks. Please sign in to your account to view and take action on this referral.</td></tr>\n				<tr style=\"background:#fff;border-collapse:collapse;\"><td>Thank you from the Mapworks team!</td></tr>\n				<tr style=\"background:#fff;border-collapse:collapse;\"><td>This email confirmation is an auto-generated message. Replies to automated messages are not monitored.</td></tr>\n        \n			</tbody>\n		</table>\n	</body>\n</html>','Y',NULL,NULL),
(6099,542,NULL,'2015-07-01 17:08:26',NULL,'2015-07-01 17:08:26',NULL,NULL,'2015-07-01','Appointment_Book_Staff_to_Student','neville.longbottom@nsu542.com',NULL,NULL,'Appointment booked via Mapworks','<html>\n<head>\n  <style>body {\n       background: none repeat scroll 0 0 #f4f4f4;\n        \n   }table {\n       padding: 21px;\n       width: 799px;\n   	font-family: helvetica,arial,verdana,san-serif;\n   	font-size:13px;\n   	color:#333;\n  }\n  	</style>\n  </head><body><table cellpadding=\"10\" style=\"background:#eeeeee;\" cellspacing=\"0\"><tbody><tr style=\"background:#fff;border-collapse:collapse;\"><td>Hi Neville :</td></tr><tr style=\"background:#fff;border-collapse:collapse;\"><td>An appointment has been booked with Albus Dumbledore\n 				on 07/02/2015 09:00pm to 07/02/2015 10:00pm. To view the appointment details,\n 				please log in to your Mapworks dashboard and visit <a class=\"external-link\" href=\"http://localhost:9090/#/viewstudentcalendars\" target=\"_blank\" style=\"color: rgb(41, 114, 155);text-decoration: underline;\">Mapworks student dashboard view appointment module</a>.</td></tr>\n  \n  <tr style=\"background:#fff;border-collapse:collapse;\"><td>Thank you from the Skyfactor Mapworks team.<br/><img alt=\"Skyfactor Mapworks Logo\" src=\"http://localhost:9090/images/Skyfactor-Mapworks-login.png\"/><br/></td></tr><tr style=\"background:#fff;border-collapse:collapse;\"><td>This email confirmation is an auto-generated message. Replies to automated messages are not monitored.</td></tr></tbody></table></body></html>','Y',NULL,NULL),
(6100,542,NULL,'2015-07-01 17:45:16',NULL,'2015-07-01 17:45:16',NULL,NULL,'2015-07-01','Referral_InterestedParties_Staff','albus.dumbledore@nsu542.com',NULL,NULL,'Interested party on a Mapworks referral','<html>\n      <head>\n             <style>\n             body {\n     background: none repeat scroll 0 0 #f4f4f4;\n        \n }\n             table {\n     padding: 21px;\n     width: 799px;\n      font-family: helvetica,arial,verdana,san-serif;\n      font-size:13px;\n      color:#333;\n      }\n             </style>\n      </head>\n      <body>\n        \n              <table cellpadding=\"10\" style=\"background:#eeeeee;\" cellspacing=\"0\">\n                    <tbody>\n        \n                           <tr style=\"background:#fff;border-collapse:collapse;\"><td>Hi Albus,</td></tr>\n                          <tr style=\"background:#fff;border-collapse:collapse;\"><td>A faculty or staff member has referred Neville  Longbottom to a campus resource through the Mapworks system and added you as an interested party. To view the referral details, please log in to Mapworks and visit <a class=\"external-link\" href=\"http://localhost:9090/#/dashboard\" target=\"_blank\" style=\"color: rgb(41, 114, 155); text-decoration: underline;\">Mapworks student dashboard view referral module</a>.</tr>\n                          <tr style=\"background:#fff;border-collapse:collapse;\"><td> If you have any questions, please contact (Andrew Wilson,Undesirable No 1,andrew.wilson@nsu542.com ).</td></tr>\n                          <tr style=\"background:#fff;border-collapse:collapse;\"><td>Thank you from the Skyfactor Mapworks team.</td></tr>\n                          <tr style=\"background:#fff;border-collapse:collapse;\"><td><img src=\"http://localhost:9090/images/Skyfactor-Mapworks-login.png\" title=\"Skyfactor Mapworks logo\" alt=\"Skyfactor Mapworks logo\"/></td></tr>\n                          <tr style=\"background:#fff;border-collapse:collapse;\"><td>This email is an auto-generated message. Replies to automated messages are not monitored.</td></tr>\n        \n                     </tbody>\n             </table>\n      </body>\n</html>','Y',NULL,NULL),
(6101,542,NULL,'2015-07-01 17:45:16',NULL,'2015-07-01 17:45:16',NULL,NULL,'2015-07-01','Referral_Assign_to_staff','minerva.mcgonagall@nsu542.com',NULL,NULL,'You have a new Mapworks referral\r\n\r\n','<html>\n	<head>\n		<style>\n		body {\n    background: none repeat scroll 0 0 #f4f4f4;\n        \n}\n		table {\n    padding: 21px;\n    width: 799px;\n	font-family: helvetica,arial,verdana,san-serif;\n	font-size:13px;\n	color:#333;\n	}\n		</style>\n	</head>\n	<body>\n        \n		<table cellpadding=\"10\" style=\"background:#eeeeee;\" cellspacing=\"0\">\n			<tbody>\n        \n				<tr style=\"background:#fff;border-collapse:collapse;\"><td>Hi Minerva:</td></tr>\n				<tr style=\"background:#fff;border-collapse:collapse;\"><td>A referral was recently assigned to you in Mapworks. Please sign in to your account to view and take action on this referral.</td></tr>\n				<tr style=\"background:#fff;border-collapse:collapse;\"><td>Thank you from the Mapworks team!</td></tr>\n				<tr style=\"background:#fff;border-collapse:collapse;\"><td>This email confirmation is an auto-generated message. Replies to automated messages are not monitored.</td></tr>\n        \n			</tbody>\n		</table>\n	</body>\n</html>','Y',NULL,NULL),
(6102,542,NULL,'2015-07-01 17:45:58',NULL,'2015-07-01 17:45:58',NULL,NULL,'2015-07-01','Appointment_Book_Staff_to_Student','neville.longbottom@nsu542.com',NULL,NULL,'Appointment booked via Mapworks','<html>\n<head>\n  <style>body {\n       background: none repeat scroll 0 0 #f4f4f4;\n        \n   }table {\n       padding: 21px;\n       width: 799px;\n   	font-family: helvetica,arial,verdana,san-serif;\n   	font-size:13px;\n   	color:#333;\n  }\n  	</style>\n  </head><body><table cellpadding=\"10\" style=\"background:#eeeeee;\" cellspacing=\"0\"><tbody><tr style=\"background:#fff;border-collapse:collapse;\"><td>Hi Neville :</td></tr><tr style=\"background:#fff;border-collapse:collapse;\"><td>An appointment has been booked with Albus Dumbledore\n 				on 07/02/2015 09:00pm to 07/02/2015 10:00pm. To view the appointment details,\n 				please log in to your Mapworks dashboard and visit <a class=\"external-link\" href=\"http://localhost:9090/#/viewstudentcalendars\" target=\"_blank\" style=\"color: rgb(41, 114, 155);text-decoration: underline;\">Mapworks student dashboard view appointment module</a>.</td></tr>\n  \n  <tr style=\"background:#fff;border-collapse:collapse;\"><td>Thank you from the Skyfactor Mapworks team.<br/><img alt=\"Skyfactor Mapworks Logo\" src=\"http://localhost:9090/images/Skyfactor-Mapworks-login.png\"/><br/></td></tr><tr style=\"background:#fff;border-collapse:collapse;\"><td>This email confirmation is an auto-generated message. Replies to automated messages are not monitored.</td></tr></tbody></table></body></html>','Y',NULL,NULL),
(6103,542,NULL,'2015-07-01 18:13:32',NULL,'2015-07-01 18:13:32',NULL,NULL,'2015-07-01','Appointment_Cancel_Staff_to_Student','neville.longbottom@nsu542.com',NULL,NULL,'Appointment cancelled via Mapworks','<html>\n			<head>\n		 <style>body {\n			   background: none repeat scroll 0 0 #f4f4f4;\n				\n		   }table {\n			   padding: 21px;\n			   width: 799px;\n			font-family: helvetica,arial,verdana,san-serif;\n			font-size:13px;\n			color:#333;\n		  }\n			</style>\n			</head>\n			<body>\n         \n 		<table cellpadding=\"10\" style=\"background:#ffffff;\" cellspacing=\"0\">\n 			<tbody>\n         \n 				<tr style=\"background:#fff;border-collapse:collapse;\"><td>Hi Neville :</td></tr>\n 				<tr style=\"background:#fff;border-collapse:collapse;\"><td>Your booked appointment with\n 				Oliver  Wood on 05/23/2015 09:00am to 05/23/2015 10:00am has been cancelled.\n 				To book a new appointment, please log in to your Mapworks dashboard and visit <a class=\"external-link\" href=\"http://localhost:9090/#/viewstudentcalendars\" target=\"_blank\" style=\"color: rgb(41, 114, 155); text-decoration: underline;\">Mapworks student dashboard view appointment module</a>.</td></tr>\n 				<tr style=\"background:#fff;border-collapse:collapse;\"><td>Thank you from the Skyfactor Mapworks team.<br/><img alt=\"Skyfactor Mapworks Logo\" src=\"http://localhost:9090/images/Skyfactor-Mapworks-login.png\"/><br/></td></tr><tr style=\"background:#fff;border-collapse:collapse;\"><td>This email confirmation is an auto-generated message. Replies to automated messages are not monitored.</td></tr></tbody></table></body></html>','Y',NULL,NULL),
(6104,542,NULL,'2015-07-01 18:13:33',NULL,'2015-07-01 18:13:33',NULL,NULL,'2015-07-01','Referral_Assign_to_staff','albus.dumbledore@nsu542.com',NULL,NULL,'You have a new Mapworks referral\r\n\r\n','<html>\n	<head>\n		<style>\n		body {\n    background: none repeat scroll 0 0 #f4f4f4;\n        \n}\n		table {\n    padding: 21px;\n    width: 799px;\n	font-family: helvetica,arial,verdana,san-serif;\n	font-size:13px;\n	color:#333;\n	}\n		</style>\n	</head>\n	<body>\n        \n		<table cellpadding=\"10\" style=\"background:#eeeeee;\" cellspacing=\"0\">\n			<tbody>\n        \n				<tr style=\"background:#fff;border-collapse:collapse;\"><td>Hi Albus:</td></tr>\n				<tr style=\"background:#fff;border-collapse:collapse;\"><td>A referral was recently assigned to you in Mapworks. Please sign in to your account to view and take action on this referral.</td></tr>\n				<tr style=\"background:#fff;border-collapse:collapse;\"><td>Thank you from the Mapworks team!</td></tr>\n				<tr style=\"background:#fff;border-collapse:collapse;\"><td>This email confirmation is an auto-generated message. Replies to automated messages are not monitored.</td></tr>\n        \n			</tbody>\n		</table>\n	</body>\n</html>','Y',NULL,NULL),
(6105,542,NULL,'2015-07-01 18:13:34',NULL,'2015-07-01 18:13:34',NULL,NULL,'2015-07-01','Referral_Assign_to_staff','oliver.wood@nsu542.com',NULL,NULL,'You have a new Mapworks referral\r\n\r\n','<html>\n	<head>\n		<style>\n		body {\n    background: none repeat scroll 0 0 #f4f4f4;\n        \n}\n		table {\n    padding: 21px;\n    width: 799px;\n	font-family: helvetica,arial,verdana,san-serif;\n	font-size:13px;\n	color:#333;\n	}\n		</style>\n	</head>\n	<body>\n        \n		<table cellpadding=\"10\" style=\"background:#eeeeee;\" cellspacing=\"0\">\n			<tbody>\n        \n				<tr style=\"background:#fff;border-collapse:collapse;\"><td>Hi Oliver :</td></tr>\n				<tr style=\"background:#fff;border-collapse:collapse;\"><td>A referral was recently assigned to you in Mapworks. Please sign in to your account to view and take action on this referral.</td></tr>\n				<tr style=\"background:#fff;border-collapse:collapse;\"><td>Thank you from the Mapworks team!</td></tr>\n				<tr style=\"background:#fff;border-collapse:collapse;\"><td>This email confirmation is an auto-generated message. Replies to automated messages are not monitored.</td></tr>\n        \n			</tbody>\n		</table>\n	</body>\n</html>','Y',NULL,NULL),
(6106,542,NULL,'2015-07-09 14:30:04',NULL,'2015-07-09 14:30:04',NULL,NULL,'2015-07-09','Referral_Assign_to_staff','albus.dumbledore@nsu542.com',NULL,NULL,'You have a new Mapworks referral\r\n\r\n','<html>\n	<head>\n		<style>\n		body {\n    background: none repeat scroll 0 0 #f4f4f4;\n        \n}\n		table {\n    padding: 21px;\n    width: 799px;\n	font-family: helvetica,arial,verdana,san-serif;\n	font-size:13px;\n	color:#333;\n	}\n		</style>\n	</head>\n	<body>\n        \n		<table cellpadding=\"10\" style=\"background:#eeeeee;\" cellspacing=\"0\">\n			<tbody>\n        \n				<tr style=\"background:#fff;border-collapse:collapse;\"><td>Hi Albus:</td></tr>\n				<tr style=\"background:#fff;border-collapse:collapse;\"><td>A referral was recently assigned to you in Mapworks. Please sign in to your account to view and take action on this referral.</td></tr>\n				<tr style=\"background:#fff;border-collapse:collapse;\"><td>Thank you from the Mapworks team!</td></tr>\n				<tr style=\"background:#fff;border-collapse:collapse;\"><td>This email confirmation is an auto-generated message. Replies to automated messages are not monitored.</td></tr>\n        \n			</tbody>\n		</table>\n	</body>\n</html>','Y',NULL,NULL),
(6107,542,NULL,'2015-07-09 14:30:34',NULL,'2015-07-09 14:30:34',NULL,NULL,'2015-07-09','Referral_Assign_to_staff','albus.dumbledore@nsu542.com',NULL,NULL,'You have a new Mapworks referral\r\n\r\n','<html>\n	<head>\n		<style>\n		body {\n    background: none repeat scroll 0 0 #f4f4f4;\n        \n}\n		table {\n    padding: 21px;\n    width: 799px;\n	font-family: helvetica,arial,verdana,san-serif;\n	font-size:13px;\n	color:#333;\n	}\n		</style>\n	</head>\n	<body>\n        \n		<table cellpadding=\"10\" style=\"background:#eeeeee;\" cellspacing=\"0\">\n			<tbody>\n        \n				<tr style=\"background:#fff;border-collapse:collapse;\"><td>Hi Albus:</td></tr>\n				<tr style=\"background:#fff;border-collapse:collapse;\"><td>A referral was recently assigned to you in Mapworks. Please sign in to your account to view and take action on this referral.</td></tr>\n				<tr style=\"background:#fff;border-collapse:collapse;\"><td>Thank you from the Mapworks team!</td></tr>\n				<tr style=\"background:#fff;border-collapse:collapse;\"><td>This email confirmation is an auto-generated message. Replies to automated messages are not monitored.</td></tr>\n        \n			</tbody>\n		</table>\n	</body>\n</html>','Y',NULL,NULL),
(6108,542,NULL,'2015-07-09 20:10:13',NULL,'2015-07-09 20:10:13',NULL,NULL,'2015-07-09','Referral_Assign_to_staff','albus.dumbledore@nsu542.com',NULL,NULL,'You have a new Mapworks referral\r\n\r\n','<html>\n	<head>\n		<style>\n		body {\n    background: none repeat scroll 0 0 #f4f4f4;\n        \n}\n		table {\n    padding: 21px;\n    width: 799px;\n	font-family: helvetica,arial,verdana,san-serif;\n	font-size:13px;\n	color:#333;\n	}\n		</style>\n	</head>\n	<body>\n        \n		<table cellpadding=\"10\" style=\"background:#eeeeee;\" cellspacing=\"0\">\n			<tbody>\n        \n				<tr style=\"background:#fff;border-collapse:collapse;\"><td>Hi Albus:</td></tr>\n				<tr style=\"background:#fff;border-collapse:collapse;\"><td>A referral was recently assigned to you in Mapworks. Please sign in to your account to view and take action on this referral.</td></tr>\n				<tr style=\"background:#fff;border-collapse:collapse;\"><td>Thank you from the Mapworks team!</td></tr>\n				<tr style=\"background:#fff;border-collapse:collapse;\"><td>This email confirmation is an auto-generated message. Replies to automated messages are not monitored.</td></tr>\n        \n			</tbody>\n		</table>\n	</body>\n</html>','Y',NULL,NULL),
(6109,542,NULL,'2015-07-10 13:22:39',NULL,'2015-07-10 13:22:39',NULL,NULL,'2015-07-10','Referral_Assign_to_staff','pomona.sprout@nsu542.com',NULL,NULL,'You have a new Mapworks referral\r\n\r\n','<html>\n	<head>\n		<style>\n		body {\n    background: none repeat scroll 0 0 #f4f4f4;\n        \n}\n		table {\n    padding: 21px;\n    width: 799px;\n	font-family: helvetica,arial,verdana,san-serif;\n	font-size:13px;\n	color:#333;\n	}\n		</style>\n	</head>\n	<body>\n        \n		<table cellpadding=\"10\" style=\"background:#eeeeee;\" cellspacing=\"0\">\n			<tbody>\n        \n				<tr style=\"background:#fff;border-collapse:collapse;\"><td>Hi Pomona:</td></tr>\n				<tr style=\"background:#fff;border-collapse:collapse;\"><td>A referral was recently assigned to you in Mapworks. Please sign in to your account to view and take action on this referral.</td></tr>\n				<tr style=\"background:#fff;border-collapse:collapse;\"><td>Thank you from the Mapworks team!</td></tr>\n				<tr style=\"background:#fff;border-collapse:collapse;\"><td>This email confirmation is an auto-generated message. Replies to automated messages are not monitored.</td></tr>\n        \n			</tbody>\n		</table>\n	</body>\n</html>','Y',NULL,NULL),
(6110,542,NULL,'2015-07-10 13:23:01',NULL,'2015-07-10 13:23:01',NULL,NULL,'2015-07-10','Referral_Assign_to_staff','pomona.sprout@nsu542.com',NULL,NULL,'You have a new Mapworks referral\r\n\r\n','<html>\n	<head>\n		<style>\n		body {\n    background: none repeat scroll 0 0 #f4f4f4;\n        \n}\n		table {\n    padding: 21px;\n    width: 799px;\n	font-family: helvetica,arial,verdana,san-serif;\n	font-size:13px;\n	color:#333;\n	}\n		</style>\n	</head>\n	<body>\n        \n		<table cellpadding=\"10\" style=\"background:#eeeeee;\" cellspacing=\"0\">\n			<tbody>\n        \n				<tr style=\"background:#fff;border-collapse:collapse;\"><td>Hi Pomona:</td></tr>\n				<tr style=\"background:#fff;border-collapse:collapse;\"><td>A referral was recently assigned to you in Mapworks. Please sign in to your account to view and take action on this referral.</td></tr>\n				<tr style=\"background:#fff;border-collapse:collapse;\"><td>Thank you from the Mapworks team!</td></tr>\n				<tr style=\"background:#fff;border-collapse:collapse;\"><td>This email confirmation is an auto-generated message. Replies to automated messages are not monitored.</td></tr>\n        \n			</tbody>\n		</table>\n	</body>\n</html>','Y',NULL,NULL),
(6111,542,NULL,'2015-07-10 13:23:31',NULL,'2015-07-10 13:23:31',NULL,NULL,'2015-07-10','Appointment_Book_Staff_to_Student','cedric.diggory@nsu542.com',NULL,NULL,'Appointment booked via Mapworks','<html>\n<head>\n  <style>body {\n       background: none repeat scroll 0 0 #f4f4f4;\n        \n   }table {\n       padding: 21px;\n       width: 799px;\n   	font-family: helvetica,arial,verdana,san-serif;\n   	font-size:13px;\n   	color:#333;\n  }\n  	</style>\n  </head><body><table cellpadding=\"10\" style=\"background:#eeeeee;\" cellspacing=\"0\"><tbody><tr style=\"background:#fff;border-collapse:collapse;\"><td>Hi Cedric :</td></tr><tr style=\"background:#fff;border-collapse:collapse;\"><td>An appointment has been booked with Pomona Sprout\n 				on 07/11/2015 08:00am to 07/11/2015 09:00am. To view the appointment details,\n 				please log in to your Mapworks dashboard and visit <a class=\"external-link\" href=\"http://localhost:9090/#/viewstudentcalendars\" target=\"_blank\" style=\"color: rgb(41, 114, 155);text-decoration: underline;\">Mapworks student dashboard view appointment module</a>.</td></tr>\n  \n  <tr style=\"background:#fff;border-collapse:collapse;\"><td>Thank you from the Skyfactor Mapworks team.<br/><img alt=\"Skyfactor Mapworks Logo\" src=\"http://localhost:9090/images/Skyfactor-Mapworks-login.png\"/><br/></td></tr><tr style=\"background:#fff;border-collapse:collapse;\"><td>This email confirmation is an auto-generated message. Replies to automated messages are not monitored.</td></tr></tbody></table></body></html>','Y',NULL,NULL),
(6112,542,NULL,'2015-07-16 16:48:58',NULL,'2015-07-16 16:48:58',NULL,NULL,'2015-07-16','Add_Delegate','marcus.flint@nsu542.com',NULL,NULL,'MAP-Works Delegate Added','<html><head><style>body {background: none repeat scroll 0 0 #f4f4f4;}table {padding: 21px;width: 799px; font-family: helvetica,arial,verdana,san-serif; font-size:13px; color:#333; } </style> </head><body><table cellpadding=\"10\" style=\"background:#eeeeee;\" cellspacing=\"0\"><tbody><tr style=\"background:#fff;border-collapse:collapse;\"><td>Dear $$user_first_name$$:</td></tr><tr style=\"background:#fff;border-collapse:collapse;\"><td>Your student upload has finished importing. $$download_failed_log_file$$ </td></tr><tr style=\"background:#fff;border-collapse:collapse;\"><td>Best regards,<br/>EBI Mapworks</td></tr><tr style=\"background:#fff;border-collapse:collapse;\"><td>This email confirmation is an auto-generated message. Replies to automated messages are not monitored.</td></tr></tbody></table></body></html>','Y',NULL,NULL),
(6113,542,NULL,'2015-07-16 16:48:58',NULL,'2015-07-16 16:48:58',NULL,NULL,'2015-07-16','Add_Delegate','minerva.mcgonagall@nsu542.com',NULL,NULL,'MAP-Works Delegate Added','<html><head><style>body {background: none repeat scroll 0 0 #f4f4f4;}table {padding: 21px;width: 799px; font-family: helvetica,arial,verdana,san-serif; font-size:13px; color:#333; } </style> </head><body><table cellpadding=\"10\" style=\"background:#eeeeee;\" cellspacing=\"0\"><tbody><tr style=\"background:#fff;border-collapse:collapse;\"><td>Dear $$user_first_name$$:</td></tr><tr style=\"background:#fff;border-collapse:collapse;\"><td>Your student upload has finished importing. $$download_failed_log_file$$ </td></tr><tr style=\"background:#fff;border-collapse:collapse;\"><td>Best regards,<br/>EBI Mapworks</td></tr><tr style=\"background:#fff;border-collapse:collapse;\"><td>This email confirmation is an auto-generated message. Replies to automated messages are not monitored.</td></tr></tbody></table></body></html>','Y',NULL,NULL),
(6114,542,NULL,'2015-07-16 16:49:32',NULL,'2015-07-16 16:49:32',NULL,NULL,'2015-07-16','Add_Delegate','minerva.mcgonagall@nsu542.com',NULL,NULL,'MAP-Works Delegate Added','<html><head><style>body {background: none repeat scroll 0 0 #f4f4f4;}table {padding: 21px;width: 799px; font-family: helvetica,arial,verdana,san-serif; font-size:13px; color:#333; } </style> </head><body><table cellpadding=\"10\" style=\"background:#eeeeee;\" cellspacing=\"0\"><tbody><tr style=\"background:#fff;border-collapse:collapse;\"><td>Dear $$user_first_name$$:</td></tr><tr style=\"background:#fff;border-collapse:collapse;\"><td>Your student upload has finished importing. $$download_failed_log_file$$ </td></tr><tr style=\"background:#fff;border-collapse:collapse;\"><td>Best regards,<br/>EBI Mapworks</td></tr><tr style=\"background:#fff;border-collapse:collapse;\"><td>This email confirmation is an auto-generated message. Replies to automated messages are not monitored.</td></tr></tbody></table></body></html>','Y',NULL,NULL),
(6115,542,NULL,'2015-07-17 15:25:50',NULL,'2015-07-17 15:25:50',NULL,NULL,'2015-07-17','Referral_Assign_to_staff','rolanda.hooch@nsu542.com',NULL,NULL,'You have a new Mapworks referral\r\n\r\n','<html>\n	<head>\n		<style>\n		body {\n    background: none repeat scroll 0 0 #f4f4f4;\n        \n}\n		table {\n    padding: 21px;\n    width: 799px;\n	font-family: helvetica,arial,verdana,san-serif;\n	font-size:13px;\n	color:#333;\n	}\n		</style>\n	</head>\n	<body>\n        \n		<table cellpadding=\"10\" style=\"background:#eeeeee;\" cellspacing=\"0\">\n			<tbody>\n        \n				<tr style=\"background:#fff;border-collapse:collapse;\"><td>Hi Rolanda,</td></tr>\n				<tr style=\"background:#fff;border-collapse:collapse;\"><td>A referral was recently assigned to you in Mapworks. Please sign in to your account to view and take action on this referral.</td></tr>\n				<tr style=\"background:#fff;border-collapse:collapse;\"><td>Thank you from the Skyfactor Mapworks team.</td></tr>				\n				<tr style=\"background:#fff;border-collapse:collapse;\"><td><img width=\"307\" height = \"89\" alt=\"Skyfactor Mapworks Logo\" src=\"http://localhost:9090/images/Skyfactor-Mapworks-login.png\"/><br/></td></tr>\n				<tr style=\"background:#fff;border-collapse:collapse;\"><td>This email confirmation is an auto-generated message. Replies to automated messages are not monitored.</td></tr>\n        \n			</tbody>\n		</table>\n	</body>\n</html>','Y',NULL,NULL),
(6116,542,NULL,'2015-07-17 15:26:59',NULL,'2015-07-17 15:26:59',NULL,NULL,'2015-07-17','Referral_Assign_to_staff','oliver.wood@nsu542.com',NULL,NULL,'You have a new Mapworks referral\r\n\r\n','<html>\n	<head>\n		<style>\n		body {\n    background: none repeat scroll 0 0 #f4f4f4;\n        \n}\n		table {\n    padding: 21px;\n    width: 799px;\n	font-family: helvetica,arial,verdana,san-serif;\n	font-size:13px;\n	color:#333;\n	}\n		</style>\n	</head>\n	<body>\n        \n		<table cellpadding=\"10\" style=\"background:#eeeeee;\" cellspacing=\"0\">\n			<tbody>\n        \n				<tr style=\"background:#fff;border-collapse:collapse;\"><td>Hi Oliver ,</td></tr>\n				<tr style=\"background:#fff;border-collapse:collapse;\"><td>A referral was recently assigned to you in Mapworks. Please sign in to your account to view and take action on this referral.</td></tr>\n				<tr style=\"background:#fff;border-collapse:collapse;\"><td>Thank you from the Skyfactor Mapworks team.</td></tr>				\n				<tr style=\"background:#fff;border-collapse:collapse;\"><td><img width=\"307\" height = \"89\" alt=\"Skyfactor Mapworks Logo\" src=\"http://localhost:9090/images/Skyfactor-Mapworks-login.png\"/><br/></td></tr>\n				<tr style=\"background:#fff;border-collapse:collapse;\"><td>This email confirmation is an auto-generated message. Replies to automated messages are not monitored.</td></tr>\n        \n			</tbody>\n		</table>\n	</body>\n</html>','Y',NULL,NULL),
(6117,542,NULL,'2015-07-17 15:27:45',NULL,'2015-07-17 15:27:45',NULL,NULL,'2015-07-17','Appointment_Book_Staff_to_Student','harry.potter@nsu542.com',NULL,NULL,'Appointment booked via Mapworks','<html>\n<head>\n  <style>body {\n       background: none repeat scroll 0 0 #f4f4f4;\n        \n   }table {\n       padding: 21px;\n       width: 799px;\n   	font-family: helvetica,arial,verdana,san-serif;\n   	font-size:13px;\n   	color:#333;\n  }\n  	</style>\n  </head><body><table cellpadding=\"10\" style=\"background:#eeeeee;\" cellspacing=\"0\"><tbody><tr style=\"background:#fff;border-collapse:collapse;\"><td>Hi Harry :</td></tr><tr style=\"background:#fff;border-collapse:collapse;\"><td>An appointment has been booked with Rubeus Hagrid\n 				on 07/18/2015 08:00am to 07/18/2015 09:00am. To view the appointment details,\n 				please log in to your Mapworks dashboard and visit <a class=\"external-link\" href=\"http://localhost:9090/#/viewstudentcalendars\" target=\"_blank\" style=\"color: rgb(41, 114, 155);text-decoration: underline;\">Mapworks student dashboard view appointment module</a>.</td></tr>\n  \n  <tr style=\"background:#fff;border-collapse:collapse;\"><td>Thank you from the Skyfactor Mapworks team.<br/><img alt=\"Skyfactor Mapworks Logo\" src=\"http://localhost:9090/images/Skyfactor-Mapworks-login.png\"/><br/></td></tr><tr style=\"background:#fff;border-collapse:collapse;\"><td>This email confirmation is an auto-generated message. Replies to automated messages are not monitored.</td></tr></tbody></table></body></html>','Y',NULL,NULL),
(6118,542,NULL,'2015-07-17 18:28:13',NULL,'2015-07-17 18:28:13',NULL,NULL,'2015-07-17','Referral_Assign_to_staff','albus.dumbledore@nsu542.com',NULL,NULL,'You have a new Mapworks referral\r\n\r\n','<html>\n	<head>\n		<style>\n		body {\n    background: none repeat scroll 0 0 #f4f4f4;\n        \n}\n		table {\n    padding: 21px;\n    width: 799px;\n	font-family: helvetica,arial,verdana,san-serif;\n	font-size:13px;\n	color:#333;\n	}\n		</style>\n	</head>\n	<body>\n        \n		<table cellpadding=\"10\" style=\"background:#eeeeee;\" cellspacing=\"0\">\n			<tbody>\n        \n				<tr style=\"background:#fff;border-collapse:collapse;\"><td>Hi Albus,</td></tr>\n				<tr style=\"background:#fff;border-collapse:collapse;\"><td>A referral was recently assigned to you in Mapworks. Please sign in to your account to view and take action on this referral.</td></tr>\n				<tr style=\"background:#fff;border-collapse:collapse;\"><td>Thank you from the Skyfactor Mapworks team.</td></tr>				\n				<tr style=\"background:#fff;border-collapse:collapse;\"><td><img width=\"307\" height = \"89\" alt=\"Skyfactor Mapworks Logo\" src=\"http://localhost:9090/images/Skyfactor-Mapworks-login.png\"/><br/></td></tr>\n				<tr style=\"background:#fff;border-collapse:collapse;\"><td>This email confirmation is an auto-generated message. Replies to automated messages are not monitored.</td></tr>\n        \n			</tbody>\n		</table>\n	</body>\n</html>','Y',NULL,NULL),
(6119,542,NULL,'2015-07-17 18:36:14',NULL,'2015-07-17 18:36:14',NULL,NULL,'2015-07-17','Referral_Assign_to_staff','albus.dumbledore@nsu542.com',NULL,NULL,'You have a new Mapworks referral\r\n\r\n','<html>\n	<head>\n		<style>\n		body {\n    background: none repeat scroll 0 0 #f4f4f4;\n        \n}\n		table {\n    padding: 21px;\n    width: 799px;\n	font-family: helvetica,arial,verdana,san-serif;\n	font-size:13px;\n	color:#333;\n	}\n		</style>\n	</head>\n	<body>\n        \n		<table cellpadding=\"10\" style=\"background:#eeeeee;\" cellspacing=\"0\">\n			<tbody>\n        \n				<tr style=\"background:#fff;border-collapse:collapse;\"><td>Hi Albus,</td></tr>\n				<tr style=\"background:#fff;border-collapse:collapse;\"><td>A referral was recently assigned to you in Mapworks. Please sign in to your account to view and take action on this referral.</td></tr>\n				<tr style=\"background:#fff;border-collapse:collapse;\"><td>Thank you from the Skyfactor Mapworks team.</td></tr>				\n				<tr style=\"background:#fff;border-collapse:collapse;\"><td><img width=\"307\" height = \"89\" alt=\"Skyfactor Mapworks Logo\" src=\"http://localhost:9090/images/Skyfactor-Mapworks-login.png\"/><br/></td></tr>\n				<tr style=\"background:#fff;border-collapse:collapse;\"><td>This email confirmation is an auto-generated message. Replies to automated messages are not monitored.</td></tr>\n        \n			</tbody>\n		</table>\n	</body>\n</html>','Y',NULL,NULL),
(6120,542,NULL,'2015-07-17 18:37:02',NULL,'2015-07-17 18:37:02',NULL,NULL,'2015-07-17','Appointment_Book_Staff_to_Student','ron.weasley@nsu542.com',NULL,NULL,'Appointment booked via Mapworks','<html>\n<head>\n  <style>body {\n       background: none repeat scroll 0 0 #f4f4f4;\n        \n   }table {\n       padding: 21px;\n       width: 799px;\n   	font-family: helvetica,arial,verdana,san-serif;\n   	font-size:13px;\n   	color:#333;\n  }\n  	</style>\n  </head><body><table cellpadding=\"10\" style=\"background:#eeeeee;\" cellspacing=\"0\"><tbody><tr style=\"background:#fff;border-collapse:collapse;\"><td>Hi Ron :</td></tr><tr style=\"background:#fff;border-collapse:collapse;\"><td>An appointment has been booked with Rubeus Hagrid\n 				on 07/18/2015 08:00am to 07/18/2015 09:00am. To view the appointment details,\n 				please log in to your Mapworks dashboard and visit <a class=\"external-link\" href=\"http://localhost:9090/#/viewstudentcalendars\" target=\"_blank\" style=\"color: rgb(41, 114, 155);text-decoration: underline;\">Mapworks student dashboard view appointment module</a>.</td></tr>\n  \n  <tr style=\"background:#fff;border-collapse:collapse;\"><td>Thank you from the Skyfactor Mapworks team.<br/><img alt=\"Skyfactor Mapworks Logo\" src=\"http://localhost:9090/images/Skyfactor-Mapworks-login.png\"/><br/></td></tr><tr style=\"background:#fff;border-collapse:collapse;\"><td>This email confirmation is an auto-generated message. Replies to automated messages are not monitored.</td></tr></tbody></table></body></html>','Y',NULL,NULL),
(6121,542,NULL,'2015-07-20 21:29:09',NULL,'2015-07-20 21:29:09',NULL,NULL,'2015-07-20','Referral_Assign_to_staff','albus.dumbledore@nsu542.com',NULL,NULL,'You have a new Mapworks referral\r\n\r\n','<html>\n	<head>\n		<style>\n		body {\n    background: none repeat scroll 0 0 #f4f4f4;\n        \n}\n		table {\n    padding: 21px;\n    width: 799px;\n	font-family: helvetica,arial,verdana,san-serif;\n	font-size:13px;\n	color:#333;\n	}\n		</style>\n	</head>\n	<body>\n        \n		<table cellpadding=\"10\" style=\"background:#eeeeee;\" cellspacing=\"0\">\n			<tbody>\n        \n				<tr style=\"background:#fff;border-collapse:collapse;\"><td>Hi Albus,</td></tr>\n				<tr style=\"background:#fff;border-collapse:collapse;\"><td>A referral was recently assigned to you in Mapworks. Please sign in to your account to view and take action on this referral.</td></tr>\n				<tr style=\"background:#fff;border-collapse:collapse;\"><td>Thank you from the Skyfactor Mapworks team.</td></tr>				\n				<tr style=\"background:#fff;border-collapse:collapse;\"><td><img width=\"307\" height = \"89\" alt=\"Skyfactor Mapworks Logo\" src=\"http://localhost:9090/images/Skyfactor-Mapworks-login.png\"/><br/></td></tr>\n				<tr style=\"background:#fff;border-collapse:collapse;\"><td>This email confirmation is an auto-generated message. Replies to automated messages are not monitored.</td></tr>\n        \n			</tbody>\n		</table>\n	</body>\n</html>','Y',NULL,NULL),
(6122,542,NULL,'2015-07-22 13:28:35',NULL,'2015-07-22 13:28:35',NULL,NULL,'2015-07-22','Appointment_Book_Staff_to_Student','harry.potter@nsu542.com',NULL,NULL,'Appointment booked via Mapworks','<html>\n<head>\n  <style>body {\n       background: none repeat scroll 0 0 #f4f4f4;\n        \n   }table {\n       padding: 21px;\n       width: 799px;\n   	font-family: helvetica,arial,verdana,san-serif;\n   	font-size:13px;\n   	color:#333;\n  }\n  	</style>\n  </head><body><table cellpadding=\"10\" style=\"background:#eeeeee;\" cellspacing=\"0\"><tbody><tr style=\"background:#fff;border-collapse:collapse;\"><td>Hi Harry :</td></tr><tr style=\"background:#fff;border-collapse:collapse;\"><td>An appointment has been booked with Albus Dumbledore\n 				on 07/23/2015 09:00am to 07/23/2015 10:00am. To view the appointment details,\n 				please log in to your Mapworks dashboard and visit <a class=\"external-link\" href=\"http://localhost:9090/#/viewstudentcalendars\" target=\"_blank\" style=\"color: rgb(41, 114, 155);text-decoration: underline;\">Mapworks student dashboard view appointment module</a>.</td></tr>\n  \n  <tr style=\"background:#fff;border-collapse:collapse;\"><td>Thank you from the Skyfactor Mapworks team.<br/><img alt=\"Skyfactor Mapworks Logo\" src=\"http://localhost:9090/images/Skyfactor-Mapworks-login.png\"/><br/></td></tr><tr style=\"background:#fff;border-collapse:collapse;\"><td>This email confirmation is an auto-generated message. Replies to automated messages are not monitored.</td></tr></tbody></table></body></html>','Y',NULL,NULL),
(6123,542,NULL,'2015-07-28 21:56:04',NULL,'2015-07-28 21:56:04',NULL,NULL,'2015-07-28','Appointment_Book_Staff_to_Student','harry.potter@nsu542.com',NULL,NULL,'Appointment booked via Mapworks','<html>\n<head>\n  <style>body {\n       background: none repeat scroll 0 0 #f4f4f4;\n        \n   }table {\n       padding: 21px;\n       width: 799px;\n   	font-family: helvetica,arial,verdana,san-serif;\n   	font-size:13px;\n   	color:#333;\n  }\n  	</style>\n  </head><body><table cellpadding=\"10\" style=\"background:#eeeeee;\" cellspacing=\"0\"><tbody><tr style=\"background:#fff;border-collapse:collapse;\"><td>Hi Harry :</td></tr><tr style=\"background:#fff;border-collapse:collapse;\"><td>An appointment has been booked with Albus Dumbledore\n 				on 07/29/2015 08:00am to 07/29/2015 08:30am. To view the appointment details,\n 				please log in to your Mapworks dashboard and visit <a class=\"external-link\" href=\"http://localhost:9090/#/viewstudentcalendars\" target=\"_blank\" style=\"color: rgb(41, 114, 155);text-decoration: underline;\">Mapworks student dashboard view appointment module</a>.</td></tr>\n  \n  <tr style=\"background:#fff;border-collapse:collapse;\"><td>Thank you from the Skyfactor Mapworks team.<br/><img alt=\"Skyfactor Mapworks Logo\" src=\"http://localhost:9090/images/Skyfactor-Mapworks-login.png\"/><br/></td></tr><tr style=\"background:#fff;border-collapse:collapse;\"><td>This email confirmation is an auto-generated message. Replies to automated messages are not monitored.</td></tr></tbody></table></body></html>','Y',NULL,NULL);
/*!40000 ALTER TABLE `notification_log` ENABLE KEYS */;
UNLOCK TABLES;

--
-- Table structure for table `office_hours`
--

DROP TABLE IF EXISTS `office_hours`;
/*!40101 SET @saved_cs_client     = @@character_set_client */;
/*!40101 SET character_set_client = utf8 */;
CREATE TABLE `office_hours` (
  `id` int(11) NOT NULL AUTO_INCREMENT,
  `organization_id` int(11) DEFAULT NULL,
  `person_id` int(11) DEFAULT NULL,
  `person_id_proxy_created` int(11) DEFAULT NULL,
  `office_hours_series_id` int(11) DEFAULT NULL,
  `appointments_id` int(11) DEFAULT NULL,
  `person_id_proxy_cancelled` int(11) DEFAULT NULL,
  `created_by` int(11) DEFAULT NULL,
  `created_at` datetime DEFAULT NULL,
  `modified_by` int(11) DEFAULT NULL,
  `modified_at` datetime DEFAULT NULL,
  `deleted_by` int(11) DEFAULT NULL,
  `deleted_at` datetime DEFAULT NULL,
  `slot_type` varchar(1) COLLATE utf8_unicode_ci DEFAULT NULL,
  `location` varchar(45) COLLATE utf8_unicode_ci DEFAULT NULL,
  `slot_start` datetime DEFAULT NULL,
  `slot_end` datetime DEFAULT NULL,
  `meeting_length` int(11) DEFAULT NULL,
  `standing_instructions` varchar(255) COLLATE utf8_unicode_ci DEFAULT NULL,
  `is_cancelled` tinyint(1) DEFAULT NULL,
  `source` enum('S','G','E') COLLATE utf8_unicode_ci DEFAULT 'S',
  `exchange_appointment_id` varchar(100) COLLATE utf8_unicode_ci DEFAULT NULL,
  `google_appointment_id` varchar(100) COLLATE utf8_unicode_ci DEFAULT NULL,
  `last_synced` datetime DEFAULT NULL,
  PRIMARY KEY (`id`),
  KEY `IDX_83411E0D32C8A3DE` (`organization_id`),
  KEY `IDX_83411E0D217BBB47` (`person_id`),
  KEY `IDX_83411E0D7D2061B4` (`person_id_proxy_created`),
  KEY `IDX_83411E0DD2D1B0CE` (`office_hours_series_id`),
  KEY `IDX_83411E0D23F542AE` (`appointments_id`),
  KEY `IDX_83411E0D3AF00C37` (`person_id_proxy_cancelled`),
  KEY `exchange_appointment_id_idx` (`exchange_appointment_id`,`last_synced`),
  KEY `google_appointment_id_idx` (`google_appointment_id`,`last_synced`),
  CONSTRAINT `FK_83411E0D217BBB47` FOREIGN KEY (`person_id`) REFERENCES `person` (`id`),
  CONSTRAINT `FK_83411E0D23F542AE` FOREIGN KEY (`appointments_id`) REFERENCES `Appointments` (`id`),
  CONSTRAINT `FK_83411E0D32C8A3DE` FOREIGN KEY (`organization_id`) REFERENCES `organization` (`id`),
  CONSTRAINT `FK_83411E0D3AF00C37` FOREIGN KEY (`person_id_proxy_cancelled`) REFERENCES `person` (`id`),
  CONSTRAINT `FK_83411E0D7D2061B4` FOREIGN KEY (`person_id_proxy_created`) REFERENCES `person` (`id`),
  CONSTRAINT `FK_83411E0DD2D1B0CE` FOREIGN KEY (`office_hours_series_id`) REFERENCES `office_hours_series` (`id`)
) ENGINE=InnoDB AUTO_INCREMENT=25 DEFAULT CHARSET=utf8 COLLATE=utf8_unicode_ci;
/*!40101 SET character_set_client = @saved_cs_client */;

--
-- Dumping data for table `office_hours`
--

LOCK TABLES `office_hours` WRITE;
/*!40000 ALTER TABLE `office_hours` DISABLE KEYS */;
INSERT INTO `office_hours` VALUES
(1,542,99704,NULL,1,994,NULL,NULL,'2015-07-28 21:54:56',NULL,'2015-07-28 21:56:03',NULL,NULL,'S','Headmaster\'s Office','2015-07-29 13:00:00','2015-07-29 13:30:00',30,NULL,NULL,'S',NULL,NULL,NULL),
(2,542,99704,NULL,1,NULL,NULL,NULL,'2015-07-28 21:54:56',NULL,'2015-07-28 21:54:56',NULL,NULL,'S','Headmaster\'s Office','2015-07-29 13:30:00','2015-07-29 14:00:00',30,NULL,NULL,'S',NULL,NULL,NULL),
(3,542,99704,NULL,1,NULL,NULL,NULL,'2015-07-28 21:54:56',NULL,'2015-07-28 21:54:56',NULL,NULL,'S','Headmaster\'s Office','2015-07-29 14:00:00','2015-07-29 14:30:00',30,NULL,NULL,'S',NULL,NULL,NULL),
(4,542,99704,NULL,1,NULL,NULL,NULL,'2015-07-28 21:54:56',NULL,'2015-07-28 21:54:56',NULL,NULL,'S','Headmaster\'s Office','2015-07-29 14:30:00','2015-07-29 15:00:00',30,NULL,NULL,'S',NULL,NULL,NULL),
(5,542,99704,NULL,1,NULL,NULL,NULL,'2015-07-28 21:54:56',NULL,'2015-07-28 21:54:56',NULL,NULL,'S','Headmaster\'s Office','2015-07-29 15:00:00','2015-07-29 15:30:00',30,NULL,NULL,'S',NULL,NULL,NULL),
(6,542,99704,NULL,1,NULL,NULL,NULL,'2015-07-28 21:54:56',NULL,'2015-07-28 21:54:56',NULL,NULL,'S','Headmaster\'s Office','2015-07-29 15:30:00','2015-07-29 16:00:00',30,NULL,NULL,'S',NULL,NULL,NULL),
(7,542,99704,NULL,1,NULL,NULL,NULL,'2015-07-28 21:54:56',NULL,'2015-07-28 21:54:56',NULL,NULL,'S','Headmaster\'s Office','2015-07-29 16:00:00','2015-07-29 16:30:00',30,NULL,NULL,'S',NULL,NULL,NULL),
(8,542,99704,NULL,1,NULL,NULL,NULL,'2015-07-28 21:54:56',NULL,'2015-07-28 21:54:56',NULL,NULL,'S','Headmaster\'s Office','2015-07-29 16:30:00','2015-07-29 17:00:00',30,NULL,NULL,'S',NULL,NULL,NULL),
(9,542,99704,NULL,1,NULL,NULL,NULL,'2015-07-28 21:54:56',NULL,'2015-07-28 21:54:56',NULL,NULL,'S','Headmaster\'s Office','2015-07-30 13:00:00','2015-07-30 13:30:00',30,NULL,NULL,'S',NULL,NULL,NULL),
(10,542,99704,NULL,1,NULL,NULL,NULL,'2015-07-28 21:54:56',NULL,'2015-07-28 21:54:56',NULL,NULL,'S','Headmaster\'s Office','2015-07-30 13:30:00','2015-07-30 14:00:00',30,NULL,NULL,'S',NULL,NULL,NULL),
(11,542,99704,NULL,1,NULL,NULL,NULL,'2015-07-28 21:54:56',NULL,'2015-07-28 21:54:56',NULL,NULL,'S','Headmaster\'s Office','2015-07-30 14:00:00','2015-07-30 14:30:00',30,NULL,NULL,'S',NULL,NULL,NULL),
(12,542,99704,NULL,1,NULL,NULL,NULL,'2015-07-28 21:54:56',NULL,'2015-07-28 21:54:56',NULL,NULL,'S','Headmaster\'s Office','2015-07-30 14:30:00','2015-07-30 15:00:00',30,NULL,NULL,'S',NULL,NULL,NULL),
(13,542,99704,NULL,1,NULL,NULL,NULL,'2015-07-28 21:54:56',NULL,'2015-07-28 21:54:56',NULL,NULL,'S','Headmaster\'s Office','2015-07-30 15:00:00','2015-07-30 15:30:00',30,NULL,NULL,'S',NULL,NULL,NULL),
(14,542,99704,NULL,1,NULL,NULL,NULL,'2015-07-28 21:54:56',NULL,'2015-07-28 21:54:56',NULL,NULL,'S','Headmaster\'s Office','2015-07-30 15:30:00','2015-07-30 16:00:00',30,NULL,NULL,'S',NULL,NULL,NULL),
(15,542,99704,NULL,1,NULL,NULL,NULL,'2015-07-28 21:54:56',NULL,'2015-07-28 21:54:56',NULL,NULL,'S','Headmaster\'s Office','2015-07-30 16:00:00','2015-07-30 16:30:00',30,NULL,NULL,'S',NULL,NULL,NULL),
(16,542,99704,NULL,1,NULL,NULL,NULL,'2015-07-28 21:54:56',NULL,'2015-07-28 21:54:56',NULL,NULL,'S','Headmaster\'s Office','2015-07-30 16:30:00','2015-07-30 17:00:00',30,NULL,NULL,'S',NULL,NULL,NULL),
(17,542,99704,NULL,1,NULL,NULL,NULL,'2015-07-28 21:54:56',NULL,'2015-07-28 21:54:56',NULL,NULL,'S','Headmaster\'s Office','2015-07-31 13:00:00','2015-07-31 13:30:00',30,NULL,NULL,'S',NULL,NULL,NULL),
(18,542,99704,NULL,1,NULL,NULL,NULL,'2015-07-28 21:54:56',NULL,'2015-07-28 21:54:56',NULL,NULL,'S','Headmaster\'s Office','2015-07-31 13:30:00','2015-07-31 14:00:00',30,NULL,NULL,'S',NULL,NULL,NULL),
(19,542,99704,NULL,1,NULL,NULL,NULL,'2015-07-28 21:54:56',NULL,'2015-07-28 21:54:56',NULL,NULL,'S','Headmaster\'s Office','2015-07-31 14:00:00','2015-07-31 14:30:00',30,NULL,NULL,'S',NULL,NULL,NULL),
(20,542,99704,NULL,1,NULL,NULL,NULL,'2015-07-28 21:54:56',NULL,'2015-07-28 21:54:56',NULL,NULL,'S','Headmaster\'s Office','2015-07-31 14:30:00','2015-07-31 15:00:00',30,NULL,NULL,'S',NULL,NULL,NULL),
(21,542,99704,NULL,1,NULL,NULL,NULL,'2015-07-28 21:54:56',NULL,'2015-07-28 21:54:56',NULL,NULL,'S','Headmaster\'s Office','2015-07-31 15:00:00','2015-07-31 15:30:00',30,NULL,NULL,'S',NULL,NULL,NULL),
(22,542,99704,NULL,1,NULL,NULL,NULL,'2015-07-28 21:54:56',NULL,'2015-07-28 21:54:56',NULL,NULL,'S','Headmaster\'s Office','2015-07-31 15:30:00','2015-07-31 16:00:00',30,NULL,NULL,'S',NULL,NULL,NULL),
(23,542,99704,NULL,1,NULL,NULL,NULL,'2015-07-28 21:54:56',NULL,'2015-07-28 21:54:56',NULL,NULL,'S','Headmaster\'s Office','2015-07-31 16:00:00','2015-07-31 16:30:00',30,NULL,NULL,'S',NULL,NULL,NULL),
(24,542,99704,NULL,1,NULL,NULL,NULL,'2015-07-28 21:54:56',NULL,'2015-07-28 21:54:56',NULL,NULL,'S','Headmaster\'s Office','2015-07-31 16:30:00','2015-07-31 17:00:00',30,NULL,NULL,'S',NULL,NULL,NULL);
/*!40000 ALTER TABLE `office_hours` ENABLE KEYS */;
UNLOCK TABLES;

--
-- Table structure for table `office_hours_series`
--

DROP TABLE IF EXISTS `office_hours_series`;
/*!40101 SET @saved_cs_client     = @@character_set_client */;
/*!40101 SET character_set_client = utf8 */;
CREATE TABLE `office_hours_series` (
  `id` int(11) NOT NULL AUTO_INCREMENT,
  `organization_id` int(11) DEFAULT NULL,
  `person_id` int(11) DEFAULT NULL,
  `person_id_proxy` int(11) DEFAULT NULL,
  `created_by` int(11) DEFAULT NULL,
  `created_at` datetime DEFAULT NULL,
  `modified_by` int(11) DEFAULT NULL,
  `modified_at` datetime DEFAULT NULL,
  `deleted_by` int(11) DEFAULT NULL,
  `deleted_at` datetime DEFAULT NULL,
  `days` varchar(7) COLLATE utf8_unicode_ci DEFAULT NULL,
  `location` varchar(45) COLLATE utf8_unicode_ci DEFAULT NULL,
  `slot_start` datetime DEFAULT NULL,
  `slot_end` datetime DEFAULT NULL,
  `meeting_length` int(11) DEFAULT NULL,
  `standing_instructions` varchar(255) COLLATE utf8_unicode_ci DEFAULT NULL,
  `repeat_pattern` varchar(3) COLLATE utf8_unicode_ci DEFAULT NULL,
  `repeat_every` int(11) DEFAULT NULL,
  `repetition_range` varchar(1) COLLATE utf8_unicode_ci DEFAULT NULL,
  `repetition_occurrence` int(11) DEFAULT NULL,
  `repeat_monthly_on` int(11) DEFAULT NULL,
  `exchange_master_appointment_id` varchar(100) COLLATE utf8_unicode_ci DEFAULT NULL,
  `google_master_appointment_id` varchar(100) COLLATE utf8_unicode_ci DEFAULT NULL,
  `last_synced` datetime DEFAULT NULL,
  `include_stat_sun` int(11) DEFAULT NULL,
  PRIMARY KEY (`id`),
  KEY `IDX_1578CA932C8A3DE` (`organization_id`),
  KEY `IDX_1578CA9217BBB47` (`person_id`),
  KEY `IDX_1578CA99B12DB9` (`person_id_proxy`),
  KEY `exchange_master_appointment_id_idx` (`exchange_master_appointment_id`,`last_synced`),
  KEY `google_master_appointment_id_idx` (`google_master_appointment_id`,`last_synced`),
  CONSTRAINT `FK_1578CA9217BBB47` FOREIGN KEY (`person_id`) REFERENCES `person` (`id`),
  CONSTRAINT `FK_1578CA932C8A3DE` FOREIGN KEY (`organization_id`) REFERENCES `organization` (`id`),
  CONSTRAINT `FK_1578CA99B12DB9` FOREIGN KEY (`person_id_proxy`) REFERENCES `person` (`id`)
) ENGINE=InnoDB AUTO_INCREMENT=2 DEFAULT CHARSET=utf8 COLLATE=utf8_unicode_ci;
/*!40101 SET character_set_client = @saved_cs_client */;

--
-- Dumping data for table `office_hours_series`
--

LOCK TABLES `office_hours_series` WRITE;
/*!40000 ALTER TABLE `office_hours_series` DISABLE KEYS */;
INSERT INTO `office_hours_series` VALUES
(1,542,99704,NULL,NULL,'2015-07-28 21:54:56',NULL,'2015-07-28 21:54:56',NULL,NULL,'0111110','Headmaster\'s Office','2015-07-29 13:00:00','2015-07-29 17:00:00',30,NULL,'W',2,'N',NULL,NULL,NULL,NULL,NULL,NULL);
/*!40000 ALTER TABLE `office_hours_series` ENABLE KEYS */;
UNLOCK TABLES;

--
-- Table structure for table `org_academic_terms`
--

DROP TABLE IF EXISTS `org_academic_terms`;
/*!40101 SET @saved_cs_client     = @@character_set_client */;
/*!40101 SET character_set_client = utf8 */;
CREATE TABLE `org_academic_terms` (
  `id` int(11) NOT NULL AUTO_INCREMENT,
  `created_by` int(11) DEFAULT NULL,
  `modified_by` int(11) DEFAULT NULL,
  `deleted_by` int(11) DEFAULT NULL,
  `organization_id` int(11) DEFAULT NULL,
  `org_academic_year_id` int(11) DEFAULT NULL,
  `created_at` datetime DEFAULT NULL,
  `modified_at` datetime DEFAULT NULL,
  `deleted_at` datetime DEFAULT NULL,
  `name` varchar(120) COLLATE utf8_unicode_ci DEFAULT NULL,
  `start_date` date NOT NULL,
  `end_date` date NOT NULL,
  `term_code` varchar(10) COLLATE utf8_unicode_ci DEFAULT NULL,
  PRIMARY KEY (`id`),
  KEY `IDX_75DF84EFDE12AB56` (`created_by`),
  KEY `IDX_75DF84EF25F94802` (`modified_by`),
  KEY `IDX_75DF84EF1F6FA0AF` (`deleted_by`),
  KEY `fk_academicperiod_organizationid` (`organization_id`),
  KEY `fk_academicperiod_academicyearid` (`org_academic_year_id`),
  KEY `org_academic_end` (`organization_id`,`org_academic_year_id`,`end_date`),
  KEY `last_term` (`id`,`organization_id`,`end_date`,`start_date`,`deleted_at`),
  CONSTRAINT `FK_75DF84EF1F6FA0AF` FOREIGN KEY (`deleted_by`) REFERENCES `person` (`id`),
  CONSTRAINT `FK_75DF84EF25F94802` FOREIGN KEY (`modified_by`) REFERENCES `person` (`id`),
  CONSTRAINT `FK_75DF84EF32C8A3DE` FOREIGN KEY (`organization_id`) REFERENCES `organization` (`id`),
  CONSTRAINT `FK_75DF84EFDE12AB56` FOREIGN KEY (`created_by`) REFERENCES `person` (`id`),
  CONSTRAINT `FK_75DF84EFF3B0CE4A` FOREIGN KEY (`org_academic_year_id`) REFERENCES `org_academic_year` (`id`)
) ENGINE=InnoDB AUTO_INCREMENT=133 DEFAULT CHARSET=utf8 COLLATE=utf8_unicode_ci;
/*!40101 SET character_set_client = @saved_cs_client */;

--
-- Dumping data for table `org_academic_terms`
--

LOCK TABLES `org_academic_terms` WRITE;
/*!40000 ALTER TABLE `org_academic_terms` DISABLE KEYS */;
INSERT INTO `org_academic_terms` VALUES
(123,NULL,NULL,NULL,542,110,'2015-05-13 16:55:57','2015-05-13 16:55:57',NULL,'Herbst','2015-07-01','2016-01-31','F15'),
(130,NULL,NULL,NULL,542,110,'2015-05-21 15:05:42','2015-05-21 15:05:42',NULL,'Spring','2016-01-04','2016-04-29','S16'),
(132,NULL,NULL,NULL,542,112,'2015-07-21 18:43:45','2015-07-21 18:43:45',NULL,'Spring','2015-01-01','2015-06-15','S15');
/*!40000 ALTER TABLE `org_academic_terms` ENABLE KEYS */;
UNLOCK TABLES;

--
-- Table structure for table `org_academic_year`
--

DROP TABLE IF EXISTS `org_academic_year`;
/*!40101 SET @saved_cs_client     = @@character_set_client */;
/*!40101 SET character_set_client = utf8 */;
CREATE TABLE `org_academic_year` (
  `id` int(11) NOT NULL AUTO_INCREMENT,
  `created_by` int(11) DEFAULT NULL,
  `modified_by` int(11) DEFAULT NULL,
  `deleted_by` int(11) DEFAULT NULL,
  `organization_id` int(11) DEFAULT NULL,
  `created_at` datetime DEFAULT NULL,
  `modified_at` datetime DEFAULT NULL,
  `deleted_at` datetime DEFAULT NULL,
  `name` varchar(120) COLLATE utf8_unicode_ci DEFAULT NULL,
  `year_id` varchar(10) COLLATE utf8_unicode_ci DEFAULT NULL,
  `start_date` date NOT NULL,
  `end_date` date NOT NULL,
  PRIMARY KEY (`id`),
  KEY `IDX_A4C0972DDE12AB56` (`created_by`),
  KEY `IDX_A4C0972D25F94802` (`modified_by`),
  KEY `IDX_A4C0972D1F6FA0AF` (`deleted_by`),
  KEY `fk_org_academic_year_year1_idx` (`year_id`),
  KEY `relationship9` (`organization_id`),
  CONSTRAINT `FK_A4C0972D1F6FA0AF` FOREIGN KEY (`deleted_by`) REFERENCES `person` (`id`),
  CONSTRAINT `FK_A4C0972D25F94802` FOREIGN KEY (`modified_by`) REFERENCES `person` (`id`),
  CONSTRAINT `FK_A4C0972D32C8A3DE` FOREIGN KEY (`organization_id`) REFERENCES `organization` (`id`),
  CONSTRAINT `FK_A4C0972D40C1FEA7` FOREIGN KEY (`year_id`) REFERENCES `year` (`id`),
  CONSTRAINT `FK_A4C0972DDE12AB56` FOREIGN KEY (`created_by`) REFERENCES `person` (`id`)
) ENGINE=InnoDB AUTO_INCREMENT=113 DEFAULT CHARSET=utf8 COLLATE=utf8_unicode_ci;
/*!40101 SET character_set_client = @saved_cs_client */;

--
-- Dumping data for table `org_academic_year`
--

LOCK TABLES `org_academic_year` WRITE;
/*!40000 ALTER TABLE `org_academic_year` DISABLE KEYS */;
INSERT INTO `org_academic_year` VALUES
(110,NULL,NULL,NULL,542,'2015-05-13 16:54:56','2015-05-13 16:54:56',NULL,'Jahr','201516','2015-07-01','2016-05-01'),
(111,NULL,NULL,NULL,542,'2015-06-15 20:46:38','2015-06-15 20:46:38',NULL,'2013-2014','201314','2013-08-15','2014-06-15'),
(112,NULL,NULL,NULL,542,'2015-06-15 20:46:38','2015-06-15 20:46:38',NULL,'2014-2015','201415','2014-08-15','2015-06-15');
/*!40000 ALTER TABLE `org_academic_year` ENABLE KEYS */;
UNLOCK TABLES;

--
-- Table structure for table `org_announcements`
--

DROP TABLE IF EXISTS `org_announcements`;
/*!40101 SET @saved_cs_client     = @@character_set_client */;
/*!40101 SET character_set_client = utf8 */;
CREATE TABLE `org_announcements` (
  `id` int(11) NOT NULL AUTO_INCREMENT,
  `created_by` int(11) DEFAULT NULL,
  `modified_by` int(11) DEFAULT NULL,
  `deleted_by` int(11) DEFAULT NULL,
  `org_id` int(11) NOT NULL,
  `creator_person_id` int(11) NOT NULL,
  `created_at` datetime DEFAULT NULL,
  `modified_at` datetime DEFAULT NULL,
  `deleted_at` datetime DEFAULT NULL,
  `display_type` enum('banner','alert bell') COLLATE utf8_unicode_ci DEFAULT NULL,
  `start_datetime` datetime NOT NULL,
  `stop_datetime` datetime NOT NULL,
  `message_duration` varchar(25) COLLATE utf8_unicode_ci DEFAULT NULL,
  PRIMARY KEY (`id`),
  KEY `IDX_8CD85A91DE12AB56` (`created_by`),
  KEY `IDX_8CD85A9125F94802` (`modified_by`),
  KEY `IDX_8CD85A911F6FA0AF` (`deleted_by`),
  KEY `fk_org_announcements_organization1_idx` (`org_id`),
  KEY `fk_org_announcements_person1_idx` (`creator_person_id`),
  CONSTRAINT `FK_8CD85A911F6FA0AF` FOREIGN KEY (`deleted_by`) REFERENCES `person` (`id`),
  CONSTRAINT `FK_8CD85A9125F94802` FOREIGN KEY (`modified_by`) REFERENCES `person` (`id`),
  CONSTRAINT `FK_8CD85A91D895820F` FOREIGN KEY (`creator_person_id`) REFERENCES `person` (`id`),
  CONSTRAINT `FK_8CD85A91DE12AB56` FOREIGN KEY (`created_by`) REFERENCES `person` (`id`),
  CONSTRAINT `FK_8CD85A91F4837C1B` FOREIGN KEY (`org_id`) REFERENCES `organization` (`id`)
) ENGINE=InnoDB DEFAULT CHARSET=utf8 COLLATE=utf8_unicode_ci;
/*!40101 SET character_set_client = @saved_cs_client */;

--
-- Dumping data for table `org_announcements`
--

LOCK TABLES `org_announcements` WRITE;
/*!40000 ALTER TABLE `org_announcements` DISABLE KEYS */;
/*!40000 ALTER TABLE `org_announcements` ENABLE KEYS */;
UNLOCK TABLES;

--
-- Table structure for table `org_announcements_lang`
--

DROP TABLE IF EXISTS `org_announcements_lang`;
/*!40101 SET @saved_cs_client     = @@character_set_client */;
/*!40101 SET character_set_client = utf8 */;
CREATE TABLE `org_announcements_lang` (
  `id` int(11) NOT NULL AUTO_INCREMENT,
  `created_by` int(11) DEFAULT NULL,
  `modified_by` int(11) DEFAULT NULL,
  `deleted_by` int(11) DEFAULT NULL,
  `org_announcements_id` int(11) NOT NULL,
  `lang_id` int(11) NOT NULL,
  `created_at` datetime DEFAULT NULL,
  `modified_at` datetime DEFAULT NULL,
  `deleted_at` datetime DEFAULT NULL,
  `message` varchar(300) COLLATE utf8_unicode_ci DEFAULT NULL,
  PRIMARY KEY (`id`),
  KEY `IDX_3056A6D0DE12AB56` (`created_by`),
  KEY `IDX_3056A6D025F94802` (`modified_by`),
  KEY `IDX_3056A6D01F6FA0AF` (`deleted_by`),
  KEY `fk_org_announcements_lang_org_announcements1_idx` (`org_announcements_id`),
  KEY `fk_org_announcements_lang_language_master1_idx` (`lang_id`),
  CONSTRAINT `FK_3056A6D01F6FA0AF` FOREIGN KEY (`deleted_by`) REFERENCES `person` (`id`),
  CONSTRAINT `FK_3056A6D025F94802` FOREIGN KEY (`modified_by`) REFERENCES `person` (`id`),
  CONSTRAINT `FK_3056A6D052CCF843` FOREIGN KEY (`org_announcements_id`) REFERENCES `org_announcements` (`id`),
  CONSTRAINT `FK_3056A6D0B213FA4` FOREIGN KEY (`lang_id`) REFERENCES `language_master` (`id`),
  CONSTRAINT `FK_3056A6D0DE12AB56` FOREIGN KEY (`created_by`) REFERENCES `person` (`id`)
) ENGINE=InnoDB DEFAULT CHARSET=utf8 COLLATE=utf8_unicode_ci;
/*!40101 SET character_set_client = @saved_cs_client */;

--
-- Dumping data for table `org_announcements_lang`
--

LOCK TABLES `org_announcements_lang` WRITE;
/*!40000 ALTER TABLE `org_announcements_lang` DISABLE KEYS */;
/*!40000 ALTER TABLE `org_announcements_lang` ENABLE KEYS */;
UNLOCK TABLES;

--
-- Table structure for table `org_auth_config`
--

DROP TABLE IF EXISTS `org_auth_config`;
/*!40101 SET @saved_cs_client     = @@character_set_client */;
/*!40101 SET character_set_client = utf8 */;
CREATE TABLE `org_auth_config` (
  `id` int(11) NOT NULL AUTO_INCREMENT,
  `created_by` int(11) DEFAULT NULL,
  `modified_by` int(11) DEFAULT NULL,
  `deleted_by` int(11) DEFAULT NULL,
  `org_id` int(11) NOT NULL,
  `created_at` datetime DEFAULT NULL,
  `modified_at` datetime DEFAULT NULL,
  `deleted_at` datetime DEFAULT NULL,
  `campus_portal_student_enabled` tinyint(1) DEFAULT NULL,
  `campus_portal_student_key` varchar(64) COLLATE utf8_unicode_ci DEFAULT NULL,
  `campus_portal_staff_enabled` tinyint(1) DEFAULT NULL,
  `campus_portal_staff_key` varchar(64) COLLATE utf8_unicode_ci DEFAULT NULL,
  `ldap_student_enabled` tinyint(1) DEFAULT NULL,
  `ldap_staff_enabled` tinyint(1) DEFAULT NULL,
  `saml_student_enabled` tinyint(1) DEFAULT NULL,
  `saml_staff_enabled` tinyint(1) DEFAULT NULL,
  `campus_portal_login_url` varchar(255) COLLATE utf8_unicode_ci DEFAULT NULL,
  `campus_portal_logout_url` varchar(255) COLLATE utf8_unicode_ci DEFAULT NULL,
  PRIMARY KEY (`id`),
  KEY `IDX_68A5D278DE12AB56` (`created_by`),
  KEY `IDX_68A5D27825F94802` (`modified_by`),
  KEY `IDX_68A5D2781F6FA0AF` (`deleted_by`),
  KEY `IDX_93D7B9DDF4837C1B` (`org_id`),
  CONSTRAINT `FK_68A5D2781F6FA0AF` FOREIGN KEY (`deleted_by`) REFERENCES `person` (`id`),
  CONSTRAINT `FK_68A5D27825F94802` FOREIGN KEY (`modified_by`) REFERENCES `person` (`id`),
  CONSTRAINT `FK_68A5D278DE12AB56` FOREIGN KEY (`created_by`) REFERENCES `person` (`id`),
  CONSTRAINT `FK_68A5D278F4837C1B` FOREIGN KEY (`org_id`) REFERENCES `organization` (`id`)
) ENGINE=InnoDB DEFAULT CHARSET=utf8 COLLATE=utf8_unicode_ci;
/*!40101 SET character_set_client = @saved_cs_client */;

--
-- Dumping data for table `org_auth_config`
--

LOCK TABLES `org_auth_config` WRITE;
/*!40000 ALTER TABLE `org_auth_config` DISABLE KEYS */;
/*!40000 ALTER TABLE `org_auth_config` ENABLE KEYS */;
UNLOCK TABLES;

--
-- Table structure for table `org_calc_flags_factor`
--

DROP TABLE IF EXISTS `org_calc_flags_factor`;
/*!40101 SET @saved_cs_client     = @@character_set_client */;
/*!40101 SET character_set_client = utf8 */;
CREATE TABLE `org_calc_flags_factor` (
  `id` int(11) NOT NULL AUTO_INCREMENT,
  `created_by` int(11) DEFAULT NULL,
  `modified_by` int(11) DEFAULT NULL,
  `deleted_by` int(11) DEFAULT NULL,
  `org_id` int(11) DEFAULT NULL,
  `person_id` int(11) DEFAULT NULL,
  `created_at` datetime DEFAULT NULL,
  `modified_at` datetime DEFAULT NULL,
  `deleted_at` datetime DEFAULT NULL,
  `calculated_at` datetime DEFAULT NULL,
  PRIMARY KEY (`id`),
  UNIQUE KEY `org_person_idx` (`org_id`,`person_id`),
  KEY `id_idx` (`id`),
  KEY `person_idx` (`person_id`),
  KEY `created_at_idx` (`created_at`),
  KEY `modified_at_idx` (`modified_at`),
  KEY `calculated_at_idx` (`calculated_at`)
) ENGINE=InnoDB DEFAULT CHARSET=latin1;
/*!40101 SET character_set_client = @saved_cs_client */;

--
-- Dumping data for table `org_calc_flags_factor`
--

LOCK TABLES `org_calc_flags_factor` WRITE;
/*!40000 ALTER TABLE `org_calc_flags_factor` DISABLE KEYS */;
/*!40000 ALTER TABLE `org_calc_flags_factor` ENABLE KEYS */;
UNLOCK TABLES;

--
-- Table structure for table `org_calc_flags_risk`
--

DROP TABLE IF EXISTS `org_calc_flags_risk`;
/*!40101 SET @saved_cs_client     = @@character_set_client */;
/*!40101 SET character_set_client = utf8 */;
CREATE TABLE `org_calc_flags_risk` (
  `id` int(11) NOT NULL AUTO_INCREMENT,
  `created_by` int(11) DEFAULT NULL,
  `modified_by` int(11) DEFAULT NULL,
  `deleted_by` int(11) DEFAULT NULL,
  `org_id` int(11) DEFAULT NULL,
  `person_id` int(11) DEFAULT NULL,
  `created_at` datetime DEFAULT NULL,
  `modified_at` datetime DEFAULT NULL,
  `deleted_at` datetime DEFAULT NULL,
  `calculated_at` datetime DEFAULT NULL,
  PRIMARY KEY (`id`),
  UNIQUE KEY `org_person_idx` (`org_id`,`person_id`),
  KEY `created_at_idx` (`created_at`),
  KEY `modified_at_idx` (`modified_at`),
  KEY `person_idx` (`person_id`,`calculated_at`),
  KEY `calculated_at_idx` (`calculated_at`,`modified_at`)
) ENGINE=InnoDB DEFAULT CHARSET=latin1;
/*!40101 SET character_set_client = @saved_cs_client */;

--
-- Dumping data for table `org_calc_flags_risk`
--

LOCK TABLES `org_calc_flags_risk` WRITE;
/*!40000 ALTER TABLE `org_calc_flags_risk` DISABLE KEYS */;
/*!40000 ALTER TABLE `org_calc_flags_risk` ENABLE KEYS */;
UNLOCK TABLES;

--
-- Table structure for table `org_calc_flags_student_reports`
--

DROP TABLE IF EXISTS `org_calc_flags_student_reports`;
/*!40101 SET @saved_cs_client     = @@character_set_client */;
/*!40101 SET character_set_client = utf8 */;
CREATE TABLE `org_calc_flags_student_reports` (
  `id` int(11) NOT NULL AUTO_INCREMENT,
  `created_by` int(11) DEFAULT NULL,
  `modified_by` int(11) DEFAULT NULL,
  `deleted_by` int(11) DEFAULT NULL,
  `org_id` int(11) DEFAULT NULL,
  `person_id` int(11) DEFAULT NULL,
  `created_at` datetime DEFAULT NULL,
  `modified_at` datetime DEFAULT NULL,
  `deleted_at` datetime DEFAULT NULL,
  `calculated_at` datetime DEFAULT NULL,
  `report_id` int(11) DEFAULT NULL,
  `survey_id` int(11) DEFAULT NULL,
  `file_name` varchar(255) COLLATE utf8_unicode_ci DEFAULT NULL,
  `is_email_sent` enum('yes','no') COLLATE utf8_unicode_ci DEFAULT NULL,
  PRIMARY KEY (`id`),
  KEY `IDX_F4644A69DE12AB56` (`created_by`),
  KEY `IDX_F4644A6925F94802` (`modified_by`),
  KEY `IDX_F4644A691F6FA0AF` (`deleted_by`),
  KEY `IDX_F4644A69F4837C1B` (`org_id`),
  KEY `IDX_F4644A69217BBB47` (`person_id`),
  KEY `IDX_F4644A694BD2A4C0` (`report_id`),
  KEY `IDX_F4644A69B3FE509D` (`survey_id`),
  KEY `calcat` (`calculated_at`),
  CONSTRAINT `FK_F4644A691F6FA0AF` FOREIGN KEY (`deleted_by`) REFERENCES `person` (`id`),
  CONSTRAINT `FK_F4644A69217BBB47` FOREIGN KEY (`person_id`) REFERENCES `person` (`id`),
  CONSTRAINT `FK_F4644A6925F94802` FOREIGN KEY (`modified_by`) REFERENCES `person` (`id`),
  CONSTRAINT `FK_F4644A694BD2A4C0` FOREIGN KEY (`report_id`) REFERENCES `reports` (`id`),
  CONSTRAINT `FK_F4644A69B3FE509D` FOREIGN KEY (`survey_id`) REFERENCES `survey` (`id`),
  CONSTRAINT `FK_F4644A69DE12AB56` FOREIGN KEY (`created_by`) REFERENCES `person` (`id`),
  CONSTRAINT `FK_F4644A69F4837C1B` FOREIGN KEY (`org_id`) REFERENCES `organization` (`id`)
) ENGINE=InnoDB DEFAULT CHARSET=utf8 COLLATE=utf8_unicode_ci;
/*!40101 SET character_set_client = @saved_cs_client */;

--
-- Dumping data for table `org_calc_flags_student_reports`
--

LOCK TABLES `org_calc_flags_student_reports` WRITE;
/*!40000 ALTER TABLE `org_calc_flags_student_reports` DISABLE KEYS */;
/*!40000 ALTER TABLE `org_calc_flags_student_reports` ENABLE KEYS */;
UNLOCK TABLES;

--
-- Table structure for table `org_calc_flags_success_marker`
--

DROP TABLE IF EXISTS `org_calc_flags_success_marker`;
/*!40101 SET @saved_cs_client     = @@character_set_client */;
/*!40101 SET character_set_client = utf8 */;
CREATE TABLE `org_calc_flags_success_marker` (
  `id` int(11) NOT NULL AUTO_INCREMENT,
  `created_by` int(11) DEFAULT NULL,
  `modified_by` int(11) DEFAULT NULL,
  `deleted_by` int(11) DEFAULT NULL,
  `org_id` int(11) DEFAULT NULL,
  `person_id` int(11) DEFAULT NULL,
  `created_at` datetime DEFAULT NULL,
  `modified_at` datetime DEFAULT NULL,
  `deleted_at` datetime DEFAULT NULL,
  `calculated_at` datetime DEFAULT NULL,
  PRIMARY KEY (`id`),
  UNIQUE KEY `org_person_idx` (`org_id`,`person_id`),
  KEY `id_idx` (`id`),
  KEY `person_idx` (`person_id`),
  KEY `created_at_idx` (`created_at`),
  KEY `modified_at_idx` (`modified_at`),
  KEY `calculated_at_idx` (`calculated_at`)
) ENGINE=InnoDB DEFAULT CHARSET=latin1;
/*!40101 SET character_set_client = @saved_cs_client */;

--
-- Dumping data for table `org_calc_flags_success_marker`
--

LOCK TABLES `org_calc_flags_success_marker` WRITE;
/*!40000 ALTER TABLE `org_calc_flags_success_marker` DISABLE KEYS */;
/*!40000 ALTER TABLE `org_calc_flags_success_marker` ENABLE KEYS */;
UNLOCK TABLES;

--
-- Table structure for table `org_calc_flags_talking_point`
--

DROP TABLE IF EXISTS `org_calc_flags_talking_point`;
/*!40101 SET @saved_cs_client     = @@character_set_client */;
/*!40101 SET character_set_client = utf8 */;
CREATE TABLE `org_calc_flags_talking_point` (
  `id` int(11) NOT NULL AUTO_INCREMENT,
  `created_by` int(11) DEFAULT NULL,
  `modified_by` int(11) DEFAULT NULL,
  `deleted_by` int(11) DEFAULT NULL,
  `org_id` int(11) DEFAULT NULL,
  `person_id` int(11) DEFAULT NULL,
  `created_at` datetime DEFAULT NULL,
  `modified_at` datetime DEFAULT NULL,
  `deleted_at` datetime DEFAULT NULL,
  `calculated_at` datetime DEFAULT NULL,
  PRIMARY KEY (`id`),
  UNIQUE KEY `org_person_idx` (`org_id`,`person_id`),
  KEY `id_idx` (`id`),
  KEY `person_idx` (`person_id`),
  KEY `created_at_idx` (`created_at`),
  KEY `modified_at_idx` (`modified_at`),
  KEY `calculated_at_idx` (`calculated_at`,`org_id`,`person_id`)
) ENGINE=InnoDB DEFAULT CHARSET=latin1;
/*!40101 SET character_set_client = @saved_cs_client */;

--
-- Dumping data for table `org_calc_flags_talking_point`
--

LOCK TABLES `org_calc_flags_talking_point` WRITE;
/*!40000 ALTER TABLE `org_calc_flags_talking_point` DISABLE KEYS */;
/*!40000 ALTER TABLE `org_calc_flags_talking_point` ENABLE KEYS */;
UNLOCK TABLES;

--
-- Temporary table structure for view `org_calculated_risk_variables`
--

DROP TABLE IF EXISTS `org_calculated_risk_variables`;
/*!50001 DROP VIEW IF EXISTS `org_calculated_risk_variables`*/;
SET @saved_cs_client     = @@character_set_client;
SET character_set_client = utf8;
/*!50001 CREATE TABLE `org_calculated_risk_variables` (
  `person_id` tinyint NOT NULL,
  `risk_variable_id` tinyint NOT NULL,
  `risk_group_id` tinyint NOT NULL,
  `risk_model_id` tinyint NOT NULL,
  `created_at` tinyint NOT NULL,
  `org_id` tinyint NOT NULL,
  `calc_bucket_value` tinyint NOT NULL,
  `calc_weight` tinyint NOT NULL,
  `risk_source_value` tinyint NOT NULL
) ENGINE=MyISAM */;
SET character_set_client = @saved_cs_client;

--
-- Table structure for table `org_calculated_risk_variables_history`
--

DROP TABLE IF EXISTS `org_calculated_risk_variables_history`;
/*!40101 SET @saved_cs_client     = @@character_set_client */;
/*!40101 SET character_set_client = utf8 */;
CREATE TABLE `org_calculated_risk_variables_history` (
  `person_id` int(11) NOT NULL,
  `risk_variable_id` int(11) NOT NULL,
  `risk_group_id` int(11) NOT NULL,
  `risk_model_id` int(11) NOT NULL,
  `created_at` datetime NOT NULL DEFAULT '1950-01-01 01:01:01',
  `org_id` int(11) NOT NULL,
  `calc_bucket_value` int(11) DEFAULT NULL,
  `calc_weight` decimal(8,4) DEFAULT NULL,
  `risk_source_value` decimal(12,4) DEFAULT NULL,
  PRIMARY KEY (`person_id`,`risk_variable_id`,`risk_group_id`,`risk_model_id`,`created_at`),
  KEY `IDX_93D7B9DDF4837C1B` (`org_id`),
  KEY `fk_org_computed_risk_variables_risk_variable1_idx` (`risk_variable_id`),
  KEY `fk_org_calculated_risk_variables_risk_model_master1_idx` (`risk_model_id`),
  KEY `fk_group` (`risk_group_id`),
  KEY `created_at` (`created_at`)
) ENGINE=InnoDB DEFAULT CHARSET=utf8 COLLATE=utf8_unicode_ci;
/*!40101 SET character_set_client = @saved_cs_client */;

--
-- Dumping data for table `org_calculated_risk_variables_history`
--

LOCK TABLES `org_calculated_risk_variables_history` WRITE;
/*!40000 ALTER TABLE `org_calculated_risk_variables_history` DISABLE KEYS */;
/*!40000 ALTER TABLE `org_calculated_risk_variables_history` ENABLE KEYS */;
UNLOCK TABLES;

--
-- Temporary table structure for view `org_calculated_risk_variables_view`
--

DROP TABLE IF EXISTS `org_calculated_risk_variables_view`;
/*!50001 DROP VIEW IF EXISTS `org_calculated_risk_variables_view`*/;
SET @saved_cs_client     = @@character_set_client;
SET character_set_client = utf8;
/*!50001 CREATE TABLE `org_calculated_risk_variables_view` (
  `org_id` tinyint NOT NULL,
  `risk_group_id` tinyint NOT NULL,
  `person_id` tinyint NOT NULL,
  `risk_variable_id` tinyint NOT NULL,
  `risk_model_id` tinyint NOT NULL,
  `source` tinyint NOT NULL,
  `variable_type` tinyint NOT NULL,
  `weight` tinyint NOT NULL,
  `calculated_value` tinyint NOT NULL,
  `bucket_value` tinyint NOT NULL
) ENGINE=MyISAM */;
SET character_set_client = @saved_cs_client;

--
-- Table structure for table `org_campus_resource`
--

DROP TABLE IF EXISTS `org_campus_resource`;
/*!40101 SET @saved_cs_client     = @@character_set_client */;
/*!40101 SET character_set_client = utf8 */;
CREATE TABLE `org_campus_resource` (
  `id` int(11) NOT NULL AUTO_INCREMENT,
  `created_by` int(11) DEFAULT NULL,
  `modified_by` int(11) DEFAULT NULL,
  `deleted_by` int(11) DEFAULT NULL,
  `org_id` int(11) NOT NULL,
  `person_id` int(11) NOT NULL,
  `created_at` datetime DEFAULT NULL,
  `modified_at` datetime DEFAULT NULL,
  `deleted_at` datetime DEFAULT NULL,
  `name` varchar(100) COLLATE utf8_unicode_ci NOT NULL,
  `phone` varchar(45) COLLATE utf8_unicode_ci NOT NULL,
  `email` varchar(120) COLLATE utf8_unicode_ci NOT NULL,
  `location` varchar(100) COLLATE utf8_unicode_ci DEFAULT NULL,
  `url` varchar(500) COLLATE utf8_unicode_ci DEFAULT NULL,
  `description` varchar(300) COLLATE utf8_unicode_ci DEFAULT NULL,
  `visible_to_student` enum('1','0') COLLATE utf8_unicode_ci DEFAULT NULL,
  `receive_referals` enum('1','0') COLLATE utf8_unicode_ci DEFAULT NULL,
  PRIMARY KEY (`id`),
  KEY `IDX_E234A1AEDE12AB56` (`created_by`),
  KEY `IDX_E234A1AE25F94802` (`modified_by`),
  KEY `IDX_E234A1AE1F6FA0AF` (`deleted_by`),
  KEY `fk_campus_resource_organization1_idx` (`org_id`),
  KEY `fk_campus_resource_person1_idx` (`person_id`),
  CONSTRAINT `FK_E234A1AE1F6FA0AF` FOREIGN KEY (`deleted_by`) REFERENCES `person` (`id`),
  CONSTRAINT `FK_E234A1AE217BBB47` FOREIGN KEY (`person_id`) REFERENCES `person` (`id`),
  CONSTRAINT `FK_E234A1AE25F94802` FOREIGN KEY (`modified_by`) REFERENCES `person` (`id`),
  CONSTRAINT `FK_E234A1AEDE12AB56` FOREIGN KEY (`created_by`) REFERENCES `person` (`id`),
  CONSTRAINT `FK_E234A1AEF4837C1B` FOREIGN KEY (`org_id`) REFERENCES `organization` (`id`)
) ENGINE=InnoDB DEFAULT CHARSET=utf8 COLLATE=utf8_unicode_ci;
/*!40101 SET character_set_client = @saved_cs_client */;

--
-- Dumping data for table `org_campus_resource`
--

LOCK TABLES `org_campus_resource` WRITE;
/*!40000 ALTER TABLE `org_campus_resource` DISABLE KEYS */;
/*!40000 ALTER TABLE `org_campus_resource` ENABLE KEYS */;
UNLOCK TABLES;

--
-- Table structure for table `org_change_request`
--

DROP TABLE IF EXISTS `org_change_request`;
/*!40101 SET @saved_cs_client     = @@character_set_client */;
/*!40101 SET character_set_client = utf8 */;
CREATE TABLE `org_change_request` (
  `id` int(11) NOT NULL AUTO_INCREMENT,
  `created_by` int(11) DEFAULT NULL,
  `modified_by` int(11) DEFAULT NULL,
  `deleted_by` int(11) DEFAULT NULL,
  `org_id_source` int(11) DEFAULT NULL,
  `org_id_destination` int(11) DEFAULT NULL,
  `person_id_requested_by` int(11) DEFAULT NULL,
  `person_id_student` int(11) DEFAULT NULL,
  `person_id_approved_by` int(11) DEFAULT NULL,
  `created_at` datetime DEFAULT NULL,
  `modified_at` datetime DEFAULT NULL,
  `deleted_at` datetime DEFAULT NULL,
  `date_submitted` datetime DEFAULT NULL,
  `date_approved` datetime DEFAULT NULL,
  `approval_status` enum('yes','no') COLLATE utf8_unicode_ci DEFAULT NULL,
  PRIMARY KEY (`id`),
  KEY `IDX_C2A5FB6DDE12AB56` (`created_by`),
  KEY `IDX_C2A5FB6D25F94802` (`modified_by`),
  KEY `IDX_C2A5FB6D1F6FA0AF` (`deleted_by`),
  KEY `fk_org_change_request_person1_idx` (`person_id_requested_by`),
  KEY `fk_org_change_request_person2_idx` (`person_id_student`),
  KEY `fk_org_change_request_organization1_idx` (`org_id_source`),
  KEY `fk_org_change_request_organization2_idx` (`org_id_destination`),
  KEY `fk_org_change_request_person3_idx` (`person_id_approved_by`),
  CONSTRAINT `FK_C2A5FB6D1F6FA0AF` FOREIGN KEY (`deleted_by`) REFERENCES `person` (`id`),
  CONSTRAINT `FK_C2A5FB6D25F94802` FOREIGN KEY (`modified_by`) REFERENCES `person` (`id`),
  CONSTRAINT `FK_C2A5FB6D2FE12506` FOREIGN KEY (`org_id_destination`) REFERENCES `organization` (`id`),
  CONSTRAINT `FK_C2A5FB6D40C2D6CC` FOREIGN KEY (`org_id_source`) REFERENCES `organization` (`id`),
  CONSTRAINT `FK_C2A5FB6D5F056556` FOREIGN KEY (`person_id_student`) REFERENCES `person` (`id`),
  CONSTRAINT `FK_C2A5FB6DB36C36F4` FOREIGN KEY (`person_id_approved_by`) REFERENCES `person` (`id`),
  CONSTRAINT `FK_C2A5FB6DDE12AB56` FOREIGN KEY (`created_by`) REFERENCES `person` (`id`),
  CONSTRAINT `FK_C2A5FB6DFA81244C` FOREIGN KEY (`person_id_requested_by`) REFERENCES `person` (`id`)
) ENGINE=InnoDB DEFAULT CHARSET=utf8 COLLATE=utf8_unicode_ci;
/*!40101 SET character_set_client = @saved_cs_client */;

--
-- Dumping data for table `org_change_request`
--

LOCK TABLES `org_change_request` WRITE;
/*!40000 ALTER TABLE `org_change_request` DISABLE KEYS */;
/*!40000 ALTER TABLE `org_change_request` ENABLE KEYS */;
UNLOCK TABLES;

--
-- Table structure for table `org_conflict`
--

DROP TABLE IF EXISTS `org_conflict`;
/*!40101 SET @saved_cs_client     = @@character_set_client */;
/*!40101 SET character_set_client = utf8 */;
CREATE TABLE `org_conflict` (
  `id` int(11) NOT NULL AUTO_INCREMENT,
  `created_by` int(11) DEFAULT NULL,
  `modified_by` int(11) DEFAULT NULL,
  `deleted_by` int(11) DEFAULT NULL,
  `src_org_id` int(11) DEFAULT NULL,
  `dst_org_id` int(11) DEFAULT NULL,
  `faculty_id` int(11) DEFAULT NULL,
  `student_id` int(11) DEFAULT NULL,
  `created_at` datetime DEFAULT NULL,
  `modified_at` datetime DEFAULT NULL,
  `deleted_at` datetime DEFAULT NULL,
  `record_type` enum('master','home','other') COLLATE utf8_unicode_ci DEFAULT NULL,
  `status` enum('conflict','merged') COLLATE utf8_unicode_ci DEFAULT NULL,
  `owning_org_tier_code` enum('0','3') COLLATE utf8_unicode_ci DEFAULT NULL,
  `merge_type` enum('O','N','S','H','M') COLLATE utf8_unicode_ci DEFAULT NULL,
  PRIMARY KEY (`id`),
  KEY `IDX_31D50D4CDE12AB56` (`created_by`),
  KEY `IDX_31D50D4C25F94802` (`modified_by`),
  KEY `IDX_31D50D4C1F6FA0AF` (`deleted_by`),
  KEY `fk_table1_org_person_faculty1_idx` (`faculty_id`),
  KEY `fk_table1_org_person_student1_idx` (`student_id`),
  KEY `fk_table1_organization1_idx` (`src_org_id`),
  KEY `fk_table1_organization2_idx` (`dst_org_id`),
  CONSTRAINT `FK_31D50D4C1F6FA0AF` FOREIGN KEY (`deleted_by`) REFERENCES `person` (`id`),
  CONSTRAINT `FK_31D50D4C25F94802` FOREIGN KEY (`modified_by`) REFERENCES `person` (`id`),
  CONSTRAINT `FK_31D50D4C4A6EE8E0` FOREIGN KEY (`dst_org_id`) REFERENCES `organization` (`id`),
  CONSTRAINT `FK_31D50D4C680CAB68` FOREIGN KEY (`faculty_id`) REFERENCES `person` (`id`),
  CONSTRAINT `FK_31D50D4CCB944F1A` FOREIGN KEY (`student_id`) REFERENCES `person` (`id`),
  CONSTRAINT `FK_31D50D4CDE12AB56` FOREIGN KEY (`created_by`) REFERENCES `person` (`id`),
  CONSTRAINT `FK_31D50D4CEE195E00` FOREIGN KEY (`src_org_id`) REFERENCES `organization` (`id`)
) ENGINE=InnoDB DEFAULT CHARSET=utf8 COLLATE=utf8_unicode_ci;
/*!40101 SET character_set_client = @saved_cs_client */;

--
-- Dumping data for table `org_conflict`
--

LOCK TABLES `org_conflict` WRITE;
/*!40000 ALTER TABLE `org_conflict` DISABLE KEYS */;
/*!40000 ALTER TABLE `org_conflict` ENABLE KEYS */;
UNLOCK TABLES;

--
-- Table structure for table `org_course_faculty`
--

DROP TABLE IF EXISTS `org_course_faculty`;
/*!40101 SET @saved_cs_client     = @@character_set_client */;
/*!40101 SET character_set_client = utf8 */;
CREATE TABLE `org_course_faculty` (
  `id` int(11) NOT NULL AUTO_INCREMENT,
  `created_by` int(11) DEFAULT NULL,
  `modified_by` int(11) DEFAULT NULL,
  `deleted_by` int(11) DEFAULT NULL,
  `organization_id` int(11) DEFAULT NULL,
  `org_courses_id` int(11) DEFAULT NULL,
  `person_id` int(11) DEFAULT NULL,
  `org_permissionset_id` int(11) DEFAULT NULL,
  `created_at` datetime DEFAULT NULL,
  `modified_at` datetime DEFAULT NULL,
  `deleted_at` datetime DEFAULT NULL,
  PRIMARY KEY (`id`),
  KEY `IDX_1660B3F4DE12AB56` (`created_by`),
  KEY `IDX_1660B3F425F94802` (`modified_by`),
  KEY `IDX_1660B3F41F6FA0AF` (`deleted_by`),
  KEY `fk_course_faculty_organization1_idx` (`organization_id`),
  KEY `fk_course_faculty_org_courses1_idx` (`org_courses_id`),
  KEY `fk_course_faculty_person1_idx` (`person_id`),
  KEY `fk_org_course_faculty_org_permissionset1_idx` (`org_permissionset_id`),
  KEY `deleted_at_idx` (`deleted_at`),
  KEY `org_person_delete_idx` (`org_permissionset_id`,`person_id`,`deleted_at`),
  KEY `course-person` (`organization_id`,`org_courses_id`,`person_id`,`org_permissionset_id`,`deleted_at`),
  KEY `person-course` (`person_id`,`organization_id`,`org_courses_id`,`org_permissionset_id`,`deleted_at`),
  CONSTRAINT `FK_1660B3F41F6FA0AF` FOREIGN KEY (`deleted_by`) REFERENCES `person` (`id`),
  CONSTRAINT `FK_1660B3F4217BBB47` FOREIGN KEY (`person_id`) REFERENCES `person` (`id`),
  CONSTRAINT `FK_1660B3F425F94802` FOREIGN KEY (`modified_by`) REFERENCES `person` (`id`),
  CONSTRAINT `FK_1660B3F432C8A3DE` FOREIGN KEY (`organization_id`) REFERENCES `organization` (`id`),
  CONSTRAINT `FK_1660B3F47ABB76BC` FOREIGN KEY (`org_permissionset_id`) REFERENCES `org_permissionset` (`id`),
  CONSTRAINT `FK_1660B3F47C751C40` FOREIGN KEY (`org_courses_id`) REFERENCES `org_courses` (`id`),
  CONSTRAINT `FK_1660B3F4DE12AB56` FOREIGN KEY (`created_by`) REFERENCES `person` (`id`)
) ENGINE=InnoDB AUTO_INCREMENT=264 DEFAULT CHARSET=utf8 COLLATE=utf8_unicode_ci;
/*!40101 SET character_set_client = @saved_cs_client */;

--
-- Dumping data for table `org_course_faculty`
--

LOCK TABLES `org_course_faculty` WRITE;
/*!40000 ALTER TABLE `org_course_faculty` DISABLE KEYS */;
INSERT INTO `org_course_faculty` VALUES
(253,NULL,NULL,NULL,542,436,99437,NULL,'2015-05-13 17:13:34','2015-05-13 17:13:34',NULL),
(254,NULL,NULL,NULL,542,435,99437,36300,'2015-05-13 21:06:49','2015-07-20 21:18:56','2015-07-20 21:18:56'),
(255,NULL,NULL,NULL,542,437,99437,36300,'2015-05-13 21:06:49','2015-07-20 21:19:12','2015-07-20 21:19:12'),
(256,NULL,NULL,NULL,542,438,99437,36300,'2015-05-13 21:06:49','2015-07-20 21:19:36','2015-07-20 21:19:36'),
(257,NULL,NULL,NULL,542,435,99437,36300,'2015-05-13 21:08:46','2015-05-13 21:08:46',NULL),
(258,NULL,NULL,NULL,542,435,99446,36299,'2015-05-13 21:08:46','2015-05-13 21:08:46',NULL),
(259,NULL,NULL,NULL,542,436,99437,36299,'2015-05-13 21:08:46','2015-05-13 21:08:46',NULL),
(260,NULL,NULL,NULL,542,437,99437,36300,'2015-05-13 21:08:46','2015-05-13 21:08:46',NULL),
(261,NULL,NULL,NULL,542,437,99447,36299,'2015-05-13 21:08:46','2015-05-13 21:08:46',NULL),
(262,NULL,NULL,NULL,542,438,99437,36300,'2015-05-13 21:08:46','2015-05-13 21:08:46',NULL),
(263,NULL,NULL,NULL,542,438,99440,36299,'2015-05-13 21:08:46','2015-05-13 21:08:46',NULL);
/*!40000 ALTER TABLE `org_course_faculty` ENABLE KEYS */;
UNLOCK TABLES;

--
-- Temporary table structure for view `org_course_faculty_student_permission_map`
--

DROP TABLE IF EXISTS `org_course_faculty_student_permission_map`;
/*!50001 DROP VIEW IF EXISTS `org_course_faculty_student_permission_map`*/;
SET @saved_cs_client     = @@character_set_client;
SET character_set_client = utf8;
/*!50001 CREATE TABLE `org_course_faculty_student_permission_map` (
  `course_id` tinyint NOT NULL,
  `org_id` tinyint NOT NULL,
  `faculty_id` tinyint NOT NULL,
  `student_id` tinyint NOT NULL,
  `permissionset_id` tinyint NOT NULL
) ENGINE=MyISAM */;
SET character_set_client = @saved_cs_client;

--
-- Table structure for table `org_course_student`
--

DROP TABLE IF EXISTS `org_course_student`;
/*!40101 SET @saved_cs_client     = @@character_set_client */;
/*!40101 SET character_set_client = utf8 */;
CREATE TABLE `org_course_student` (
  `id` int(11) NOT NULL AUTO_INCREMENT,
  `created_by` int(11) DEFAULT NULL,
  `modified_by` int(11) DEFAULT NULL,
  `deleted_by` int(11) DEFAULT NULL,
  `organization_id` int(11) DEFAULT NULL,
  `org_courses_id` int(11) DEFAULT NULL,
  `person_id` int(11) DEFAULT NULL,
  `created_at` datetime DEFAULT NULL,
  `modified_at` datetime DEFAULT NULL,
  `deleted_at` datetime DEFAULT NULL,
  PRIMARY KEY (`id`),
  KEY `IDX_B6D57C84DE12AB56` (`created_by`),
  KEY `IDX_B6D57C8425F94802` (`modified_by`),
  KEY `IDX_B6D57C841F6FA0AF` (`deleted_by`),
  KEY `fk_course_student_organization1_idx` (`organization_id`),
  KEY `fk_course_student_person1_idx` (`person_id`),
  KEY `deleted_at_idx` (`deleted_at`),
  KEY `course-person` (`organization_id`,`org_courses_id`,`person_id`,`deleted_at`),
  KEY `person-course` (`person_id`,`organization_id`,`org_courses_id`,`deleted_at`),
  KEY `fk_course_student_org_courses1_idx` (`org_courses_id`,`organization_id`,`deleted_at`),
  CONSTRAINT `FK_B6D57C841F6FA0AF` FOREIGN KEY (`deleted_by`) REFERENCES `person` (`id`),
  CONSTRAINT `FK_B6D57C84217BBB47` FOREIGN KEY (`person_id`) REFERENCES `person` (`id`),
  CONSTRAINT `FK_B6D57C8425F94802` FOREIGN KEY (`modified_by`) REFERENCES `person` (`id`),
  CONSTRAINT `FK_B6D57C8432C8A3DE` FOREIGN KEY (`organization_id`) REFERENCES `organization` (`id`),
  CONSTRAINT `FK_B6D57C847C751C40` FOREIGN KEY (`org_courses_id`) REFERENCES `org_courses` (`id`),
  CONSTRAINT `FK_B6D57C84DE12AB56` FOREIGN KEY (`created_by`) REFERENCES `person` (`id`)
) ENGINE=InnoDB AUTO_INCREMENT=2225 DEFAULT CHARSET=utf8 COLLATE=utf8_unicode_ci;
/*!40101 SET character_set_client = @saved_cs_client */;

--
-- Dumping data for table `org_course_student`
--

LOCK TABLES `org_course_student` WRITE;
/*!40000 ALTER TABLE `org_course_student` DISABLE KEYS */;
INSERT INTO `org_course_student` VALUES
(2187,NULL,NULL,NULL,542,436,99416,'2015-05-13 17:21:57','2015-05-13 17:21:57',NULL),
(2188,NULL,NULL,NULL,542,435,99410,'2015-05-13 21:01:24','2015-05-13 21:01:24',NULL),
(2189,NULL,NULL,NULL,542,435,99411,'2015-05-13 21:01:24','2015-05-13 21:01:24',NULL),
(2190,NULL,NULL,NULL,542,435,99412,'2015-05-13 21:01:24','2015-05-13 21:01:24',NULL),
(2191,NULL,NULL,NULL,542,435,99413,'2015-05-13 21:01:24','2015-05-13 21:01:24',NULL),
(2192,NULL,NULL,NULL,542,435,99414,'2015-05-13 21:01:24','2015-05-13 21:01:24',NULL),
(2193,NULL,NULL,NULL,542,435,99415,'2015-05-13 21:01:24','2015-05-13 21:01:24',NULL),
(2194,NULL,NULL,NULL,542,435,99422,'2015-05-13 21:01:24','2015-05-13 21:01:24',NULL),
(2195,NULL,NULL,NULL,542,435,99423,'2015-05-13 21:01:24','2015-05-13 21:01:24',NULL),
(2196,NULL,NULL,NULL,542,435,99432,'2015-05-13 21:01:24','2015-05-13 21:01:24',NULL),
(2197,NULL,NULL,NULL,542,436,99417,'2015-05-13 21:01:24','2015-05-13 21:01:24',NULL),
(2198,NULL,NULL,NULL,542,436,99418,'2015-05-13 21:01:24','2015-05-13 21:01:24',NULL),
(2199,NULL,NULL,NULL,542,436,99419,'2015-05-13 21:01:24','2015-05-13 21:01:24',NULL),
(2200,NULL,NULL,NULL,542,436,99420,'2015-05-13 21:01:24','2015-05-13 21:01:24',NULL),
(2201,NULL,NULL,NULL,542,436,99421,'2015-05-13 21:01:24','2015-05-13 21:01:24',NULL),
(2202,NULL,NULL,NULL,542,436,99422,'2015-05-13 21:01:24','2015-05-13 21:01:24',NULL),
(2203,NULL,NULL,NULL,542,436,99423,'2015-05-13 21:01:24','2015-05-13 21:01:24',NULL),
(2204,NULL,NULL,NULL,542,437,99416,'2015-05-13 21:01:24','2015-05-13 21:01:24',NULL),
(2205,NULL,NULL,NULL,542,437,99420,'2015-05-13 21:01:24','2015-05-13 21:01:24',NULL),
(2206,NULL,NULL,NULL,542,437,99423,'2015-05-13 21:01:24','2015-05-13 21:01:24',NULL),
(2207,NULL,NULL,NULL,542,437,99424,'2015-05-13 21:01:24','2015-05-13 21:01:24',NULL),
(2208,NULL,NULL,NULL,542,437,99425,'2015-05-13 21:01:24','2015-05-13 21:01:24',NULL),
(2209,NULL,NULL,NULL,542,437,99426,'2015-05-13 21:01:24','2015-05-13 21:01:24',NULL),
(2210,NULL,NULL,NULL,542,437,99427,'2015-05-13 21:01:24','2015-05-13 21:01:24',NULL),
(2211,NULL,NULL,NULL,542,437,99428,'2015-05-13 21:01:24','2015-05-13 21:01:24',NULL),
(2212,NULL,NULL,NULL,542,437,99434,'2015-05-13 21:01:24','2015-05-13 21:01:24',NULL),
(2213,NULL,NULL,NULL,542,438,99427,'2015-05-13 21:01:24','2015-05-13 21:01:24',NULL),
(2214,NULL,NULL,NULL,542,438,99428,'2015-05-13 21:01:24','2015-05-13 21:01:24',NULL),
(2215,NULL,NULL,NULL,542,438,99423,'2015-05-13 21:01:24','2015-05-13 21:01:24',NULL),
(2216,NULL,NULL,NULL,542,438,99429,'2015-05-13 21:01:24','2015-05-13 21:01:24',NULL),
(2217,NULL,NULL,NULL,542,438,99430,'2015-05-13 21:01:24','2015-05-13 21:01:24',NULL),
(2218,NULL,NULL,NULL,542,438,99424,'2015-05-13 21:01:24','2015-05-13 21:01:24',NULL),
(2219,NULL,NULL,NULL,542,438,99431,'2015-05-13 21:01:24','2015-05-13 21:01:24',NULL),
(2220,NULL,NULL,NULL,542,438,99425,'2015-05-13 21:01:24','2015-05-13 21:01:24',NULL),
(2221,NULL,NULL,NULL,542,438,99432,'2015-05-13 21:01:24','2015-05-13 21:01:24',NULL),
(2222,NULL,NULL,NULL,542,438,99426,'2015-05-13 21:01:24','2015-05-13 21:01:24',NULL),
(2223,NULL,NULL,NULL,542,438,99433,'2015-05-13 21:01:24','2015-05-13 21:01:24',NULL),
(2224,NULL,NULL,NULL,542,438,99434,'2015-05-13 21:01:24','2015-05-13 21:01:24',NULL);
/*!40000 ALTER TABLE `org_course_student` ENABLE KEYS */;
UNLOCK TABLES;

--
-- Table structure for table `org_courses`
--

DROP TABLE IF EXISTS `org_courses`;
/*!40101 SET @saved_cs_client     = @@character_set_client */;
/*!40101 SET character_set_client = utf8 */;
CREATE TABLE `org_courses` (
  `id` int(11) NOT NULL AUTO_INCREMENT,
  `created_by` int(11) DEFAULT NULL,
  `modified_by` int(11) DEFAULT NULL,
  `deleted_by` int(11) DEFAULT NULL,
  `organization_id` int(11) NOT NULL,
  `org_academic_year_id` int(11) NOT NULL,
  `org_academic_terms_id` int(11) NOT NULL,
  `created_at` datetime DEFAULT NULL,
  `modified_at` datetime DEFAULT NULL,
  `deleted_at` datetime DEFAULT NULL,
  `course_section_id` varchar(50) COLLATE utf8_unicode_ci DEFAULT NULL,
  `college_code` varchar(10) COLLATE utf8_unicode_ci DEFAULT NULL,
  `dept_code` varchar(10) COLLATE utf8_unicode_ci DEFAULT NULL,
  `subject_code` varchar(10) COLLATE utf8_unicode_ci DEFAULT NULL,
  `course_number` varchar(10) COLLATE utf8_unicode_ci DEFAULT NULL,
  `course_name` varchar(200) COLLATE utf8_unicode_ci DEFAULT NULL,
  `section_number` varchar(10) COLLATE utf8_unicode_ci DEFAULT NULL,
  `days_times` varchar(45) COLLATE utf8_unicode_ci DEFAULT NULL,
  `location` varchar(45) COLLATE utf8_unicode_ci DEFAULT NULL,
  `credit_hours` decimal(5,2) DEFAULT NULL,
  `externalId` varchar(50) COLLATE utf8_unicode_ci DEFAULT NULL,
  PRIMARY KEY (`id`),
  UNIQUE KEY `uniquecoursesectionid` (`organization_id`,`course_section_id`),
  KEY `IDX_DADA0E82DE12AB56` (`created_by`),
  KEY `IDX_DADA0E8225F94802` (`modified_by`),
  KEY `IDX_DADA0E821F6FA0AF` (`deleted_by`),
  KEY `fk_org_courses_org_academic_year1_idx` (`org_academic_year_id`),
  KEY `fk_org_courses_org_academic_terms1_idx` (`org_academic_terms_id`),
  KEY `idx_year` (`org_academic_year_id`),
  KEY `idx_term` (`org_academic_terms_id`),
  KEY `idx_college` (`college_code`),
  KEY `idx_dept` (`dept_code`),
  KEY `fk_org_courses_organization1_idx` (`organization_id`,`deleted_at`),
  KEY `course_org` (`id`,`organization_id`,`org_academic_terms_id`,`deleted_at`),
  CONSTRAINT `FK_DADA0E821F6FA0AF` FOREIGN KEY (`deleted_by`) REFERENCES `person` (`id`),
  CONSTRAINT `FK_DADA0E8225F94802` FOREIGN KEY (`modified_by`) REFERENCES `person` (`id`),
  CONSTRAINT `FK_DADA0E8232C8A3DE` FOREIGN KEY (`organization_id`) REFERENCES `organization` (`id`),
  CONSTRAINT `FK_DADA0E828D7CC0D2` FOREIGN KEY (`org_academic_terms_id`) REFERENCES `org_academic_terms` (`id`),
  CONSTRAINT `FK_DADA0E82DE12AB56` FOREIGN KEY (`created_by`) REFERENCES `person` (`id`),
  CONSTRAINT `FK_DADA0E82F3B0CE4A` FOREIGN KEY (`org_academic_year_id`) REFERENCES `org_academic_year` (`id`)
) ENGINE=InnoDB AUTO_INCREMENT=439 DEFAULT CHARSET=utf8 COLLATE=utf8_unicode_ci;
/*!40101 SET character_set_client = @saved_cs_client */;

--
-- Dumping data for table `org_courses`
--

LOCK TABLES `org_courses` WRITE;
/*!40000 ALTER TABLE `org_courses` DISABLE KEYS */;
INSERT INTO `org_courses` VALUES
(435,NULL,NULL,NULL,542,110,123,'2015-05-13 17:07:29','2015-05-13 17:07:29',NULL,'CRE101','CODE1','CRED','CRE','1','Care of Magical Creatures','101','','',3.00,'CRE101'),
(436,NULL,NULL,NULL,542,110,123,'2015-05-13 17:07:29','2015-05-13 17:07:29',NULL,'HIST101','CODE2','HISTD','HIST','1','History of Magic','101','','',3.00,'HIST101'),
(437,NULL,NULL,NULL,542,112,132,'2015-05-13 17:07:29','2015-05-13 17:07:29',NULL,'CHEM101','CODE3','CHEMD','CHEM','1','Potions','101','','',3.00,'CHEM101'),
(438,NULL,NULL,NULL,542,110,123,'2015-05-13 17:07:29','2015-05-13 17:07:29',NULL,'MAG101','CODE4','MAGD','MAG','1','Transfiguration','101','','',3.00,'MAG101');
/*!40000 ALTER TABLE `org_courses` ENABLE KEYS */;
UNLOCK TABLES;

--
-- Table structure for table `org_documents`
--

DROP TABLE IF EXISTS `org_documents`;
/*!40101 SET @saved_cs_client     = @@character_set_client */;
/*!40101 SET character_set_client = utf8 */;
CREATE TABLE `org_documents` (
  `id` int(11) NOT NULL AUTO_INCREMENT,
  `created_by` int(11) DEFAULT NULL,
  `modified_by` int(11) DEFAULT NULL,
  `deleted_by` int(11) DEFAULT NULL,
  `org_id` int(11) NOT NULL,
  `created_at` datetime DEFAULT NULL,
  `modified_at` datetime DEFAULT NULL,
  `deleted_at` datetime DEFAULT NULL,
  `title` varchar(80) COLLATE utf8_unicode_ci DEFAULT NULL,
  `description` varchar(140) COLLATE utf8_unicode_ci DEFAULT NULL,
  `type` enum('link','file') COLLATE utf8_unicode_ci DEFAULT NULL,
  `link` varchar(400) COLLATE utf8_unicode_ci DEFAULT NULL,
  `file_path` varchar(200) COLLATE utf8_unicode_ci DEFAULT NULL,
  `display_filename` varchar(200) COLLATE utf8_unicode_ci DEFAULT NULL,
  PRIMARY KEY (`id`),
  KEY `IDX_9BCF6EDADE12AB56` (`created_by`),
  KEY `IDX_9BCF6EDA25F94802` (`modified_by`),
  KEY `IDX_9BCF6EDA1F6FA0AF` (`deleted_by`),
  KEY `fk_org_documents_organization1_idx` (`org_id`),
  CONSTRAINT `FK_9BCF6EDA1F6FA0AF` FOREIGN KEY (`deleted_by`) REFERENCES `person` (`id`),
  CONSTRAINT `FK_9BCF6EDA25F94802` FOREIGN KEY (`modified_by`) REFERENCES `person` (`id`),
  CONSTRAINT `FK_9BCF6EDADE12AB56` FOREIGN KEY (`created_by`) REFERENCES `person` (`id`),
  CONSTRAINT `FK_9BCF6EDAF4837C1B` FOREIGN KEY (`org_id`) REFERENCES `organization` (`id`)
) ENGINE=InnoDB DEFAULT CHARSET=utf8 COLLATE=utf8_unicode_ci;
/*!40101 SET character_set_client = @saved_cs_client */;

--
-- Dumping data for table `org_documents`
--

LOCK TABLES `org_documents` WRITE;
/*!40000 ALTER TABLE `org_documents` DISABLE KEYS */;
/*!40000 ALTER TABLE `org_documents` ENABLE KEYS */;
UNLOCK TABLES;

--
-- Temporary table structure for view `org_faculty_student_permission_map`
--

DROP TABLE IF EXISTS `org_faculty_student_permission_map`;
/*!50001 DROP VIEW IF EXISTS `org_faculty_student_permission_map`*/;
SET @saved_cs_client     = @@character_set_client;
SET character_set_client = utf8;
/*!50001 CREATE TABLE `org_faculty_student_permission_map` (
  `org_id` tinyint NOT NULL,
  `faculty_id` tinyint NOT NULL,
  `student_id` tinyint NOT NULL,
  `group_id` tinyint NOT NULL,
  `course_id` tinyint NOT NULL,
  `permissionset_id` tinyint NOT NULL
) ENGINE=MyISAM */;
SET character_set_client = @saved_cs_client;

--
-- Table structure for table `org_features`
--

DROP TABLE IF EXISTS `org_features`;
/*!40101 SET @saved_cs_client     = @@character_set_client */;
/*!40101 SET character_set_client = utf8 */;
CREATE TABLE `org_features` (
  `id` int(11) NOT NULL AUTO_INCREMENT,
  `organization_id` int(11) DEFAULT NULL,
  `feature_id` int(11) DEFAULT NULL,
  `created_by` int(11) DEFAULT NULL,
  `created_at` datetime DEFAULT NULL,
  `modified_by` int(11) DEFAULT NULL,
  `modified_at` datetime DEFAULT NULL,
  `deleted_by` int(11) DEFAULT NULL,
  `deleted_at` datetime DEFAULT NULL,
  `private` tinyint(1) DEFAULT NULL,
  `connected` tinyint(1) DEFAULT NULL,
  `team` tinyint(1) DEFAULT NULL,
  `default_access` varchar(45) COLLATE utf8_unicode_ci DEFAULT NULL,
  PRIMARY KEY (`id`),
  KEY `IDX_C36F4CF032C8A3DE` (`organization_id`),
  KEY `IDX_C36F4CF060E4B879` (`feature_id`),
  CONSTRAINT `FK_C36F4CF032C8A3DE` FOREIGN KEY (`organization_id`) REFERENCES `organization` (`id`),
  CONSTRAINT `FK_C36F4CF060E4B879` FOREIGN KEY (`feature_id`) REFERENCES `feature_master` (`id`)
) ENGINE=InnoDB AUTO_INCREMENT=715 DEFAULT CHARSET=utf8 COLLATE=utf8_unicode_ci;
/*!40101 SET character_set_client = @saved_cs_client */;

--
-- Dumping data for table `org_features`
--

LOCK TABLES `org_features` WRITE;
/*!40000 ALTER TABLE `org_features` DISABLE KEYS */;
INSERT INTO `org_features` VALUES
(703,542,1,NULL,'2015-05-13 16:53:28',NULL,'2015-05-26 20:38:40',NULL,NULL,NULL,1,NULL,NULL),
(704,542,2,NULL,'2015-05-13 16:53:28',NULL,'2015-05-27 17:36:14',NULL,NULL,NULL,1,NULL,NULL),
(705,542,3,NULL,'2015-05-13 16:53:28',NULL,'2015-05-27 17:36:14',NULL,NULL,NULL,1,NULL,NULL),
(706,542,4,NULL,'2015-05-13 16:53:28',NULL,'2015-05-27 17:36:14',NULL,NULL,NULL,1,NULL,NULL),
(707,542,5,NULL,'2015-05-13 16:53:28',NULL,'2015-05-27 17:36:14',NULL,NULL,NULL,1,NULL,NULL),
(708,542,6,NULL,'2015-05-13 16:53:28',NULL,'2015-05-27 17:36:14',NULL,NULL,NULL,1,NULL,NULL),
(709,543,1,NULL,'2015-06-15 17:41:28',NULL,'2015-06-15 17:46:26',NULL,NULL,NULL,1,NULL,NULL),
(710,543,2,NULL,'2015-06-15 17:41:28',NULL,'2015-06-15 17:46:26',NULL,NULL,NULL,1,NULL,NULL),
(711,543,3,NULL,'2015-06-15 17:41:28',NULL,'2015-06-15 17:46:26',NULL,NULL,NULL,1,NULL,NULL),
(712,543,4,NULL,'2015-06-15 17:41:28',NULL,'2015-06-15 17:46:26',NULL,NULL,NULL,1,NULL,NULL),
(713,543,5,NULL,'2015-06-15 17:41:28',NULL,'2015-06-15 17:41:28',NULL,NULL,NULL,0,NULL,NULL),
(714,543,6,NULL,'2015-06-15 17:41:28',NULL,'2015-06-15 17:41:28',NULL,NULL,NULL,0,NULL,NULL);
/*!40000 ALTER TABLE `org_features` ENABLE KEYS */;
UNLOCK TABLES;

--
-- Table structure for table `org_group`
--

DROP TABLE IF EXISTS `org_group`;
/*!40101 SET @saved_cs_client     = @@character_set_client */;
/*!40101 SET character_set_client = utf8 */;
CREATE TABLE `org_group` (
  `id` int(11) NOT NULL AUTO_INCREMENT,
  `organization_id` int(11) DEFAULT NULL,
  `parent_group_id` int(11) DEFAULT NULL,
  `created_by` int(11) DEFAULT NULL,
  `created_at` datetime DEFAULT NULL,
  `modified_by` int(11) DEFAULT NULL,
  `modified_at` datetime DEFAULT NULL,
  `deleted_by` int(11) DEFAULT NULL,
  `deleted_at` datetime DEFAULT NULL,
  `group_name` varchar(100) COLLATE utf8_unicode_ci DEFAULT NULL,
  `external_id` varchar(100) COLLATE utf8_unicode_ci DEFAULT NULL,
  PRIMARY KEY (`id`),
  KEY `IDX_938DB7A732C8A3DE` (`organization_id`),
  KEY `IDX_938DB7A761997596` (`parent_group_id`),
  KEY `parent_group_id_IDX` (`parent_group_id`),
  CONSTRAINT `FK_938DB7A732C8A3DE` FOREIGN KEY (`organization_id`) REFERENCES `organization` (`id`),
  CONSTRAINT `FK_938DB7A761997596` FOREIGN KEY (`parent_group_id`) REFERENCES `org_group` (`id`)
) ENGINE=InnoDB AUTO_INCREMENT=1419 DEFAULT CHARSET=utf8 COLLATE=utf8_unicode_ci;
/*!40101 SET character_set_client = @saved_cs_client */;

--
-- Dumping data for table `org_group`
--

LOCK TABLES `org_group` WRITE;
/*!40000 ALTER TABLE `org_group` DISABLE KEYS */;
INSERT INTO `org_group` VALUES
(1264,542,NULL,NULL,'2015-05-13 17:16:09',NULL,'2015-05-13 17:16:09',NULL,NULL,'Ravenclaw',NULL),
(1265,542,NULL,NULL,'2015-05-13 19:37:07',NULL,'2015-05-13 19:37:07',NULL,NULL,'Hufflepuff',NULL),
(1266,542,NULL,NULL,'2015-05-13 19:37:41',NULL,'2015-05-13 19:37:41',NULL,NULL,'Gryffindor',NULL),
(1267,542,NULL,NULL,'2015-05-13 19:38:23',NULL,'2015-05-13 19:38:23',NULL,NULL,'Slytherin',NULL),
(1268,542,NULL,NULL,'2015-05-13 19:39:16',NULL,'2015-05-13 19:39:16',NULL,NULL,'Quidditch',NULL),
(1269,542,NULL,NULL,'2015-05-13 19:40:02',NULL,'2015-06-29 18:50:47',NULL,NULL,'Dumbledore\'s Army',''),
(1270,542,1268,NULL,'2015-05-13 19:41:14',NULL,'2015-05-13 19:41:14',NULL,NULL,'Quidditch(Team Gryffindor)',NULL),
(1271,542,1268,NULL,'2015-05-13 19:41:50',NULL,'2015-05-13 19:41:50',NULL,NULL,'Quidditch(Team Slytherin)',NULL),
(1417,543,NULL,NULL,'2015-06-15 17:44:14',NULL,'2015-06-15 17:44:14',NULL,NULL,'All Students',NULL),
(1418,542,NULL,NULL,'2015-06-15 18:43:00',NULL,'2015-06-15 18:43:00',NULL,NULL,'All Students',NULL);
/*!40000 ALTER TABLE `org_group` ENABLE KEYS */;
UNLOCK TABLES;

--
-- Table structure for table `org_group_faculty`
--

DROP TABLE IF EXISTS `org_group_faculty`;
/*!40101 SET @saved_cs_client     = @@character_set_client */;
/*!40101 SET character_set_client = utf8 */;
CREATE TABLE `org_group_faculty` (
  `id` int(11) NOT NULL AUTO_INCREMENT,
  `org_permissionset_id` int(11) DEFAULT NULL,
  `organization_id` int(11) DEFAULT NULL,
  `org_group_id` int(11) DEFAULT NULL,
  `person_id` int(11) DEFAULT NULL,
  `created_by` int(11) DEFAULT NULL,
  `created_at` datetime DEFAULT NULL,
  `modified_by` int(11) DEFAULT NULL,
  `modified_at` datetime DEFAULT NULL,
  `deleted_by` int(11) DEFAULT NULL,
  `deleted_at` datetime DEFAULT NULL,
  `is_invisible` tinyint(1) DEFAULT NULL,
  PRIMARY KEY (`id`),
  KEY `IDX_120C44437ABB76BC` (`org_permissionset_id`),
  KEY `IDX_120C444332C8A3DE` (`organization_id`),
  KEY `IDX_120C444382FB49A4` (`org_group_id`),
  KEY `IDX_120C4443217BBB47` (`person_id`),
  KEY `deleted_at_idx` (`deleted_at`),
  KEY `group-person` (`organization_id`,`org_group_id`,`person_id`,`deleted_at`),
  KEY `person-group` (`person_id`,`organization_id`,`org_group_id`,`deleted_at`),
  KEY `org_person_group_delete` (`organization_id`,`person_id`,`org_group_id`,`deleted_at`),
  KEY `org_person_delete_idx` (`person_id`,`organization_id`,`org_permissionset_id`,`deleted_at`),
  KEY `PG_perm` (`organization_id`,`person_id`,`org_group_id`,`deleted_at`,`org_permissionset_id`),
  CONSTRAINT `FK_120C4443217BBB47` FOREIGN KEY (`person_id`) REFERENCES `person` (`id`),
  CONSTRAINT `FK_120C444332C8A3DE` FOREIGN KEY (`organization_id`) REFERENCES `organization` (`id`),
  CONSTRAINT `FK_120C44437ABB76BC` FOREIGN KEY (`org_permissionset_id`) REFERENCES `org_permissionset` (`id`),
  CONSTRAINT `FK_120C444382FB49A4` FOREIGN KEY (`org_group_id`) REFERENCES `org_group` (`id`)
) ENGINE=InnoDB AUTO_INCREMENT=1103 DEFAULT CHARSET=utf8 COLLATE=utf8_unicode_ci;
/*!40101 SET character_set_client = @saved_cs_client */;

--
-- Dumping data for table `org_group_faculty`
--

LOCK TABLES `org_group_faculty` WRITE;
/*!40000 ALTER TABLE `org_group_faculty` DISABLE KEYS */;
INSERT INTO `org_group_faculty` VALUES
(988,36293,542,1264,99438,NULL,'2015-05-13 17:16:09',NULL,'2015-05-13 17:16:09',NULL,NULL,0),
(990,36293,542,1265,99443,NULL,'2015-05-13 19:37:07',NULL,'2015-05-13 19:37:07',NULL,NULL,0),
(991,36303,542,1266,99440,NULL,'2015-05-13 19:37:41',NULL,'2015-06-17 19:54:06',NULL,NULL,0),
(992,36303,542,1266,99442,NULL,'2015-05-13 19:37:41',NULL,'2015-06-17 19:54:06',NULL,NULL,0),
(993,36303,542,1267,99447,NULL,'2015-05-13 19:38:23',NULL,'2015-06-17 19:54:36',NULL,NULL,0),
(994,36297,542,1268,99445,NULL,'2015-05-13 19:39:16',NULL,'2015-05-13 19:39:16',NULL,NULL,0),
(995,36296,542,1268,99444,NULL,'2015-05-13 19:39:16',NULL,'2015-05-13 19:39:16',NULL,NULL,0),
(996,36298,542,1269,99435,NULL,'2015-05-13 19:40:02',NULL,'2015-05-13 19:40:02',NULL,'2015-05-20 14:52:56',0),
(997,36298,542,1269,99440,NULL,'2015-05-13 19:40:02',NULL,'2015-05-13 19:40:02',NULL,NULL,0),
(998,36302,542,1269,99436,NULL,'2015-05-13 19:40:02',NULL,'2015-05-13 19:40:02',NULL,NULL,0),
(999,NULL,542,1270,99445,NULL,'2015-05-13 19:41:14',NULL,'2015-05-13 19:41:14',NULL,'2015-05-13 20:51:36',0),
(1000,NULL,542,1270,99444,NULL,'2015-05-13 19:41:14',NULL,'2015-05-13 19:41:14',NULL,'2015-05-13 20:51:36',0),
(1001,36303,542,1270,99441,NULL,'2015-05-13 19:41:14',NULL,'2015-05-13 19:41:14',NULL,NULL,0),
(1002,36295,542,1271,99439,NULL,'2015-05-13 19:41:50',NULL,'2015-05-13 19:41:50',NULL,NULL,0),
(1045,36297,542,1270,99445,NULL,'2015-05-20 14:11:23',NULL,'2015-05-20 14:11:23',NULL,NULL,0),
(1046,36296,542,1270,99444,NULL,'2015-05-20 14:11:23',NULL,'2015-05-20 14:11:23',NULL,NULL,0),
(1047,36297,542,1271,99445,NULL,'2015-05-20 14:11:54',NULL,'2015-05-20 14:11:54',NULL,NULL,0),
(1048,36296,542,1271,99444,NULL,'2015-05-20 14:11:54',NULL,'2015-05-20 14:11:54',NULL,NULL,0),
(1049,36298,542,1269,99704,NULL,'2015-05-20 14:52:56',NULL,'2015-05-20 14:52:56',NULL,NULL,0),
(1097,43144,543,1417,99705,NULL,'2015-06-15 17:44:14',NULL,'2015-06-15 17:44:14',NULL,NULL,0),
(1098,36301,542,1418,99704,NULL,'2015-06-15 18:43:00',NULL,'2015-06-15 18:43:00',NULL,NULL,0),
(1099,36301,542,1418,99385,NULL,'2015-06-15 18:43:00',NULL,'2015-06-15 18:43:00',NULL,NULL,1),
(1100,43151,542,1269,99441,NULL,'2015-06-29 18:50:47',NULL,'2015-06-29 18:50:47',NULL,NULL,0),
(1101,43151,542,1269,99710,NULL,'2015-07-02 16:57:25',NULL,'2015-07-02 16:57:25',NULL,NULL,0),
(1102,43153,542,1269,99711,NULL,'2015-07-21 21:14:02',NULL,'2015-07-21 21:14:02',NULL,NULL,0);
/*!40000 ALTER TABLE `org_group_faculty` ENABLE KEYS */;
UNLOCK TABLES;

--
-- Temporary table structure for view `org_group_faculty_student_permission_map`
--

DROP TABLE IF EXISTS `org_group_faculty_student_permission_map`;
/*!50001 DROP VIEW IF EXISTS `org_group_faculty_student_permission_map`*/;
SET @saved_cs_client     = @@character_set_client;
SET character_set_client = utf8;
/*!50001 CREATE TABLE `org_group_faculty_student_permission_map` (
  `group_id` tinyint NOT NULL,
  `org_id` tinyint NOT NULL,
  `faculty_id` tinyint NOT NULL,
  `student_id` tinyint NOT NULL,
  `permissionset_id` tinyint NOT NULL
) ENGINE=MyISAM */;
SET character_set_client = @saved_cs_client;

--
-- Table structure for table `org_group_students`
--

DROP TABLE IF EXISTS `org_group_students`;
/*!40101 SET @saved_cs_client     = @@character_set_client */;
/*!40101 SET character_set_client = utf8 */;
CREATE TABLE `org_group_students` (
  `id` int(11) NOT NULL AUTO_INCREMENT,
  `person_id` int(11) DEFAULT NULL,
  `org_group_id` int(11) DEFAULT NULL,
  `organization_id` int(11) DEFAULT NULL,
  `created_by` int(11) DEFAULT NULL,
  `created_at` datetime DEFAULT NULL,
  `modified_by` int(11) DEFAULT NULL,
  `modified_at` datetime DEFAULT NULL,
  `deleted_by` int(11) DEFAULT NULL,
  `deleted_at` datetime DEFAULT NULL,
  PRIMARY KEY (`id`),
  KEY `IDX_A46C1796217BBB47` (`person_id`),
  KEY `IDX_A46C179682FB49A4` (`org_group_id`),
  KEY `IDX_A46C179632C8A3DE` (`organization_id`),
  KEY `deleted_at_idx` (`deleted_at`),
  KEY `group-student` (`organization_id`,`org_group_id`,`person_id`,`deleted_at`),
  KEY `student-group` (`person_id`,`organization_id`,`org_group_id`,`deleted_at`),
  CONSTRAINT `FK_A46C1796217BBB47` FOREIGN KEY (`person_id`) REFERENCES `person` (`id`),
  CONSTRAINT `FK_A46C179632C8A3DE` FOREIGN KEY (`organization_id`) REFERENCES `organization` (`id`),
  CONSTRAINT `FK_A46C179682FB49A4` FOREIGN KEY (`org_group_id`) REFERENCES `org_group` (`id`)
) ENGINE=InnoDB AUTO_INCREMENT=30124 DEFAULT CHARSET=utf8 COLLATE=utf8_unicode_ci;
/*!40101 SET character_set_client = @saved_cs_client */;

--
-- Dumping data for table `org_group_students`
--

LOCK TABLES `org_group_students` WRITE;
/*!40000 ALTER TABLE `org_group_students` DISABLE KEYS */;
INSERT INTO `org_group_students` VALUES
(30046,99414,1264,542,NULL,'2015-05-13 17:20:35',NULL,'2015-05-13 17:20:35',NULL,NULL),
(30047,99426,1264,542,NULL,'2015-05-13 17:20:35',NULL,'2015-05-13 17:20:35',NULL,NULL),
(30048,99430,1264,542,NULL,'2015-05-13 17:20:35',NULL,'2015-05-13 17:20:35',NULL,NULL),
(30049,99410,1269,542,NULL,'2015-05-13 20:49:22',NULL,'2015-05-13 20:49:22',NULL,NULL),
(30050,99411,1269,542,NULL,'2015-05-13 20:49:22',NULL,'2015-05-13 20:49:22',NULL,NULL),
(30051,99414,1269,542,NULL,'2015-05-13 20:49:22',NULL,'2015-05-13 20:49:22',NULL,NULL),
(30052,99415,1269,542,NULL,'2015-05-13 20:49:22',NULL,'2015-05-13 20:49:22',NULL,NULL),
(30053,99417,1269,542,NULL,'2015-05-13 20:49:22',NULL,'2015-05-13 20:49:22',NULL,NULL),
(30054,99418,1269,542,NULL,'2015-05-13 20:49:22',NULL,'2015-05-13 20:49:22',NULL,NULL),
(30055,99419,1269,542,NULL,'2015-05-13 20:49:22',NULL,'2015-05-13 20:49:22',NULL,NULL),
(30056,99421,1269,542,NULL,'2015-05-13 20:49:22',NULL,'2015-05-13 20:49:22',NULL,NULL),
(30057,99422,1269,542,NULL,'2015-05-13 20:49:22',NULL,'2015-05-13 20:49:22',NULL,NULL),
(30058,99423,1269,542,NULL,'2015-05-13 20:49:22',NULL,'2015-05-13 20:49:22',NULL,NULL),
(30059,99424,1269,542,NULL,'2015-05-13 20:49:22',NULL,'2015-05-13 20:49:22',NULL,NULL),
(30060,99425,1269,542,NULL,'2015-05-13 20:49:22',NULL,'2015-05-13 20:49:22',NULL,NULL),
(30061,99426,1269,542,NULL,'2015-05-13 20:49:22',NULL,'2015-05-13 20:49:22',NULL,NULL),
(30062,99429,1269,542,NULL,'2015-05-13 20:49:22',NULL,'2015-05-13 20:49:22',NULL,NULL),
(30063,99430,1269,542,NULL,'2015-05-13 20:49:22',NULL,'2015-05-13 20:49:22',NULL,NULL),
(30064,99432,1269,542,NULL,'2015-05-13 20:49:22',NULL,'2015-05-13 20:49:22',NULL,NULL),
(30065,99433,1269,542,NULL,'2015-05-13 20:49:22',NULL,'2015-05-13 20:49:22',NULL,NULL),
(30066,99410,1266,542,NULL,'2015-05-13 20:50:27',NULL,'2015-05-13 20:50:27',NULL,NULL),
(30067,99411,1266,542,NULL,'2015-05-13 20:50:27',NULL,'2015-05-13 20:50:27',NULL,NULL),
(30068,99415,1266,542,NULL,'2015-05-13 20:50:27',NULL,'2015-05-13 20:50:27',NULL,NULL),
(30069,99417,1266,542,NULL,'2015-05-13 20:50:27',NULL,'2015-05-13 20:50:27',NULL,NULL),
(30070,99418,1266,542,NULL,'2015-05-13 20:50:27',NULL,'2015-05-13 20:50:27',NULL,NULL),
(30071,99419,1266,542,NULL,'2015-05-13 20:50:27',NULL,'2015-05-13 20:50:27',NULL,NULL),
(30072,99422,1266,542,NULL,'2015-05-13 20:50:27',NULL,'2015-05-13 20:50:27',NULL,NULL),
(30073,99423,1266,542,NULL,'2015-05-13 20:50:27',NULL,'2015-05-13 20:50:27',NULL,NULL),
(30074,99425,1266,542,NULL,'2015-05-13 20:50:27',NULL,'2015-05-13 20:50:27',NULL,NULL),
(30075,99429,1266,542,NULL,'2015-05-13 20:50:27',NULL,'2015-05-13 20:50:27',NULL,NULL),
(30076,99432,1266,542,NULL,'2015-05-13 20:50:27',NULL,'2015-05-13 20:50:27',NULL,NULL),
(30077,99433,1266,542,NULL,'2015-05-13 20:50:27',NULL,'2015-05-13 20:50:27',NULL,NULL),
(30078,99413,1265,542,NULL,'2015-05-13 20:50:49',NULL,'2015-05-13 20:50:49',NULL,NULL),
(30079,99424,1265,542,NULL,'2015-05-13 20:50:49',NULL,'2015-05-13 20:50:49',NULL,NULL),
(30080,99421,1265,542,NULL,'2015-05-13 20:50:49',NULL,'2015-05-13 20:50:49',NULL,NULL),
(30081,99410,1270,542,NULL,'2015-05-13 20:51:32',NULL,'2015-05-13 20:51:32',NULL,NULL),
(30082,99411,1270,542,NULL,'2015-05-13 20:51:32',NULL,'2015-05-13 20:51:32',NULL,NULL),
(30083,99417,1270,542,NULL,'2015-05-13 20:51:32',NULL,'2015-05-13 20:51:32',NULL,NULL),
(30084,99418,1270,542,NULL,'2015-05-13 20:51:32',NULL,'2015-05-13 20:51:32',NULL,NULL),
(30085,99422,1270,542,NULL,'2015-05-13 20:51:32',NULL,'2015-05-13 20:51:32',NULL,NULL),
(30086,99425,1270,542,NULL,'2015-05-13 20:51:32',NULL,'2015-05-13 20:51:32',NULL,NULL),
(30087,99412,1271,542,NULL,'2015-05-13 20:51:57',NULL,'2015-05-13 20:51:57',NULL,NULL),
(30088,99416,1271,542,NULL,'2015-05-13 20:51:57',NULL,'2015-05-13 20:51:57',NULL,NULL),
(30089,99427,1271,542,NULL,'2015-05-13 20:51:57',NULL,'2015-05-13 20:51:57',NULL,NULL),
(30090,99412,1267,542,NULL,'2015-05-13 20:52:24',NULL,'2015-05-13 20:52:24',NULL,NULL),
(30091,99416,1267,542,NULL,'2015-05-13 20:52:24',NULL,'2015-05-13 20:52:24',NULL,NULL),
(30092,99420,1267,542,NULL,'2015-05-13 20:52:24',NULL,'2015-05-13 20:52:24',NULL,NULL),
(30093,99427,1267,542,NULL,'2015-05-13 20:52:24',NULL,'2015-05-13 20:52:24',NULL,NULL),
(30094,99428,1267,542,NULL,'2015-05-13 20:52:24',NULL,'2015-05-13 20:52:24',NULL,NULL),
(30095,99431,1267,542,NULL,'2015-05-13 20:52:24',NULL,'2015-05-13 20:52:24',NULL,NULL),
(30096,99434,1267,542,NULL,'2015-05-13 20:52:24',NULL,'2015-05-13 20:52:24',NULL,NULL),
(30097,99422,1418,542,NULL,'2015-06-17 20:50:32',NULL,'2015-06-17 20:50:32',NULL,NULL),
(30098,99410,1418,542,NULL,'2015-06-17 20:50:32',NULL,'2015-06-17 20:50:32',NULL,NULL),
(30099,99411,1418,542,NULL,'2015-06-17 20:50:32',NULL,'2015-06-17 20:50:32',NULL,NULL),
(30100,99412,1418,542,NULL,'2015-06-17 20:50:32',NULL,'2015-06-17 20:50:32',NULL,NULL),
(30101,99413,1418,542,NULL,'2015-06-17 20:50:32',NULL,'2015-06-17 20:50:32',NULL,NULL),
(30102,99414,1418,542,NULL,'2015-06-17 20:50:32',NULL,'2015-06-17 20:50:32',NULL,NULL),
(30103,99415,1418,542,NULL,'2015-06-17 20:50:32',NULL,'2015-06-17 20:50:32',NULL,NULL),
(30104,99416,1418,542,NULL,'2015-06-17 20:50:32',NULL,'2015-06-17 20:50:32',NULL,NULL),
(30105,99417,1418,542,NULL,'2015-06-17 20:50:32',NULL,'2015-06-17 20:50:32',NULL,NULL),
(30106,99418,1418,542,NULL,'2015-06-17 20:50:32',NULL,'2015-06-17 20:50:32',NULL,NULL),
(30107,99419,1418,542,NULL,'2015-06-17 20:50:32',NULL,'2015-06-17 20:50:32',NULL,NULL),
(30108,99420,1418,542,NULL,'2015-06-17 20:50:32',NULL,'2015-06-17 20:50:32',NULL,NULL),
(30109,99421,1418,542,NULL,'2015-06-17 20:50:32',NULL,'2015-06-17 20:50:32',NULL,NULL),
(30110,99423,1418,542,NULL,'2015-06-17 20:50:32',NULL,'2015-06-17 20:50:32',NULL,NULL),
(30111,99424,1418,542,NULL,'2015-06-17 20:50:32',NULL,'2015-06-17 20:50:32',NULL,NULL),
(30112,99425,1418,542,NULL,'2015-06-17 20:50:32',NULL,'2015-06-17 20:50:32',NULL,NULL),
(30113,99426,1418,542,NULL,'2015-06-17 20:50:32',NULL,'2015-06-17 20:50:32',NULL,NULL),
(30114,99427,1418,542,NULL,'2015-06-17 20:50:32',NULL,'2015-06-17 20:50:32',NULL,NULL),
(30115,99428,1418,542,NULL,'2015-06-17 20:50:32',NULL,'2015-06-17 20:50:32',NULL,NULL),
(30116,99429,1418,542,NULL,'2015-06-17 20:50:32',NULL,'2015-06-17 20:50:32',NULL,NULL),
(30117,99430,1418,542,NULL,'2015-06-17 20:50:32',NULL,'2015-06-17 20:50:32',NULL,NULL),
(30118,99431,1418,542,NULL,'2015-06-17 20:50:32',NULL,'2015-06-17 20:50:32',NULL,NULL),
(30119,99432,1418,542,NULL,'2015-06-17 20:50:32',NULL,'2015-06-17 20:50:32',NULL,NULL),
(30120,99433,1418,542,NULL,'2015-06-17 20:50:32',NULL,'2015-06-17 20:50:32',NULL,NULL),
(30121,99434,1418,542,NULL,'2015-06-17 20:50:32',NULL,'2015-06-17 20:50:32',NULL,NULL),
(30122,99411,1267,542,NULL,NULL,NULL,NULL,NULL,NULL),
(30123,99713,1417,543,NULL,'2015-07-27 14:20:46',NULL,'2015-07-27 14:20:46',NULL,NULL);
/*!40000 ALTER TABLE `org_group_students` ENABLE KEYS */;
UNLOCK TABLES;

--
-- Table structure for table `org_ldap_config`
--

DROP TABLE IF EXISTS `org_ldap_config`;
/*!40101 SET @saved_cs_client     = @@character_set_client */;
/*!40101 SET character_set_client = utf8 */;
CREATE TABLE `org_ldap_config` (
  `id` int(11) NOT NULL AUTO_INCREMENT,
  `created_by` int(11) DEFAULT NULL,
  `modified_by` int(11) DEFAULT NULL,
  `deleted_by` int(11) DEFAULT NULL,
  `org_id` int(11) NOT NULL,
  `created_at` datetime DEFAULT NULL,
  `modified_at` datetime DEFAULT NULL,
  `deleted_at` datetime DEFAULT NULL,
  `type` enum('AD','LDAP') COLLATE utf8_unicode_ci DEFAULT NULL,
  `staff_hostname` longtext COLLATE utf8_unicode_ci,
  `staff_user_base_domain` longtext COLLATE utf8_unicode_ci,
  `staff_username_attribute` varchar(255) COLLATE utf8_unicode_ci DEFAULT NULL,
  `staff_initial_user` varchar(255) COLLATE utf8_unicode_ci DEFAULT NULL,
  `staff_initial_password` varchar(255) COLLATE utf8_unicode_ci DEFAULT NULL,
  `student_initial_user` varchar(255) COLLATE utf8_unicode_ci DEFAULT NULL,
  `student_initial_password` varchar(255) COLLATE utf8_unicode_ci DEFAULT NULL,
  `student_user_base_domain` longtext COLLATE utf8_unicode_ci,
  `student_username_attribute` varchar(255) COLLATE utf8_unicode_ci DEFAULT NULL,
  `student_hostname` longtext COLLATE utf8_unicode_ci NOT NULL,
  PRIMARY KEY (`id`),
  KEY `IDX_22545809DE12AB56` (`created_by`),
  KEY `IDX_2254580925F94802` (`modified_by`),
  KEY `IDX_225458091F6FA0AF` (`deleted_by`),
  KEY `fk_org_ldap_config_organization1_idx` (`org_id`),
  CONSTRAINT `FK_225458091F6FA0AF` FOREIGN KEY (`deleted_by`) REFERENCES `person` (`id`),
  CONSTRAINT `FK_2254580925F94802` FOREIGN KEY (`modified_by`) REFERENCES `person` (`id`),
  CONSTRAINT `FK_22545809DE12AB56` FOREIGN KEY (`created_by`) REFERENCES `person` (`id`),
  CONSTRAINT `FK_22545809F4837C1B` FOREIGN KEY (`org_id`) REFERENCES `organization` (`id`)
) ENGINE=InnoDB DEFAULT CHARSET=utf8 COLLATE=utf8_unicode_ci;
/*!40101 SET character_set_client = @saved_cs_client */;

--
-- Dumping data for table `org_ldap_config`
--

LOCK TABLES `org_ldap_config` WRITE;
/*!40000 ALTER TABLE `org_ldap_config` DISABLE KEYS */;
/*!40000 ALTER TABLE `org_ldap_config` ENABLE KEYS */;
UNLOCK TABLES;

--
-- Table structure for table `org_metadata`
--

DROP TABLE IF EXISTS `org_metadata`;
/*!40101 SET @saved_cs_client     = @@character_set_client */;
/*!40101 SET character_set_client = utf8 */;
CREATE TABLE `org_metadata` (
  `id` int(11) NOT NULL AUTO_INCREMENT,
  `organization_id` int(11) DEFAULT NULL,
  `created_by` int(11) DEFAULT NULL,
  `created_at` datetime DEFAULT NULL,
  `modified_by` int(11) DEFAULT NULL,
  `modified_at` datetime DEFAULT NULL,
  `deleted_by` int(11) DEFAULT NULL,
  `deleted_at` datetime DEFAULT NULL,
  `meta_key` varchar(50) COLLATE utf8_unicode_ci DEFAULT NULL,
  `meta_name` varchar(255) COLLATE utf8_unicode_ci DEFAULT NULL,
  `meta_description` longtext COLLATE utf8_unicode_ci,
  `definition_type` varchar(1) COLLATE utf8_unicode_ci DEFAULT NULL,
  `metadata_type` varchar(1) COLLATE utf8_unicode_ci DEFAULT NULL,
  `no_of_decimals` int(11) DEFAULT NULL,
  `is_required` tinyint(1) DEFAULT NULL,
  `min_range` decimal(15,4) DEFAULT NULL,
  `max_range` decimal(15,4) DEFAULT NULL,
  `entity` varchar(10) COLLATE utf8_unicode_ci DEFAULT NULL,
  `sequence` int(11) DEFAULT NULL,
  `meta_group` varchar(2) COLLATE utf8_unicode_ci DEFAULT NULL,
  `status` enum('active','archived') COLLATE utf8_unicode_ci DEFAULT NULL,
  `scope` varchar(1) COLLATE utf8_unicode_ci DEFAULT NULL,
  PRIMARY KEY (`id`),
  UNIQUE KEY `unique_index_org_key` (`organization_id`,`meta_key`),
  KEY `fk_org_metadata_organization1_idx` (`organization_id`),
  KEY `modified` (`modified_at`,`created_at`),
  CONSTRAINT `FK_33BBA4F732C8A3DE` FOREIGN KEY (`organization_id`) REFERENCES `organization` (`id`)
) ENGINE=InnoDB AUTO_INCREMENT=425 DEFAULT CHARSET=utf8 COLLATE=utf8_unicode_ci;
/*!40101 SET character_set_client = @saved_cs_client */;

--
-- Dumping data for table `org_metadata`
--

LOCK TABLES `org_metadata` WRITE;
/*!40000 ALTER TABLE `org_metadata` DISABLE KEYS */;
INSERT INTO `org_metadata` VALUES
(392,542,NULL,'2015-05-13 17:08:47',NULL,'2015-07-01 13:24:31',NULL,NULL,'Hogwarts_Personal','Hogwarts_Personal',NULL,'O','N',0,0,0.0000,0.0000,NULL,1,NULL,NULL,NULL),
(393,542,NULL,'2015-05-13 17:09:19',NULL,'2015-05-27 15:32:18',NULL,NULL,'Hogwarts_Academic','Hogwarts_Academic','Academic info about a Hogwarts student','O','T',NULL,0,NULL,NULL,NULL,2,NULL,NULL,NULL),
(394,542,NULL,'2015-05-13 17:09:51',NULL,'2015-05-13 17:09:51',NULL,NULL,'Hogwarts_Demographic','Hogwarts_Demographic','Demographic info about a Hogwarts student','O','T',NULL,0,NULL,NULL,NULL,3,NULL,NULL,NULL),
(424,542,NULL,'2015-07-01 13:24:30',NULL,'2015-07-01 13:24:30',NULL,NULL,'O.W.L. Grade','O.W.L. Grade',NULL,'O',NULL,NULL,0,NULL,NULL,NULL,4,NULL,NULL,NULL);
/*!40000 ALTER TABLE `org_metadata` ENABLE KEYS */;
UNLOCK TABLES;

--
-- Table structure for table `org_metadata_list_values`
--

DROP TABLE IF EXISTS `org_metadata_list_values`;
/*!40101 SET @saved_cs_client     = @@character_set_client */;
/*!40101 SET character_set_client = utf8 */;
CREATE TABLE `org_metadata_list_values` (
  `id` int(11) NOT NULL AUTO_INCREMENT,
  `org_metadata_id` int(11) DEFAULT NULL,
  `created_by` int(11) DEFAULT NULL,
  `created_at` datetime DEFAULT NULL,
  `modified_by` int(11) DEFAULT NULL,
  `modified_at` datetime DEFAULT NULL,
  `deleted_by` int(11) DEFAULT NULL,
  `deleted_at` datetime DEFAULT NULL,
  `list_name` varchar(255) COLLATE utf8_unicode_ci DEFAULT NULL,
  `list_value` varchar(255) COLLATE utf8_unicode_ci DEFAULT NULL,
  `sequence` int(11) DEFAULT NULL,
  PRIMARY KEY (`id`),
  KEY `IDX_EDD17EBE4012B3BF` (`org_metadata_id`),
  KEY `list_name_idx` (`list_name`),
  CONSTRAINT `FK_EDD17EBE4012B3BF` FOREIGN KEY (`org_metadata_id`) REFERENCES `org_metadata` (`id`)
) ENGINE=InnoDB DEFAULT CHARSET=utf8 COLLATE=utf8_unicode_ci;
/*!40101 SET character_set_client = @saved_cs_client */;

--
-- Dumping data for table `org_metadata_list_values`
--

LOCK TABLES `org_metadata_list_values` WRITE;
/*!40000 ALTER TABLE `org_metadata_list_values` DISABLE KEYS */;
/*!40000 ALTER TABLE `org_metadata_list_values` ENABLE KEYS */;
UNLOCK TABLES;

--
-- Table structure for table `org_permissionset`
--

DROP TABLE IF EXISTS `org_permissionset`;
/*!40101 SET @saved_cs_client     = @@character_set_client */;
/*!40101 SET character_set_client = utf8 */;
CREATE TABLE `org_permissionset` (
  `id` int(11) NOT NULL AUTO_INCREMENT,
  `organization_id` int(11) DEFAULT NULL,
  `created_by` int(11) DEFAULT NULL,
  `created_at` datetime DEFAULT NULL,
  `modified_by` int(11) DEFAULT NULL,
  `modified_at` datetime DEFAULT NULL,
  `deleted_by` int(11) DEFAULT NULL,
  `deleted_at` datetime DEFAULT NULL,
  `permissionset_name` varchar(100) COLLATE utf8_unicode_ci DEFAULT NULL,
  `is_archived` tinyint(1) DEFAULT NULL,
  `accesslevel_ind_agg` tinyint(1) DEFAULT NULL,
  `accesslevel_agg` tinyint(1) DEFAULT NULL,
  `risk_indicator` tinyint(1) DEFAULT NULL,
  `intent_to_leave` tinyint(1) DEFAULT NULL,
  `view_courses` tinyint(1) DEFAULT NULL,
  `create_view_academic_update` tinyint(1) DEFAULT NULL,
  `view_all_academic_update_courses` tinyint(1) DEFAULT NULL,
  `view_all_final_grades` tinyint(1) DEFAULT NULL,
  `current_future_isq` tinyint(1) DEFAULT NULL,
  PRIMARY KEY (`id`),
  KEY `IDX_FD169C2A32C8A3DE` (`organization_id`),
  KEY `permissionset_name_idx` (`permissionset_name`),
  KEY `accesslevel_ind_agg_idx` (`accesslevel_ind_agg`),
  KEY `risk_indicator_idx` (`risk_indicator`),
  KEY `intent_to_leave_idx` (`intent_to_leave`),
  CONSTRAINT `FK_FD169C2A32C8A3DE` FOREIGN KEY (`organization_id`) REFERENCES `organization` (`id`)
) ENGINE=InnoDB AUTO_INCREMENT=43154 DEFAULT CHARSET=utf8 COLLATE=utf8_unicode_ci;
/*!40101 SET character_set_client = @saved_cs_client */;

--
-- Dumping data for table `org_permissionset`
--

LOCK TABLES `org_permissionset` WRITE;
/*!40000 ALTER TABLE `org_permissionset` DISABLE KEYS */;
INSERT INTO `org_permissionset` VALUES
(36293,542,NULL,'2015-05-13 17:11:56',NULL,'2015-05-13 17:11:56',NULL,NULL,'Hogwarts_HallDirector',NULL,1,0,1,1,1,0,0,1,NULL),
(36294,542,NULL,'2015-05-13 19:25:21',NULL,'2015-05-13 19:25:21',NULL,NULL,'Hogwarts_ResidentAssistant',NULL,1,0,0,0,0,0,0,0,NULL),
(36295,542,NULL,'2015-05-13 19:26:51',NULL,'2015-05-13 19:26:51',NULL,NULL,'Hogwarts_Coach',NULL,1,0,1,0,1,0,0,1,NULL),
(36296,542,NULL,'2015-05-13 19:27:35',NULL,'2015-05-13 19:27:35',NULL,NULL,'Hogwarts_Nurse',NULL,1,0,0,0,0,0,0,0,NULL),
(36297,542,NULL,'2015-05-13 19:28:47',NULL,'2015-05-13 19:28:47',NULL,NULL,'Hogwarts_AthleticSupervisor',NULL,1,0,0,0,1,0,0,1,NULL),
(36298,542,NULL,'2015-05-13 19:29:55',NULL,'2015-05-13 19:29:55',NULL,NULL,'Hogwarts_GroupSupervisor',NULL,1,0,1,0,1,0,0,1,NULL),
(36299,542,NULL,'2015-05-13 19:30:54',NULL,'2015-07-22 18:46:10',NULL,NULL,'Hogwarts_Professor',NULL,1,0,1,1,1,1,1,1,NULL),
(36300,542,NULL,'2015-05-13 19:32:53',NULL,'2015-07-20 13:48:07',NULL,NULL,'Hogwarts_CourseDirector',NULL,1,0,0,0,0,0,0,0,NULL),
(36301,542,NULL,'2015-05-13 19:34:51',NULL,'2015-05-13 19:34:51',NULL,NULL,'Hogwarts_CampusCoordinator',NULL,1,0,1,1,1,1,1,1,NULL),
(36302,542,NULL,'2015-05-13 19:35:11',NULL,'2015-06-29 18:46:36',NULL,NULL,'Hogwarts_AggregateOnlyAccess',NULL,0,1,0,0,0,0,0,0,NULL),
(36303,542,NULL,'2015-05-13 19:35:55',NULL,'2015-05-13 19:35:55',NULL,NULL,'Hogwarts_FullAccess',NULL,1,0,1,1,1,1,1,1,NULL),
(43144,543,NULL,'2015-06-15 17:29:11',NULL,'2015-06-15 18:25:53',NULL,NULL,'AllAccess',NULL,1,0,1,1,1,1,1,1,NULL),
(43145,543,NULL,'2015-06-15 17:29:11',NULL,'2015-06-15 17:29:11',NULL,NULL,'PartialAccess',NULL,1,0,1,1,0,0,0,0,NULL),
(43146,543,NULL,'2015-06-15 17:29:11',NULL,'2015-06-15 17:29:11',NULL,NULL,'LimitedAccess',NULL,1,0,1,0,0,0,0,0,NULL),
(43147,543,NULL,'2015-06-15 17:29:11',NULL,'2015-06-15 17:29:11',NULL,NULL,'InputOnly',NULL,1,0,1,0,0,0,0,0,NULL),
(43148,543,NULL,'2015-06-15 17:29:11',NULL,'2015-06-15 17:29:11',NULL,NULL,'AggregateOnly',NULL,0,1,1,1,0,0,0,0,NULL),
(43149,543,NULL,'2015-06-15 17:29:11',NULL,'2015-06-15 17:29:11',NULL,NULL,'CourseOnly',NULL,1,0,0,0,1,1,0,0,NULL),
(43151,542,NULL,'2015-06-29 18:50:10',NULL,'2015-06-29 18:50:10',NULL,NULL,'Hogwarts_MinimumAccess',NULL,1,0,0,0,0,0,0,0,NULL),
(43152,542,NULL,'2015-07-01 13:24:25',NULL,'2015-07-01 13:24:25',NULL,NULL,'TEST_createPermissionSet',NULL,1,0,0,1,1,1,1,1,NULL),
(43153,542,NULL,'2015-07-21 21:12:33',NULL,'2015-07-21 21:12:33',NULL,NULL,'Hogwarts_Experimental',NULL,1,0,0,0,1,0,0,0,NULL);
/*!40000 ALTER TABLE `org_permissionset` ENABLE KEYS */;
UNLOCK TABLES;

--
-- Table structure for table `org_permissionset_datablock`
--

DROP TABLE IF EXISTS `org_permissionset_datablock`;
/*!40101 SET @saved_cs_client     = @@character_set_client */;
/*!40101 SET character_set_client = utf8 */;
CREATE TABLE `org_permissionset_datablock` (
  `id` int(11) NOT NULL AUTO_INCREMENT,
  `org_permissionset_id` int(11) DEFAULT NULL,
  `datablock_id` int(11) DEFAULT NULL,
  `organization_id` int(11) DEFAULT NULL,
  `created_by` int(11) DEFAULT NULL,
  `created_at` datetime DEFAULT NULL,
  `modified_by` int(11) DEFAULT NULL,
  `modified_at` datetime DEFAULT NULL,
  `deleted_by` int(11) DEFAULT NULL,
  `deleted_at` datetime DEFAULT NULL,
  `block_type` varchar(10) COLLATE utf8_unicode_ci DEFAULT NULL,
  `timeframe_all` tinyint(1) DEFAULT NULL,
  `current_calendar` tinyint(1) DEFAULT NULL,
  `previous_period` tinyint(1) DEFAULT NULL,
  `next_period` tinyint(1) DEFAULT NULL,
  PRIMARY KEY (`id`),
  KEY `IDX_E34ECC407ABB76BC` (`org_permissionset_id`),
  KEY `IDX_E34ECC40F9AE3580` (`datablock_id`),
  KEY `IDX_E34ECC4032C8A3DE` (`organization_id`),
  KEY `block_type_idx` (`block_type`),
  KEY `opdb` (`org_permissionset_id`,`datablock_id`,`organization_id`,`deleted_at`),
  KEY `org_opdb` (`organization_id`,`datablock_id`,`org_permissionset_id`,`deleted_at`),
  CONSTRAINT `FK_E34ECC4032C8A3DE` FOREIGN KEY (`organization_id`) REFERENCES `organization` (`id`),
  CONSTRAINT `FK_E34ECC407ABB76BC` FOREIGN KEY (`org_permissionset_id`) REFERENCES `org_permissionset` (`id`),
  CONSTRAINT `FK_E34ECC40F9AE3580` FOREIGN KEY (`datablock_id`) REFERENCES `datablock_master` (`id`)
) ENGINE=InnoDB AUTO_INCREMENT=96860 DEFAULT CHARSET=utf8 COLLATE=utf8_unicode_ci;
/*!40101 SET character_set_client = @saved_cs_client */;

--
-- Dumping data for table `org_permissionset_datablock`
--

LOCK TABLES `org_permissionset_datablock` WRITE;
/*!40000 ALTER TABLE `org_permissionset_datablock` DISABLE KEYS */;
INSERT INTO `org_permissionset_datablock` VALUES
(95276,36294,4,542,NULL,'2015-05-20 19:47:14',NULL,'2015-05-20 19:47:14',NULL,NULL,'profile',NULL,NULL,NULL,NULL),
(96826,43144,1,543,NULL,'2015-06-15 18:25:53',NULL,'2015-06-15 18:25:53',NULL,NULL,'profile',NULL,NULL,NULL,NULL),
(96827,36301,1,542,NULL,'2015-06-15 18:43:33',NULL,'2015-06-15 18:43:33',NULL,NULL,'profile',NULL,NULL,NULL,NULL),
(96828,36303,1,542,NULL,'2015-07-07 18:45:08',NULL,'2015-07-07 18:45:08',NULL,NULL,'profile',NULL,NULL,NULL,NULL),
(96829,36303,2,542,NULL,'2015-07-07 18:45:08',NULL,'2015-07-07 18:45:08',NULL,NULL,'profile',NULL,NULL,NULL,NULL),
(96830,36303,3,542,NULL,'2015-07-07 18:45:08',NULL,'2015-07-07 18:45:08',NULL,NULL,'profile',NULL,NULL,NULL,NULL),
(96831,36303,4,542,NULL,'2015-07-07 18:45:08',NULL,'2015-07-07 18:45:08',NULL,NULL,'profile',NULL,NULL,NULL,NULL),
(96832,36303,5,542,NULL,'2015-07-07 18:45:08',NULL,'2015-07-07 18:45:08',NULL,NULL,'profile',NULL,NULL,NULL,NULL),
(96833,36303,6,542,NULL,'2015-07-07 18:45:08',NULL,'2015-07-07 18:45:08',NULL,NULL,'profile',NULL,NULL,NULL,NULL),
(96834,36303,12,542,NULL,'2015-07-07 18:45:08',NULL,'2015-07-07 18:45:08',NULL,NULL,'profile',NULL,NULL,NULL,NULL),
(96835,36303,13,542,NULL,'2015-07-07 18:45:08',NULL,'2015-07-07 18:45:08',NULL,NULL,'profile',NULL,NULL,NULL,NULL),
(96836,36303,14,542,NULL,'2015-07-07 18:45:08',NULL,'2015-07-07 18:45:08',NULL,NULL,'profile',NULL,NULL,NULL,NULL),
(96837,36303,15,542,NULL,'2015-07-07 18:45:08',NULL,'2015-07-07 18:45:08',NULL,NULL,'profile',NULL,NULL,NULL,NULL),
(96838,36303,16,542,NULL,'2015-07-07 18:45:08',NULL,'2015-07-07 18:45:08',NULL,NULL,'profile',NULL,NULL,NULL,NULL),
(96839,36303,17,542,NULL,'2015-07-07 18:45:08',NULL,'2015-07-07 18:45:08',NULL,NULL,'profile',NULL,NULL,NULL,NULL),
(96840,36303,18,542,NULL,'2015-07-07 18:45:08',NULL,'2015-07-07 18:45:08',NULL,NULL,'profile',NULL,NULL,NULL,NULL),
(96841,36303,19,542,NULL,'2015-07-07 18:45:08',NULL,'2015-07-07 18:45:08',NULL,NULL,'profile',NULL,NULL,NULL,NULL),
(96842,36303,20,542,NULL,'2015-07-07 18:45:08',NULL,'2015-07-07 18:45:08',NULL,NULL,'profile',NULL,NULL,NULL,NULL),
(96843,36303,21,542,NULL,'2015-07-07 18:45:08',NULL,'2015-07-07 18:45:08',NULL,NULL,'profile',NULL,NULL,NULL,NULL),
(96844,36303,22,542,NULL,'2015-07-07 18:45:08',NULL,'2015-07-07 18:45:08',NULL,NULL,'profile',NULL,NULL,NULL,NULL),
(96845,36303,23,542,NULL,'2015-07-07 18:45:08',NULL,'2015-07-07 18:45:08',NULL,NULL,'profile',NULL,NULL,NULL,NULL),
(96846,36303,24,542,NULL,'2015-07-07 18:45:08',NULL,'2015-07-07 18:45:08',NULL,NULL,'profile',NULL,NULL,NULL,NULL),
(96847,36303,25,542,NULL,'2015-07-07 18:45:08',NULL,'2015-07-07 18:45:08',NULL,NULL,'profile',NULL,NULL,NULL,NULL),
(96848,36303,26,542,NULL,'2015-07-07 18:45:08',NULL,'2015-07-07 18:45:08',NULL,NULL,'profile',NULL,NULL,NULL,NULL),
(96849,36303,27,542,NULL,'2015-07-07 18:45:08',NULL,'2015-07-07 18:45:08',NULL,NULL,'profile',NULL,NULL,NULL,NULL),
(96850,36303,28,542,NULL,'2015-07-07 18:45:08',NULL,'2015-07-07 18:45:08',NULL,NULL,'profile',NULL,NULL,NULL,NULL),
(96851,36303,29,542,NULL,'2015-07-07 18:45:08',NULL,'2015-07-07 18:45:08',NULL,NULL,'profile',NULL,NULL,NULL,NULL),
(96852,36299,1,542,NULL,'2015-07-17 15:19:13',NULL,'2015-07-17 15:19:13',NULL,NULL,'profile',NULL,NULL,NULL,NULL),
(96853,36299,13,542,NULL,'2015-07-17 15:19:13',NULL,'2015-07-17 15:19:13',NULL,NULL,'profile',NULL,NULL,NULL,NULL),
(96854,36299,14,542,NULL,'2015-07-17 15:19:13',NULL,'2015-07-17 15:19:13',NULL,NULL,'profile',NULL,NULL,NULL,NULL),
(96855,36299,7,542,NULL,'2015-07-17 15:19:13',NULL,'2015-07-17 15:19:13',NULL,NULL,'survey',NULL,NULL,NULL,NULL),
(96856,36299,8,542,NULL,'2015-07-17 15:19:13',NULL,'2015-07-17 15:19:13',NULL,NULL,'survey',NULL,NULL,NULL,NULL),
(96857,36299,9,542,NULL,'2015-07-17 15:19:13',NULL,'2015-07-17 15:19:13',NULL,NULL,'survey',NULL,NULL,NULL,NULL),
(96858,36299,10,542,NULL,'2015-07-17 15:19:13',NULL,'2015-07-17 15:19:13',NULL,NULL,'survey',NULL,NULL,NULL,NULL),
(96859,36299,11,542,NULL,'2015-07-17 15:19:13',NULL,'2015-07-17 15:19:13',NULL,NULL,'survey',NULL,NULL,NULL,NULL);
/*!40000 ALTER TABLE `org_permissionset_datablock` ENABLE KEYS */;
UNLOCK TABLES;

--
-- Table structure for table `org_permissionset_features`
--

DROP TABLE IF EXISTS `org_permissionset_features`;
/*!40101 SET @saved_cs_client     = @@character_set_client */;
/*!40101 SET character_set_client = utf8 */;
CREATE TABLE `org_permissionset_features` (
  `id` int(11) NOT NULL AUTO_INCREMENT,
  `feature_id` int(11) DEFAULT NULL,
  `organization_id` int(11) DEFAULT NULL,
  `org_permissionset_id` int(11) DEFAULT NULL,
  `created_by` int(11) DEFAULT NULL,
  `created_at` datetime DEFAULT NULL,
  `modified_by` int(11) DEFAULT NULL,
  `modified_at` datetime DEFAULT NULL,
  `deleted_by` int(11) DEFAULT NULL,
  `deleted_at` datetime DEFAULT NULL,
  `timeframe_all` tinyint(1) DEFAULT NULL,
  `current_calendar` tinyint(1) DEFAULT NULL,
  `previous_period` tinyint(1) DEFAULT NULL,
  `next_period` tinyint(1) DEFAULT NULL,
  `private_create` tinyint(1) DEFAULT NULL,
  `team_create` tinyint(1) DEFAULT NULL,
  `team_view` tinyint(1) DEFAULT NULL,
  `public_create` tinyint(1) DEFAULT NULL,
  `public_view` tinyint(1) DEFAULT NULL,
  `receive_referral` tinyint(1) DEFAULT NULL,
  `reason_referral_private_create` tinyint(1) DEFAULT NULL,
  `reason_referral_team_create` tinyint(1) DEFAULT NULL,
  `reason_referral_team_view` tinyint(1) DEFAULT NULL,
  `reason_referral_public_create` tinyint(1) DEFAULT NULL,
  `reason_referral_public_view` tinyint(1) DEFAULT NULL,
  PRIMARY KEY (`id`),
  KEY `IDX_53F293C360E4B879` (`feature_id`),
  KEY `IDX_53F293C332C8A3DE` (`organization_id`),
  KEY `IDX_53F293C37ABB76BC` (`org_permissionset_id`),
  CONSTRAINT `FK_53F293C332C8A3DE` FOREIGN KEY (`organization_id`) REFERENCES `organization` (`id`),
  CONSTRAINT `FK_53F293C360E4B879` FOREIGN KEY (`feature_id`) REFERENCES `feature_master` (`id`),
  CONSTRAINT `FK_53F293C37ABB76BC` FOREIGN KEY (`org_permissionset_id`) REFERENCES `org_permissionset` (`id`)
) ENGINE=InnoDB AUTO_INCREMENT=122285 DEFAULT CHARSET=utf8 COLLATE=utf8_unicode_ci;
/*!40101 SET character_set_client = @saved_cs_client */;

--
-- Dumping data for table `org_permissionset_features`
--

LOCK TABLES `org_permissionset_features` WRITE;
/*!40000 ALTER TABLE `org_permissionset_features` DISABLE KEYS */;
INSERT INTO `org_permissionset_features` VALUES
(99653,1,542,36293,NULL,'2015-05-13 17:11:56',NULL,'2015-05-13 17:11:56',NULL,NULL,NULL,NULL,NULL,NULL,1,1,1,1,1,1,1,1,1,1,1),
(99654,2,542,36293,NULL,'2015-05-13 17:11:56',NULL,'2015-05-13 17:11:56',NULL,NULL,NULL,NULL,NULL,NULL,1,1,1,1,1,NULL,1,1,1,1,1),
(99655,3,542,36293,NULL,'2015-05-13 17:11:56',NULL,'2015-05-13 17:11:56',NULL,NULL,NULL,NULL,NULL,NULL,1,1,1,1,1,NULL,1,1,1,1,1),
(99656,4,542,36293,NULL,'2015-05-13 17:11:56',NULL,'2015-05-13 17:11:56',NULL,NULL,NULL,NULL,NULL,NULL,1,1,1,1,1,NULL,1,1,1,1,1),
(99657,1,542,36294,NULL,'2015-05-13 19:25:21',NULL,'2015-05-13 19:25:21',NULL,NULL,NULL,NULL,NULL,NULL,1,0,0,0,0,0,1,0,0,0,0),
(99658,2,542,36294,NULL,'2015-05-13 19:25:21',NULL,'2015-05-13 19:25:21',NULL,NULL,NULL,NULL,NULL,NULL,0,0,0,0,0,NULL,0,0,0,0,0),
(99659,3,542,36294,NULL,'2015-05-13 19:25:21',NULL,'2015-05-13 19:25:21',NULL,NULL,NULL,NULL,NULL,NULL,0,0,0,0,0,NULL,0,0,0,0,0),
(99660,4,542,36294,NULL,'2015-05-13 19:25:21',NULL,'2015-05-13 19:25:21',NULL,NULL,NULL,NULL,NULL,NULL,0,0,0,0,0,NULL,0,0,0,0,0),
(99661,1,542,36295,NULL,'2015-05-13 19:26:51',NULL,'2015-05-13 19:26:51',NULL,NULL,NULL,NULL,NULL,NULL,1,1,1,0,0,1,1,1,1,0,0),
(99662,2,542,36295,NULL,'2015-05-13 19:26:51',NULL,'2015-05-13 19:26:51',NULL,NULL,NULL,NULL,NULL,NULL,1,1,1,0,0,NULL,1,1,1,0,0),
(99663,3,542,36295,NULL,'2015-05-13 19:26:51',NULL,'2015-05-13 19:26:51',NULL,NULL,NULL,NULL,NULL,NULL,0,0,0,0,0,NULL,0,0,0,0,0),
(99664,4,542,36295,NULL,'2015-05-13 19:26:51',NULL,'2015-05-13 19:26:51',NULL,NULL,NULL,NULL,NULL,NULL,1,0,1,0,0,NULL,1,0,1,0,0),
(99665,1,542,36296,NULL,'2015-05-13 19:27:35',NULL,'2015-05-13 19:27:35',NULL,NULL,NULL,NULL,NULL,NULL,0,0,0,0,0,1,0,0,0,0,0),
(99666,2,542,36296,NULL,'2015-05-13 19:27:35',NULL,'2015-05-13 19:27:35',NULL,NULL,NULL,NULL,NULL,NULL,1,0,0,0,0,NULL,1,0,0,0,0),
(99667,3,542,36296,NULL,'2015-05-13 19:27:35',NULL,'2015-05-13 19:27:35',NULL,NULL,NULL,NULL,NULL,NULL,0,0,0,0,0,NULL,0,0,0,0,0),
(99668,4,542,36296,NULL,'2015-05-13 19:27:35',NULL,'2015-05-13 19:27:35',NULL,NULL,NULL,NULL,NULL,NULL,1,0,0,0,0,NULL,1,0,0,0,0),
(99669,1,542,36297,NULL,'2015-05-13 19:28:47',NULL,'2015-05-13 19:28:47',NULL,NULL,NULL,NULL,NULL,NULL,1,1,1,1,1,1,1,1,1,1,1),
(99670,2,542,36297,NULL,'2015-05-13 19:28:47',NULL,'2015-05-13 19:28:47',NULL,NULL,NULL,NULL,NULL,NULL,1,1,1,1,1,NULL,1,1,1,1,1),
(99671,3,542,36297,NULL,'2015-05-13 19:28:47',NULL,'2015-05-13 19:28:47',NULL,NULL,NULL,NULL,NULL,NULL,1,1,1,1,1,NULL,1,1,1,1,1),
(99672,4,542,36297,NULL,'2015-05-13 19:28:47',NULL,'2015-05-13 19:28:47',NULL,NULL,NULL,NULL,NULL,NULL,1,1,1,1,1,NULL,1,1,1,1,1),
(99673,1,542,36298,NULL,'2015-05-13 19:29:55',NULL,'2015-05-13 19:29:55',NULL,NULL,NULL,NULL,NULL,NULL,1,1,1,1,1,1,1,1,1,1,1),
(99674,2,542,36298,NULL,'2015-05-13 19:29:55',NULL,'2015-05-13 19:29:55',NULL,NULL,NULL,NULL,NULL,NULL,1,1,1,1,1,1,1,1,1,1,1),
(99675,3,542,36298,NULL,'2015-05-13 19:29:55',NULL,'2015-05-13 19:29:55',NULL,NULL,NULL,NULL,NULL,NULL,1,1,1,1,1,1,1,1,1,1,1),
(99676,4,542,36298,NULL,'2015-05-13 19:29:55',NULL,'2015-05-13 19:29:55',NULL,NULL,NULL,NULL,NULL,NULL,1,1,1,1,1,1,1,1,1,1,1),
(99677,1,542,36299,NULL,'2015-05-13 19:30:54',NULL,'2015-05-13 19:30:54',NULL,NULL,NULL,NULL,NULL,NULL,1,1,1,1,1,1,1,1,1,1,1),
(99678,2,542,36299,NULL,'2015-05-13 19:30:54',NULL,'2015-05-13 19:30:54',NULL,NULL,NULL,NULL,NULL,NULL,1,1,1,1,1,NULL,1,1,1,1,1),
(99679,3,542,36299,NULL,'2015-05-13 19:30:54',NULL,'2015-07-17 15:19:13',NULL,NULL,NULL,NULL,NULL,NULL,1,1,1,1,1,NULL,1,1,1,1,1),
(99680,4,542,36299,NULL,'2015-05-13 19:30:54',NULL,'2015-07-17 15:19:13',NULL,NULL,NULL,NULL,NULL,NULL,1,1,1,1,1,NULL,1,1,1,1,1),
(99681,1,542,36300,NULL,'2015-05-13 19:32:53',NULL,'2015-07-17 15:20:34',NULL,NULL,NULL,NULL,NULL,NULL,0,0,0,0,0,0,0,0,0,0,0),
(99682,2,542,36300,NULL,'2015-05-13 19:32:53',NULL,'2015-07-17 15:20:34',NULL,NULL,NULL,NULL,NULL,NULL,0,0,0,0,0,NULL,0,0,0,0,0),
(99683,3,542,36300,NULL,'2015-05-13 19:32:53',NULL,'2015-07-17 15:20:34',NULL,NULL,NULL,NULL,NULL,NULL,0,0,0,0,0,NULL,0,0,0,0,0),
(99684,4,542,36300,NULL,'2015-05-13 19:32:53',NULL,'2015-07-17 15:20:34',NULL,NULL,NULL,NULL,NULL,NULL,0,0,0,0,0,NULL,0,0,0,0,0),
(99685,1,542,36301,NULL,'2015-05-13 19:34:51',NULL,'2015-05-13 19:34:51',NULL,NULL,NULL,NULL,NULL,NULL,1,1,1,1,1,0,1,1,1,1,1),
(99686,2,542,36301,NULL,'2015-05-13 19:34:51',NULL,'2015-05-13 19:34:51',NULL,NULL,NULL,NULL,NULL,NULL,1,1,1,1,1,NULL,1,1,1,1,1),
(99687,3,542,36301,NULL,'2015-05-13 19:34:51',NULL,'2015-05-13 19:34:51',NULL,NULL,NULL,NULL,NULL,NULL,1,1,1,1,1,NULL,1,1,1,1,1),
(99688,4,542,36301,NULL,'2015-05-13 19:34:51',NULL,'2015-05-13 19:34:51',NULL,NULL,NULL,NULL,NULL,NULL,1,1,1,1,1,NULL,1,1,1,1,1),
(99689,1,542,36303,NULL,'2015-05-13 19:35:55',NULL,'2015-05-13 19:35:55',NULL,NULL,NULL,NULL,NULL,NULL,1,1,1,1,1,1,1,1,1,1,1),
(99690,2,542,36303,NULL,'2015-05-13 19:35:55',NULL,'2015-05-13 19:35:55',NULL,NULL,NULL,NULL,NULL,NULL,1,1,1,1,1,NULL,1,1,1,1,1),
(99691,3,542,36303,NULL,'2015-05-13 19:35:55',NULL,'2015-05-13 19:35:55',NULL,NULL,NULL,NULL,NULL,NULL,1,1,1,1,1,NULL,1,1,1,1,1),
(99692,4,542,36303,NULL,'2015-05-13 19:35:55',NULL,'2015-05-13 19:35:55',NULL,NULL,NULL,NULL,NULL,NULL,1,1,1,1,1,NULL,1,1,1,1,1),
(122243,1,543,43144,NULL,'2015-06-15 17:29:11',NULL,'2015-06-15 17:29:11',NULL,NULL,NULL,NULL,NULL,NULL,1,1,1,1,1,1,1,1,1,1,1),
(122244,2,543,43144,NULL,'2015-06-15 17:29:11',NULL,'2015-06-15 17:29:11',NULL,NULL,NULL,NULL,NULL,NULL,1,1,1,1,1,NULL,1,1,1,1,1),
(122245,3,543,43144,NULL,'2015-06-15 17:29:11',NULL,'2015-06-15 17:29:11',NULL,NULL,NULL,NULL,NULL,NULL,1,1,1,1,1,NULL,1,1,1,1,1),
(122246,4,543,43144,NULL,'2015-06-15 17:29:11',NULL,'2015-06-15 17:29:11',NULL,NULL,NULL,NULL,NULL,NULL,1,1,1,1,1,NULL,1,1,1,1,1),
(122247,5,543,43144,NULL,'2015-06-15 17:29:11',NULL,'2015-06-15 17:29:11',NULL,NULL,NULL,NULL,NULL,NULL,0,0,0,0,0,NULL,0,0,0,0,0),
(122248,6,543,43144,NULL,'2015-06-15 17:29:11',NULL,'2015-06-15 17:29:11',NULL,NULL,NULL,NULL,NULL,NULL,0,0,0,0,0,NULL,0,0,0,0,0),
(122249,1,543,43145,NULL,'2015-06-15 17:29:11',NULL,'2015-06-15 17:29:11',NULL,NULL,NULL,NULL,NULL,NULL,1,1,1,1,1,1,1,1,1,1,1),
(122250,2,543,43145,NULL,'2015-06-15 17:29:11',NULL,'2015-06-15 17:29:11',NULL,NULL,NULL,NULL,NULL,NULL,1,1,1,1,1,NULL,1,1,1,1,1),
(122251,3,543,43145,NULL,'2015-06-15 17:29:11',NULL,'2015-06-15 17:29:11',NULL,NULL,NULL,NULL,NULL,NULL,1,1,1,1,1,NULL,1,1,1,1,1),
(122252,4,543,43145,NULL,'2015-06-15 17:29:11',NULL,'2015-06-15 17:29:11',NULL,NULL,NULL,NULL,NULL,NULL,1,1,1,1,1,NULL,1,1,1,1,1),
(122253,5,543,43145,NULL,'2015-06-15 17:29:11',NULL,'2015-06-15 17:29:11',NULL,NULL,NULL,NULL,NULL,NULL,0,0,0,0,0,NULL,0,0,0,0,0),
(122254,6,543,43145,NULL,'2015-06-15 17:29:11',NULL,'2015-06-15 17:29:11',NULL,NULL,NULL,NULL,NULL,NULL,0,0,0,0,0,NULL,0,0,0,0,0),
(122255,1,543,43146,NULL,'2015-06-15 17:29:11',NULL,'2015-06-15 17:29:11',NULL,NULL,NULL,NULL,NULL,NULL,0,1,0,1,0,0,0,1,0,1,0),
(122256,2,543,43146,NULL,'2015-06-15 17:29:11',NULL,'2015-06-15 17:29:11',NULL,NULL,NULL,NULL,NULL,NULL,0,1,0,1,0,NULL,0,1,0,1,0),
(122257,3,543,43146,NULL,'2015-06-15 17:29:11',NULL,'2015-06-15 17:29:11',NULL,NULL,NULL,NULL,NULL,NULL,0,1,0,1,0,NULL,0,1,0,1,0),
(122258,4,543,43146,NULL,'2015-06-15 17:29:11',NULL,'2015-06-15 17:29:11',NULL,NULL,NULL,NULL,NULL,NULL,0,1,0,1,0,NULL,0,1,0,1,0),
(122259,5,543,43146,NULL,'2015-06-15 17:29:11',NULL,'2015-06-15 17:29:11',NULL,NULL,NULL,NULL,NULL,NULL,0,0,0,0,0,NULL,0,0,0,0,0),
(122260,6,543,43146,NULL,'2015-06-15 17:29:11',NULL,'2015-06-15 17:29:11',NULL,NULL,NULL,NULL,NULL,NULL,0,0,0,0,0,NULL,0,0,0,0,0),
(122261,1,543,43147,NULL,'2015-06-15 17:29:11',NULL,'2015-06-15 17:29:11',NULL,NULL,NULL,NULL,NULL,NULL,0,1,0,1,0,0,0,1,0,1,0),
(122262,2,543,43147,NULL,'2015-06-15 17:29:11',NULL,'2015-06-15 17:29:11',NULL,NULL,NULL,NULL,NULL,NULL,0,1,0,1,0,NULL,0,1,0,1,0),
(122263,3,543,43147,NULL,'2015-06-15 17:29:11',NULL,'2015-06-15 17:29:11',NULL,NULL,NULL,NULL,NULL,NULL,0,1,0,1,0,NULL,0,1,0,1,0),
(122264,4,543,43147,NULL,'2015-06-15 17:29:11',NULL,'2015-06-15 17:29:11',NULL,NULL,NULL,NULL,NULL,NULL,0,1,0,1,0,NULL,0,1,0,1,0),
(122265,5,543,43147,NULL,'2015-06-15 17:29:11',NULL,'2015-06-15 17:29:11',NULL,NULL,NULL,NULL,NULL,NULL,0,0,0,0,0,NULL,0,0,0,0,0),
(122266,6,543,43147,NULL,'2015-06-15 17:29:11',NULL,'2015-06-15 17:29:11',NULL,NULL,NULL,NULL,NULL,NULL,0,0,0,0,0,NULL,0,0,0,0,0),
(122267,1,543,43149,NULL,'2015-06-15 17:29:11',NULL,'2015-06-15 17:29:11',NULL,NULL,NULL,NULL,NULL,NULL,0,1,0,1,0,0,0,1,0,1,0),
(122268,2,543,43149,NULL,'2015-06-15 17:29:11',NULL,'2015-06-15 17:29:11',NULL,NULL,NULL,NULL,NULL,NULL,0,0,0,0,0,NULL,0,0,0,0,0),
(122269,3,543,43149,NULL,'2015-06-15 17:29:11',NULL,'2015-06-15 17:29:11',NULL,NULL,NULL,NULL,NULL,NULL,0,0,0,0,0,NULL,0,0,0,0,0),
(122270,4,543,43149,NULL,'2015-06-15 17:29:11',NULL,'2015-06-15 17:29:11',NULL,NULL,NULL,NULL,NULL,NULL,0,0,0,0,0,NULL,0,0,0,0,0),
(122271,5,543,43149,NULL,'2015-06-15 17:29:11',NULL,'2015-06-15 17:29:11',NULL,NULL,NULL,NULL,NULL,NULL,0,0,0,0,0,NULL,0,0,0,0,0),
(122272,6,543,43149,NULL,'2015-06-15 17:29:11',NULL,'2015-06-15 17:29:11',NULL,NULL,NULL,NULL,NULL,NULL,0,0,0,0,0,NULL,0,0,0,0,0),
(122273,1,542,43151,NULL,'2015-06-29 18:50:10',NULL,'2015-06-29 18:50:10',NULL,NULL,NULL,NULL,NULL,NULL,0,0,0,0,0,0,0,0,0,0,0),
(122274,2,542,43151,NULL,'2015-06-29 18:50:10',NULL,'2015-06-29 18:50:10',NULL,NULL,NULL,NULL,NULL,NULL,0,0,0,0,0,NULL,0,0,0,0,0),
(122275,3,542,43151,NULL,'2015-06-29 18:50:10',NULL,'2015-06-29 18:50:10',NULL,NULL,NULL,NULL,NULL,NULL,0,0,0,0,0,NULL,0,0,0,0,0),
(122276,4,542,43151,NULL,'2015-06-29 18:50:10',NULL,'2015-06-29 18:50:10',NULL,NULL,NULL,NULL,NULL,NULL,0,0,0,0,0,NULL,0,0,0,0,0),
(122277,1,542,43152,NULL,'2015-07-01 13:24:25',NULL,'2015-07-01 13:24:25',NULL,NULL,NULL,NULL,NULL,NULL,1,1,1,1,1,1,1,1,1,1,1),
(122278,2,542,43152,NULL,'2015-07-01 13:24:25',NULL,'2015-07-01 13:24:25',NULL,NULL,NULL,NULL,NULL,NULL,1,1,1,1,1,NULL,1,1,1,1,1),
(122279,3,542,43152,NULL,'2015-07-01 13:24:25',NULL,'2015-07-01 13:24:25',NULL,NULL,NULL,NULL,NULL,NULL,1,1,1,1,1,NULL,1,1,1,1,1),
(122280,4,542,43152,NULL,'2015-07-01 13:24:25',NULL,'2015-07-01 13:24:25',NULL,NULL,NULL,NULL,NULL,NULL,1,1,1,1,1,NULL,1,1,1,1,1),
(122281,1,542,43153,NULL,'2015-07-21 21:12:33',NULL,'2015-07-22 18:47:26',NULL,NULL,NULL,NULL,NULL,NULL,1,1,0,1,0,0,1,1,0,1,0),
(122282,2,542,43153,NULL,'2015-07-21 21:12:33',NULL,'2015-07-22 18:47:26',NULL,NULL,NULL,NULL,NULL,NULL,1,1,0,1,0,NULL,1,1,0,1,0),
(122283,3,542,43153,NULL,'2015-07-21 21:12:33',NULL,'2015-07-22 18:47:26',NULL,NULL,NULL,NULL,NULL,NULL,1,1,0,1,0,NULL,1,1,0,1,0),
(122284,4,542,43153,NULL,'2015-07-21 21:12:33',NULL,'2015-07-22 18:47:26',NULL,NULL,NULL,NULL,NULL,NULL,1,1,0,1,0,NULL,1,1,0,1,0);
/*!40000 ALTER TABLE `org_permissionset_features` ENABLE KEYS */;
UNLOCK TABLES;

--
-- Table structure for table `org_permissionset_metadata`
--

DROP TABLE IF EXISTS `org_permissionset_metadata`;
/*!40101 SET @saved_cs_client     = @@character_set_client */;
/*!40101 SET character_set_client = utf8 */;
CREATE TABLE `org_permissionset_metadata` (
  `id` int(11) NOT NULL AUTO_INCREMENT,
  `organization_id` int(11) DEFAULT NULL,
  `org_permissionset_id` int(11) DEFAULT NULL,
  `org_metadata_id` int(11) DEFAULT NULL,
  `created_by` int(11) DEFAULT NULL,
  `created_at` datetime DEFAULT NULL,
  `modified_by` int(11) DEFAULT NULL,
  `modified_at` datetime DEFAULT NULL,
  `deleted_by` int(11) DEFAULT NULL,
  `deleted_at` datetime DEFAULT NULL,
  PRIMARY KEY (`id`),
  KEY `IDX_A3267BC432C8A3DE` (`organization_id`),
  KEY `IDX_A3267BC47ABB76BC` (`org_permissionset_id`),
  KEY `IDX_A3267BC44012B3BF` (`org_metadata_id`),
  CONSTRAINT `FK_A3267BC432C8A3DE` FOREIGN KEY (`organization_id`) REFERENCES `organization` (`id`),
  CONSTRAINT `FK_A3267BC44012B3BF` FOREIGN KEY (`org_metadata_id`) REFERENCES `org_metadata` (`id`),
  CONSTRAINT `FK_A3267BC47ABB76BC` FOREIGN KEY (`org_permissionset_id`) REFERENCES `org_permissionset` (`id`)
) ENGINE=InnoDB AUTO_INCREMENT=549 DEFAULT CHARSET=utf8 COLLATE=utf8_unicode_ci;
/*!40101 SET character_set_client = @saved_cs_client */;

--
-- Dumping data for table `org_permissionset_metadata`
--

LOCK TABLES `org_permissionset_metadata` WRITE;
/*!40000 ALTER TABLE `org_permissionset_metadata` DISABLE KEYS */;
INSERT INTO `org_permissionset_metadata` VALUES
(527,542,36293,392,NULL,'2015-05-13 17:11:56',NULL,'2015-05-13 17:11:56',NULL,NULL),
(528,542,36293,393,NULL,'2015-05-13 17:11:56',NULL,'2015-05-13 17:11:56',NULL,NULL),
(529,542,36293,394,NULL,'2015-05-13 17:11:56',NULL,'2015-05-13 17:11:56',NULL,NULL),
(530,542,36295,393,NULL,'2015-05-13 19:26:51',NULL,'2015-05-13 19:26:51',NULL,NULL),
(531,542,36296,392,NULL,'2015-05-13 19:27:35',NULL,'2015-05-13 19:27:35',NULL,NULL),
(532,542,36296,394,NULL,'2015-05-13 19:27:35',NULL,'2015-05-13 19:27:35',NULL,NULL),
(533,542,36297,392,NULL,'2015-05-13 19:28:47',NULL,'2015-05-13 19:28:47',NULL,NULL),
(534,542,36297,393,NULL,'2015-05-13 19:28:47',NULL,'2015-05-13 19:28:47',NULL,NULL),
(535,542,36297,394,NULL,'2015-05-13 19:28:47',NULL,'2015-05-13 19:28:47',NULL,NULL),
(536,542,36298,393,NULL,'2015-05-13 19:29:55',NULL,'2015-05-13 19:29:55',NULL,NULL),
(537,542,36299,393,NULL,'2015-05-13 19:30:54',NULL,'2015-05-13 19:30:54',NULL,NULL),
(538,542,36300,393,NULL,'2015-05-13 19:32:53',NULL,'2015-05-13 19:32:53',NULL,'2015-07-17 15:20:34'),
(539,542,36301,392,NULL,'2015-05-13 19:34:51',NULL,'2015-05-13 19:34:51',NULL,NULL),
(540,542,36301,393,NULL,'2015-05-13 19:34:51',NULL,'2015-05-13 19:34:51',NULL,NULL),
(541,542,36301,394,NULL,'2015-05-13 19:34:51',NULL,'2015-05-13 19:34:51',NULL,NULL),
(542,542,36303,392,NULL,'2015-05-13 19:35:55',NULL,'2015-05-13 19:35:55',NULL,NULL),
(543,542,36303,393,NULL,'2015-05-13 19:35:55',NULL,'2015-05-13 19:35:55',NULL,NULL),
(544,542,36303,394,NULL,'2015-05-13 19:35:55',NULL,'2015-05-13 19:35:55',NULL,NULL),
(545,542,36303,424,NULL,'2015-07-07 18:45:08',NULL,'2015-07-07 18:45:08',NULL,NULL),
(546,542,36299,392,NULL,'2015-07-17 15:19:13',NULL,'2015-07-17 15:19:13',NULL,NULL),
(547,542,36299,394,NULL,'2015-07-17 15:19:13',NULL,'2015-07-17 15:19:13',NULL,NULL),
(548,542,36299,424,NULL,'2015-07-17 15:19:13',NULL,'2015-07-17 15:19:13',NULL,NULL);
/*!40000 ALTER TABLE `org_permissionset_metadata` ENABLE KEYS */;
UNLOCK TABLES;

--
-- Table structure for table `org_permissionset_question`
--

DROP TABLE IF EXISTS `org_permissionset_question`;
/*!40101 SET @saved_cs_client     = @@character_set_client */;
/*!40101 SET character_set_client = utf8 */;
CREATE TABLE `org_permissionset_question` (
  `id` int(11) NOT NULL AUTO_INCREMENT,
  `organization_id` int(11) DEFAULT NULL,
  `org_permissionset_id` int(11) DEFAULT NULL,
  `org_question_id` int(11) DEFAULT NULL,
  `created_by` int(11) DEFAULT NULL,
  `created_at` datetime DEFAULT NULL,
  `modified_by` int(11) DEFAULT NULL,
  `modified_at` datetime DEFAULT NULL,
  `deleted_by` int(11) DEFAULT NULL,
  `deleted_at` datetime DEFAULT NULL,
  `survey_id` int(11) DEFAULT NULL,
  `cohort_code` int(11) DEFAULT NULL,
  PRIMARY KEY (`id`),
  KEY `IDX_5AC5069E32C8A3DE` (`organization_id`),
  KEY `IDX_5AC5069E7ABB76BC` (`org_permissionset_id`),
  KEY `IDX_5AC5069E82ABAC59` (`org_question_id`),
  KEY `IDX_5AC5069EB3FE509D` (`survey_id`),
  CONSTRAINT `FK_5AC5069E32C8A3DE` FOREIGN KEY (`organization_id`) REFERENCES `organization` (`id`),
  CONSTRAINT `FK_5AC5069E7ABB76BC` FOREIGN KEY (`org_permissionset_id`) REFERENCES `org_permissionset` (`id`),
  CONSTRAINT `FK_5AC5069E82ABAC59` FOREIGN KEY (`org_question_id`) REFERENCES `org_question` (`id`),
  CONSTRAINT `FK_5AC5069EB3FE509D` FOREIGN KEY (`survey_id`) REFERENCES `survey` (`id`)
) ENGINE=InnoDB DEFAULT CHARSET=utf8 COLLATE=utf8_unicode_ci;
/*!40101 SET character_set_client = @saved_cs_client */;

--
-- Dumping data for table `org_permissionset_question`
--

LOCK TABLES `org_permissionset_question` WRITE;
/*!40000 ALTER TABLE `org_permissionset_question` DISABLE KEYS */;
/*!40000 ALTER TABLE `org_permissionset_question` ENABLE KEYS */;
UNLOCK TABLES;

--
-- Table structure for table `org_person_faculty`
--

DROP TABLE IF EXISTS `org_person_faculty`;
/*!40101 SET @saved_cs_client     = @@character_set_client */;
/*!40101 SET character_set_client = utf8 */;
CREATE TABLE `org_person_faculty` (
  `id` int(11) NOT NULL AUTO_INCREMENT,
  `organization_id` int(11) DEFAULT NULL,
  `person_id` int(11) DEFAULT NULL,
  `created_by` int(11) DEFAULT NULL,
  `created_at` datetime DEFAULT NULL,
  `modified_by` int(11) DEFAULT NULL,
  `modified_at` datetime DEFAULT NULL,
  `deleted_by` int(11) DEFAULT NULL,
  `deleted_at` datetime DEFAULT NULL,
  `status` varchar(1) COLLATE utf8_unicode_ci DEFAULT NULL,
  `maf_to_pcs_is_active` enum('y','n','i') COLLATE utf8_unicode_ci DEFAULT NULL,
  `pcs_to_maf_is_active` enum('y','n') COLLATE utf8_unicode_ci DEFAULT NULL,
  `google_client_id` varchar(100) COLLATE utf8_unicode_ci DEFAULT NULL,
  `google_email_id` varchar(100) COLLATE utf8_unicode_ci DEFAULT NULL,
  `google_p12_filename` varchar(255) COLLATE utf8_unicode_ci DEFAULT NULL,
  `google_page_token` varchar(130) COLLATE utf8_unicode_ci DEFAULT NULL,
  `google_sync_token` varchar(130) COLLATE utf8_unicode_ci DEFAULT NULL,
  `msexchange_sync_state` varchar(130) COLLATE utf8_unicode_ci DEFAULT NULL,
  PRIMARY KEY (`id`),
  KEY `IDX_3C3D059132C8A3DE` (`organization_id`),
  KEY `IDX_3C3D0591217BBB47` (`person_id`),
  KEY `deleted_at_idx` (`deleted_at`),
  KEY `FK_3C3D059132C8A3DE_idx` (`organization_id`,`person_id`,`deleted_at`),
  KEY `FK_3C3D0591217BBB47_idx` (`person_id`,`organization_id`,`deleted_at`),
  CONSTRAINT `FK_3C3D0591217BBB47` FOREIGN KEY (`person_id`) REFERENCES `person` (`id`),
  CONSTRAINT `FK_3C3D059132C8A3DE` FOREIGN KEY (`organization_id`) REFERENCES `organization` (`id`)
) ENGINE=InnoDB AUTO_INCREMENT=53169 DEFAULT CHARSET=utf8 COLLATE=utf8_unicode_ci;
/*!40101 SET character_set_client = @saved_cs_client */;

--
-- Dumping data for table `org_person_faculty`
--

LOCK TABLES `org_person_faculty` WRITE;
/*!40000 ALTER TABLE `org_person_faculty` DISABLE KEYS */;
INSERT INTO `org_person_faculty` VALUES
(53019,542,99385,NULL,'2015-05-11 21:54:11',NULL,'2015-05-11 21:54:11',NULL,NULL,NULL,NULL,NULL,NULL,NULL,NULL,NULL,NULL,NULL),
(53027,542,99435,NULL,'2015-05-13 17:02:17',NULL,'2015-05-13 17:02:17',NULL,NULL,NULL,NULL,NULL,NULL,NULL,NULL,NULL,NULL,NULL),
(53028,542,99436,NULL,'2015-05-13 17:02:17',NULL,'2015-05-13 17:02:17',NULL,NULL,NULL,NULL,NULL,NULL,NULL,NULL,NULL,NULL,NULL),
(53029,542,99437,NULL,'2015-05-13 17:02:17',NULL,'2015-05-13 17:02:17',NULL,NULL,NULL,NULL,NULL,NULL,NULL,NULL,NULL,NULL,NULL),
(53030,542,99438,NULL,'2015-05-13 17:02:17',NULL,'2015-05-13 17:02:17',NULL,NULL,NULL,NULL,NULL,NULL,NULL,NULL,NULL,NULL,NULL),
(53031,542,99439,NULL,'2015-05-13 17:02:18',NULL,'2015-05-13 17:02:18',NULL,NULL,NULL,NULL,NULL,NULL,NULL,NULL,NULL,NULL,NULL),
(53032,542,99440,NULL,'2015-05-13 17:02:18',NULL,'2015-05-13 17:02:18',NULL,NULL,NULL,NULL,NULL,NULL,NULL,NULL,NULL,NULL,NULL),
(53033,542,99441,NULL,'2015-05-13 17:02:18',NULL,'2015-05-13 17:02:18',NULL,NULL,NULL,NULL,NULL,NULL,NULL,NULL,NULL,NULL,NULL),
(53034,542,99442,NULL,'2015-05-13 17:02:18',NULL,'2015-05-13 17:02:18',NULL,NULL,NULL,NULL,NULL,NULL,NULL,NULL,NULL,NULL,NULL),
(53035,542,99443,NULL,'2015-05-13 17:02:18',NULL,'2015-05-13 17:02:18',NULL,NULL,NULL,NULL,NULL,NULL,NULL,NULL,NULL,NULL,NULL),
(53036,542,99444,NULL,'2015-05-13 17:02:19',NULL,'2015-05-13 17:02:19',NULL,NULL,NULL,NULL,NULL,NULL,NULL,NULL,NULL,NULL,NULL),
(53037,542,99445,NULL,'2015-05-13 17:02:19',NULL,'2015-05-13 17:02:19',NULL,NULL,NULL,NULL,NULL,NULL,NULL,NULL,NULL,NULL,NULL),
(53038,542,99446,NULL,'2015-05-13 17:02:19',NULL,'2015-05-13 17:02:19',NULL,NULL,NULL,NULL,NULL,NULL,NULL,NULL,NULL,NULL,NULL),
(53039,542,99447,NULL,'2015-05-13 17:02:19',NULL,'2015-05-13 17:02:19',NULL,NULL,NULL,NULL,NULL,NULL,NULL,NULL,NULL,NULL,NULL),
(53160,542,99704,NULL,'2015-05-20 14:23:11',NULL,'2015-05-20 14:23:11',NULL,NULL,NULL,NULL,NULL,NULL,NULL,NULL,NULL,NULL,NULL),
(53161,543,99705,NULL,'2015-06-15 17:31:01',NULL,'2015-06-15 17:31:01',NULL,NULL,NULL,NULL,NULL,NULL,NULL,NULL,NULL,NULL,NULL),
(53162,542,99707,NULL,'2015-06-23 18:03:48',NULL,'2015-06-23 18:03:48',NULL,NULL,NULL,NULL,NULL,NULL,NULL,NULL,NULL,NULL,NULL),
(53163,542,99708,NULL,'2015-06-23 18:05:47',NULL,'2015-06-23 18:05:47',NULL,NULL,NULL,NULL,NULL,NULL,NULL,NULL,NULL,NULL,NULL),
(53164,542,99709,NULL,'2015-06-23 18:09:21',NULL,'2015-06-23 18:09:21',NULL,NULL,NULL,NULL,NULL,NULL,NULL,NULL,NULL,NULL,NULL),
(53165,542,99710,NULL,'2015-07-02 15:55:30',NULL,'2015-07-02 15:55:30',NULL,NULL,NULL,NULL,NULL,NULL,NULL,NULL,NULL,NULL,NULL),
(53166,542,99711,NULL,'2015-07-15 20:12:04',NULL,'2015-07-15 20:12:04',NULL,NULL,NULL,NULL,NULL,NULL,NULL,NULL,NULL,NULL,NULL),
(53167,542,99712,NULL,'2015-07-15 20:12:29',NULL,'2015-07-15 20:12:29',NULL,NULL,NULL,NULL,NULL,NULL,NULL,NULL,NULL,NULL,NULL),
(53168,546,99714,NULL,'2015-07-27 19:34:30',NULL,'2015-07-27 19:34:30',NULL,NULL,NULL,NULL,NULL,NULL,NULL,NULL,NULL,NULL,NULL);
/*!40000 ALTER TABLE `org_person_faculty` ENABLE KEYS */;
UNLOCK TABLES;

--
-- Temporary table structure for view `org_person_riskvariable`
--

DROP TABLE IF EXISTS `org_person_riskvariable`;
/*!50001 DROP VIEW IF EXISTS `org_person_riskvariable`*/;
SET @saved_cs_client     = @@character_set_client;
SET character_set_client = utf8;
/*!50001 CREATE TABLE `org_person_riskvariable` (
  `org_id` tinyint NOT NULL,
  `person_id` tinyint NOT NULL,
  `risk_variable_id` tinyint NOT NULL,
  `source` tinyint NOT NULL,
  `variable_type` tinyint NOT NULL,
  `calc_type` tinyint NOT NULL,
  `risk_group_id` tinyint NOT NULL,
  `calculation_end_date` tinyint NOT NULL,
  `calculation_start_date` tinyint NOT NULL,
  `risk_model_id` tinyint NOT NULL,
  `weight` tinyint NOT NULL,
  `modified_at` tinyint NOT NULL
) ENGINE=MyISAM */;
SET character_set_client = @saved_cs_client;

--
-- Temporary table structure for view `org_person_riskvariable_datum`
--

DROP TABLE IF EXISTS `org_person_riskvariable_datum`;
/*!50001 DROP VIEW IF EXISTS `org_person_riskvariable_datum`*/;
SET @saved_cs_client     = @@character_set_client;
SET character_set_client = utf8;
/*!50001 CREATE TABLE `org_person_riskvariable_datum` (
  `org_id` tinyint NOT NULL,
  `person_id` tinyint NOT NULL,
  `risk_variable_id` tinyint NOT NULL,
  `source_value` tinyint NOT NULL,
  `modified_at` tinyint NOT NULL,
  `created_at` tinyint NOT NULL,
  `scope` tinyint NOT NULL,
  `org_academic_year_id` tinyint NOT NULL,
  `org_academic_terms_id` tinyint NOT NULL
) ENGINE=MyISAM */;
SET character_set_client = @saved_cs_client;

--
-- Table structure for table `org_person_student`
--

DROP TABLE IF EXISTS `org_person_student`;
/*!40101 SET @saved_cs_client     = @@character_set_client */;
/*!40101 SET character_set_client = utf8 */;
CREATE TABLE `org_person_student` (
  `id` int(11) NOT NULL AUTO_INCREMENT,
  `organization_id` int(11) DEFAULT NULL,
  `person_id` int(11) DEFAULT NULL,
  `created_by` int(11) DEFAULT NULL,
  `created_at` datetime DEFAULT NULL,
  `modified_by` int(11) DEFAULT NULL,
  `modified_at` datetime DEFAULT NULL,
  `deleted_by` int(11) DEFAULT NULL,
  `deleted_at` datetime DEFAULT NULL,
  `status` varchar(1) COLLATE utf8_unicode_ci DEFAULT NULL,
  `photo_url` varchar(200) COLLATE utf8_unicode_ci DEFAULT NULL,
  `receivesurvey` varchar(1) COLLATE utf8_unicode_ci DEFAULT NULL,
  `surveycohort` varchar(45) COLLATE utf8_unicode_ci DEFAULT NULL,
  `person_id_primary_connect` int(11) DEFAULT NULL,
  `is_home_campus` varchar(1) COLLATE utf8_unicode_ci DEFAULT NULL,
  `is_privacy_policy_accepted` enum('y','n') COLLATE utf8_unicode_ci DEFAULT 'n',
  `privacy_policy_accepted_date` datetime DEFAULT NULL,
  PRIMARY KEY (`id`),
  KEY `IDX_9C88CAE1DE12AB56` (`created_by`),
  KEY `IDX_9C88CAE125F94802` (`modified_by`),
  KEY `IDX_9C88CAE11F6FA0AF` (`deleted_by`),
  KEY `IDX_9C88CAE132C8A3DE` (`organization_id`),
  KEY `IDX_9C88CAE1217BBB47` (`person_id`),
  KEY `IDX_9C88CAE18661B904` (`person_id_primary_connect`),
  KEY `deleted_at_idx` (`deleted_at`),
  KEY `fk_org_person_student_organization1` (`organization_id`,`person_id`,`deleted_at`),
  KEY `fk_org_person_student_person1` (`person_id`,`organization_id`,`deleted_at`),
  CONSTRAINT `FK_9C88CAE11F6FA0AF` FOREIGN KEY (`deleted_by`) REFERENCES `person` (`id`),
  CONSTRAINT `FK_9C88CAE1217BBB47` FOREIGN KEY (`person_id`) REFERENCES `person` (`id`),
  CONSTRAINT `FK_9C88CAE125F94802` FOREIGN KEY (`modified_by`) REFERENCES `person` (`id`),
  CONSTRAINT `FK_9C88CAE132C8A3DE` FOREIGN KEY (`organization_id`) REFERENCES `organization` (`id`),
  CONSTRAINT `FK_9C88CAE18661B904` FOREIGN KEY (`person_id_primary_connect`) REFERENCES `person` (`id`),
  CONSTRAINT `FK_9C88CAE1DE12AB56` FOREIGN KEY (`created_by`) REFERENCES `person` (`id`)
) ENGINE=InnoDB AUTO_INCREMENT=46466 DEFAULT CHARSET=utf8 COLLATE=utf8_unicode_ci;
/*!40101 SET character_set_client = @saved_cs_client */;

--
-- Dumping data for table `org_person_student`
--

LOCK TABLES `org_person_student` WRITE;
/*!40000 ALTER TABLE `org_person_student` DISABLE KEYS */;
INSERT INTO `org_person_student` VALUES
(46440,542,99410,NULL,'2015-05-13 17:01:48',NULL,'2015-05-13 17:01:48',NULL,NULL,'1',NULL,NULL,NULL,NULL,NULL,'n',NULL),
(46441,542,99411,NULL,'2015-05-13 17:01:48',NULL,'2015-05-13 17:01:48',NULL,NULL,'1',NULL,NULL,NULL,NULL,NULL,'n',NULL),
(46442,542,99412,NULL,'2015-05-13 17:01:49',NULL,'2015-05-13 17:01:49',NULL,NULL,'1',NULL,NULL,NULL,NULL,NULL,'n',NULL),
(46443,542,99413,NULL,'2015-05-13 17:01:49',NULL,'2015-05-13 17:01:49',NULL,NULL,'1',NULL,NULL,NULL,NULL,NULL,'n',NULL),
(46444,542,99414,NULL,'2015-05-13 17:01:49',NULL,'2015-05-13 17:01:49',NULL,NULL,'1',NULL,NULL,NULL,NULL,NULL,'n',NULL),
(46445,542,99415,NULL,'2015-05-13 17:01:49',NULL,'2015-05-13 17:01:49',NULL,NULL,'1',NULL,NULL,NULL,NULL,NULL,'n',NULL),
(46446,542,99416,NULL,'2015-05-13 17:01:49',NULL,'2015-05-13 17:01:49',NULL,NULL,'1',NULL,NULL,NULL,NULL,NULL,'n',NULL),
(46447,542,99417,NULL,'2015-05-13 17:01:50',NULL,'2015-05-13 17:01:50',NULL,NULL,'1',NULL,NULL,NULL,NULL,NULL,'n',NULL),
(46448,542,99418,NULL,'2015-05-13 17:01:50',NULL,'2015-05-13 17:01:50',NULL,NULL,'1',NULL,NULL,NULL,NULL,NULL,'n',NULL),
(46449,542,99419,NULL,'2015-05-13 17:01:50',NULL,'2015-05-13 17:01:50',NULL,NULL,'1',NULL,NULL,NULL,NULL,NULL,'n',NULL),
(46450,542,99420,NULL,'2015-05-13 17:01:50',NULL,'2015-05-13 17:01:50',NULL,NULL,'1',NULL,NULL,NULL,NULL,NULL,'n',NULL),
(46451,542,99421,NULL,'2015-05-13 17:01:50',NULL,'2015-05-13 17:01:50',NULL,NULL,'1',NULL,NULL,NULL,NULL,NULL,'n',NULL),
(46452,542,99422,NULL,'2015-05-13 17:01:51',NULL,'2015-05-13 17:01:51',NULL,NULL,'1',NULL,NULL,NULL,NULL,NULL,'n',NULL),
(46453,542,99423,NULL,'2015-05-13 17:01:51',NULL,'2015-05-13 17:01:51',NULL,NULL,'1',NULL,NULL,NULL,NULL,NULL,'n',NULL),
(46454,542,99424,NULL,'2015-05-13 17:01:51',NULL,'2015-05-13 17:01:51',NULL,NULL,'1',NULL,NULL,NULL,NULL,NULL,'n',NULL),
(46455,542,99425,NULL,'2015-05-13 17:01:51',NULL,'2015-05-13 17:01:51',NULL,NULL,'1',NULL,NULL,NULL,NULL,NULL,'n',NULL),
(46456,542,99426,NULL,'2015-05-13 17:01:51',NULL,'2015-05-13 17:01:51',NULL,NULL,'1',NULL,NULL,NULL,NULL,NULL,'n',NULL),
(46457,542,99427,NULL,'2015-05-13 17:01:52',NULL,'2015-05-13 17:01:52',NULL,NULL,'1',NULL,NULL,NULL,NULL,NULL,'n',NULL),
(46458,542,99428,NULL,'2015-05-13 17:01:52',NULL,'2015-05-13 17:01:52',NULL,NULL,'1',NULL,NULL,NULL,NULL,NULL,'n',NULL),
(46459,542,99429,NULL,'2015-05-13 17:01:52',NULL,'2015-05-13 17:01:52',NULL,NULL,'1',NULL,NULL,NULL,NULL,NULL,'n',NULL),
(46460,542,99430,NULL,'2015-05-13 17:01:52',NULL,'2015-05-13 17:01:52',NULL,NULL,'1',NULL,NULL,NULL,NULL,NULL,'n',NULL),
(46461,542,99431,NULL,'2015-05-13 17:01:52',NULL,'2015-05-13 17:01:52',NULL,NULL,'1',NULL,NULL,NULL,NULL,NULL,'n',NULL),
(46462,542,99432,NULL,'2015-05-13 17:01:53',NULL,'2015-05-13 17:01:53',NULL,NULL,'1',NULL,NULL,NULL,NULL,NULL,'n',NULL),
(46463,542,99433,NULL,'2015-05-13 17:01:53',NULL,'2015-05-13 17:01:53',NULL,NULL,'1',NULL,NULL,NULL,NULL,NULL,'n',NULL),
(46464,542,99434,NULL,'2015-05-13 17:01:53',NULL,'2015-05-13 17:01:53',NULL,NULL,'1',NULL,NULL,NULL,NULL,NULL,'n',NULL),
(46465,543,99713,NULL,'2015-07-27 14:20:46',NULL,'2015-07-27 14:20:46',NULL,NULL,NULL,NULL,NULL,NULL,NULL,NULL,'n',NULL);
/*!40000 ALTER TABLE `org_person_student` ENABLE KEYS */;
UNLOCK TABLES;

--
-- Table structure for table `org_person_student_survey_link`
--

DROP TABLE IF EXISTS `org_person_student_survey_link`;
/*!40101 SET @saved_cs_client     = @@character_set_client */;
/*!40101 SET character_set_client = utf8 */;
CREATE TABLE `org_person_student_survey_link` (
  `id` int(11) NOT NULL AUTO_INCREMENT,
  `created_by` int(11) DEFAULT NULL,
  `modified_by` int(11) DEFAULT NULL,
  `deleted_by` int(11) DEFAULT NULL,
  `org_id` int(11) DEFAULT NULL,
  `person_id` int(11) DEFAULT NULL,
  `org_academic_year_id` int(11) DEFAULT NULL,
  `survey_id` int(11) DEFAULT NULL,
  `created_at` datetime DEFAULT NULL,
  `modified_at` datetime DEFAULT NULL,
  `deleted_at` datetime DEFAULT NULL,
  `cohort` varchar(20) COLLATE utf8_unicode_ci DEFAULT NULL,
  `survey_link` varchar(500) COLLATE utf8_unicode_ci DEFAULT NULL,
  `survey_assigned_date` datetime DEFAULT NULL,
  `survey_completion_date` datetime DEFAULT NULL,
  `survey_completion_status` enum('Assigned','InProgress','CompletedMandatory','CompletedAll') COLLATE utf8_unicode_ci DEFAULT NULL,
  `survey_opt_out_status` enum('Yes','No') COLLATE utf8_unicode_ci DEFAULT NULL,
  `Has_Responses` enum('Yes','No') COLLATE utf8_unicode_ci NOT NULL DEFAULT 'No',
  `receivesurvey` int(11) NOT NULL DEFAULT '1',
  PRIMARY KEY (`id`),
  KEY `IDX_E7BDE868DE12AB56` (`created_by`),
  KEY `IDX_E7BDE86825F94802` (`modified_by`),
  KEY `IDX_E7BDE8681F6FA0AF` (`deleted_by`),
  KEY `fk_org_person_student_survey_link_org_academic_year1_idx` (`org_academic_year_id`),
  KEY `fk_org_person_student_survey_link_organization1_idx` (`org_id`),
  KEY `fk_org_person_student_survey_link_person1_idx` (`person_id`),
  KEY `completion_status` (`survey_completion_status`),
  KEY `fk_org_person_student_survey_link_survey1_idx` (`survey_id`,`org_id`,`person_id`),
  CONSTRAINT `FK_E7BDE8681F6FA0AF` FOREIGN KEY (`deleted_by`) REFERENCES `person` (`id`),
  CONSTRAINT `FK_E7BDE868217BBB47` FOREIGN KEY (`person_id`) REFERENCES `person` (`id`),
  CONSTRAINT `FK_E7BDE86825F94802` FOREIGN KEY (`modified_by`) REFERENCES `person` (`id`),
  CONSTRAINT `FK_E7BDE868B3FE509D` FOREIGN KEY (`survey_id`) REFERENCES `survey` (`id`),
  CONSTRAINT `FK_E7BDE868DE12AB56` FOREIGN KEY (`created_by`) REFERENCES `person` (`id`),
  CONSTRAINT `FK_E7BDE868F3B0CE4A` FOREIGN KEY (`org_academic_year_id`) REFERENCES `org_academic_year` (`id`),
  CONSTRAINT `FK_E7BDE868F4837C1B` FOREIGN KEY (`org_id`) REFERENCES `organization` (`id`)
) ENGINE=InnoDB DEFAULT CHARSET=utf8 COLLATE=utf8_unicode_ci;
/*!40101 SET character_set_client = @saved_cs_client */;

--
-- Dumping data for table `org_person_student_survey_link`
--

LOCK TABLES `org_person_student_survey_link` WRITE;
/*!40000 ALTER TABLE `org_person_student_survey_link` DISABLE KEYS */;
/*!40000 ALTER TABLE `org_person_student_survey_link` ENABLE KEYS */;
UNLOCK TABLES;

--
-- Table structure for table `org_question`
--

DROP TABLE IF EXISTS `org_question`;
/*!40101 SET @saved_cs_client     = @@character_set_client */;
/*!40101 SET character_set_client = utf8 */;
CREATE TABLE `org_question` (
  `id` int(11) NOT NULL AUTO_INCREMENT,
  `organization_id` int(11) DEFAULT NULL,
  `question_type_id` varchar(4) COLLATE utf8_unicode_ci DEFAULT NULL,
  `question_category_id` int(11) DEFAULT NULL,
  `created_by` int(11) DEFAULT NULL,
  `created_at` datetime DEFAULT NULL,
  `modified_by` int(11) DEFAULT NULL,
  `modified_at` datetime DEFAULT NULL,
  `deleted_by` int(11) DEFAULT NULL,
  `deleted_at` datetime DEFAULT NULL,
  `question_key` varchar(45) COLLATE utf8_unicode_ci DEFAULT NULL,
  `question_text` longtext COLLATE utf8_unicode_ci,
  `external_id` varchar(45) COLLATE utf8_unicode_ci DEFAULT NULL,
  `surveycohort` int(11) DEFAULT NULL,
  PRIMARY KEY (`id`),
  KEY `IDX_CA58D9AD32C8A3DE` (`organization_id`),
  KEY `IDX_CA58D9ADF142426F` (`question_category_id`),
  KEY `fk_org_question_question_type1_idx` (`question_type_id`),
  CONSTRAINT `FK_CA58D9AD32C8A3DE` FOREIGN KEY (`organization_id`) REFERENCES `organization` (`id`),
  CONSTRAINT `FK_CA58D9ADCB90598E` FOREIGN KEY (`question_type_id`) REFERENCES `question_type` (`id`),
  CONSTRAINT `FK_CA58D9ADF142426F` FOREIGN KEY (`question_category_id`) REFERENCES `question_category` (`id`)
) ENGINE=InnoDB DEFAULT CHARSET=utf8 COLLATE=utf8_unicode_ci;
/*!40101 SET character_set_client = @saved_cs_client */;

--
-- Dumping data for table `org_question`
--

LOCK TABLES `org_question` WRITE;
/*!40000 ALTER TABLE `org_question` DISABLE KEYS */;
/*!40000 ALTER TABLE `org_question` ENABLE KEYS */;
UNLOCK TABLES;

--
-- Table structure for table `org_question_branch`
--

DROP TABLE IF EXISTS `org_question_branch`;
/*!40101 SET @saved_cs_client     = @@character_set_client */;
/*!40101 SET character_set_client = utf8 */;
CREATE TABLE `org_question_branch` (
  `id` int(11) NOT NULL AUTO_INCREMENT,
  `created_by` int(11) DEFAULT NULL,
  `modified_by` int(11) DEFAULT NULL,
  `deleted_by` int(11) DEFAULT NULL,
  `created_at` datetime DEFAULT NULL,
  `modified_at` datetime DEFAULT NULL,
  `deleted_at` datetime DEFAULT NULL,
  `survey_id` int(11) DEFAULT NULL,
  `org_question_id` int(11) DEFAULT NULL,
  `survey_question_id` int(11) DEFAULT NULL,
  `ebi_question_options_id` int(11) DEFAULT NULL,
  `branch_type` varchar(5) DEFAULT NULL,
  PRIMARY KEY (`id`),
  KEY `created_by` (`created_by`),
  KEY `modified_by` (`modified_by`),
  KEY `deleted_by` (`deleted_by`),
  KEY `survey_id` (`survey_id`),
  KEY `survey_question_id` (`survey_question_id`),
  KEY `ebi_question_options_id` (`ebi_question_options_id`),
  KEY `org_question_id` (`org_question_id`),
  CONSTRAINT `org_question_branch_ibfk_1` FOREIGN KEY (`created_by`) REFERENCES `person` (`id`),
  CONSTRAINT `org_question_branch_ibfk_2` FOREIGN KEY (`modified_by`) REFERENCES `person` (`id`),
  CONSTRAINT `org_question_branch_ibfk_3` FOREIGN KEY (`deleted_by`) REFERENCES `person` (`id`),
  CONSTRAINT `org_question_branch_ibfk_4` FOREIGN KEY (`survey_id`) REFERENCES `survey` (`id`),
  CONSTRAINT `org_question_branch_ibfk_5` FOREIGN KEY (`survey_question_id`) REFERENCES `survey_questions` (`id`),
  CONSTRAINT `org_question_branch_ibfk_6` FOREIGN KEY (`ebi_question_options_id`) REFERENCES `ebi_question_options` (`id`),
  CONSTRAINT `org_question_branch_ibfk_7` FOREIGN KEY (`org_question_id`) REFERENCES `org_question` (`id`)
) ENGINE=InnoDB DEFAULT CHARSET=latin1;
/*!40101 SET character_set_client = @saved_cs_client */;

--
-- Dumping data for table `org_question_branch`
--

LOCK TABLES `org_question_branch` WRITE;
/*!40000 ALTER TABLE `org_question_branch` DISABLE KEYS */;
/*!40000 ALTER TABLE `org_question_branch` ENABLE KEYS */;
UNLOCK TABLES;

--
-- Table structure for table `org_question_options`
--

DROP TABLE IF EXISTS `org_question_options`;
/*!40101 SET @saved_cs_client     = @@character_set_client */;
/*!40101 SET character_set_client = utf8 */;
CREATE TABLE `org_question_options` (
  `id` int(11) NOT NULL AUTO_INCREMENT,
  `org_question_id` int(11) DEFAULT NULL,
  `organization_id` int(11) DEFAULT NULL,
  `created_by` int(11) DEFAULT NULL,
  `created_at` datetime DEFAULT NULL,
  `modified_by` int(11) DEFAULT NULL,
  `modified_at` datetime DEFAULT NULL,
  `deleted_by` int(11) DEFAULT NULL,
  `deleted_at` datetime DEFAULT NULL,
  `option_name` varchar(45) COLLATE utf8_unicode_ci DEFAULT NULL,
  `option_value` varchar(5000) COLLATE utf8_unicode_ci DEFAULT NULL,
  `sequence` smallint(6) DEFAULT NULL,
  `external_id` varchar(45) COLLATE utf8_unicode_ci DEFAULT NULL,
  PRIMARY KEY (`id`),
  KEY `IDX_E816D5D182ABAC59` (`org_question_id`),
  KEY `IDX_E816D5D132C8A3DE` (`organization_id`),
  CONSTRAINT `FK_E816D5D132C8A3DE` FOREIGN KEY (`organization_id`) REFERENCES `organization` (`id`),
  CONSTRAINT `FK_E816D5D182ABAC59` FOREIGN KEY (`org_question_id`) REFERENCES `org_question` (`id`)
) ENGINE=InnoDB DEFAULT CHARSET=utf8 COLLATE=utf8_unicode_ci;
/*!40101 SET character_set_client = @saved_cs_client */;

--
-- Dumping data for table `org_question_options`
--

LOCK TABLES `org_question_options` WRITE;
/*!40000 ALTER TABLE `org_question_options` DISABLE KEYS */;
/*!40000 ALTER TABLE `org_question_options` ENABLE KEYS */;
UNLOCK TABLES;

--
-- Table structure for table `org_question_response`
--

DROP TABLE IF EXISTS `org_question_response`;
/*!40101 SET @saved_cs_client     = @@character_set_client */;
/*!40101 SET character_set_client = utf8 */;
CREATE TABLE `org_question_response` (
  `id` int(11) NOT NULL AUTO_INCREMENT,
  `created_by` int(11) DEFAULT NULL,
  `modified_by` int(11) DEFAULT NULL,
  `deleted_by` int(11) DEFAULT NULL,
  `org_id` int(11) DEFAULT NULL,
  `person_id` int(11) DEFAULT NULL,
  `survey_id` int(11) DEFAULT NULL,
  `org_academic_year_id` int(11) DEFAULT NULL,
  `org_academic_terms_id` int(11) DEFAULT NULL,
  `org_question_id` int(11) DEFAULT NULL,
  `created_at` datetime DEFAULT NULL,
  `modified_at` datetime DEFAULT NULL,
  `deleted_at` datetime DEFAULT NULL,
  `response_type` enum('decimal','char','charmax') COLLATE utf8_unicode_ci DEFAULT NULL,
  `decimal_value` decimal(9,2) DEFAULT NULL,
  `char_value` varchar(500) COLLATE utf8_unicode_ci DEFAULT NULL,
  `charmax_value` varchar(5000) COLLATE utf8_unicode_ci DEFAULT NULL,
  `org_question_options_id` int(11) DEFAULT NULL,
  `multi_response_id` varchar(100) COLLATE utf8_unicode_ci DEFAULT NULL,
  PRIMARY KEY (`id`),
  UNIQUE KEY `unique_response_key` (`org_id`,`survey_id`,`person_id`,`org_question_id`,`multi_response_id`),
  KEY `IDX_BC4BDC15DE12AB56` (`created_by`),
  KEY `IDX_BC4BDC1525F94802` (`modified_by`),
  KEY `IDX_BC4BDC151F6FA0AF` (`deleted_by`),
  KEY `fk_org_question_response_org_question1_idx` (`org_question_id`),
  KEY `fk_org_question_response_person1_idx` (`person_id`),
  KEY `fk_org_question_response_survey1_idx` (`survey_id`),
  KEY `fk_org_question_response_org_academic_year1_idx` (`org_academic_year_id`),
  KEY `fk_org_question_response_org_academic_terms1_idx` (`org_academic_terms_id`),
  KEY `modified` (`modified_at`,`created_at`),
  KEY `created` (`created_at`),
  KEY `fk_org_question_response_organization1_idx` (`org_id`,`person_id`,`org_question_id`,`modified_at`),
  KEY `latestsurvey` (`org_id`,`person_id`,`modified_at`,`survey_id`,`org_question_id`),
  KEY `org_question_options_id` (`org_question_options_id`),
  CONSTRAINT `FK_BC4BDC151F6FA0AF` FOREIGN KEY (`deleted_by`) REFERENCES `person` (`id`),
  CONSTRAINT `FK_BC4BDC15217BBB47` FOREIGN KEY (`person_id`) REFERENCES `person` (`id`),
  CONSTRAINT `FK_BC4BDC1525F94802` FOREIGN KEY (`modified_by`) REFERENCES `person` (`id`),
  CONSTRAINT `FK_BC4BDC1582ABAC59` FOREIGN KEY (`org_question_id`) REFERENCES `org_question` (`id`),
  CONSTRAINT `FK_BC4BDC158D7CC0D2` FOREIGN KEY (`org_academic_terms_id`) REFERENCES `org_academic_terms` (`id`),
  CONSTRAINT `FK_BC4BDC15B3FE509D` FOREIGN KEY (`survey_id`) REFERENCES `survey` (`id`),
  CONSTRAINT `FK_BC4BDC15DE12AB56` FOREIGN KEY (`created_by`) REFERENCES `person` (`id`),
  CONSTRAINT `FK_BC4BDC15F3B0CE4A` FOREIGN KEY (`org_academic_year_id`) REFERENCES `org_academic_year` (`id`),
  CONSTRAINT `FK_BC4BDC15F4837C1B` FOREIGN KEY (`org_id`) REFERENCES `organization` (`id`),
  CONSTRAINT `org_question_response_ibfk_1` FOREIGN KEY (`org_question_options_id`) REFERENCES `org_question_options` (`id`)
) ENGINE=InnoDB DEFAULT CHARSET=utf8 COLLATE=utf8_unicode_ci;
/*!40101 SET character_set_client = @saved_cs_client */;

--
-- Dumping data for table `org_question_response`
--

LOCK TABLES `org_question_response` WRITE;
/*!40000 ALTER TABLE `org_question_response` DISABLE KEYS */;
/*!40000 ALTER TABLE `org_question_response` ENABLE KEYS */;
UNLOCK TABLES;

--
-- Table structure for table `org_report_permissions`
--

DROP TABLE IF EXISTS `org_report_permissions`;
/*!40101 SET @saved_cs_client     = @@character_set_client */;
/*!40101 SET character_set_client = utf8 */;
CREATE TABLE `org_report_permissions` (
  `id` int(11) NOT NULL AUTO_INCREMENT,
  `created_by` int(11) DEFAULT NULL,
  `modified_by` int(11) DEFAULT NULL,
  `deleted_by` int(11) DEFAULT NULL,
  `organization_id` int(11) DEFAULT NULL,
  `org_permissionset_id` int(11) DEFAULT NULL,
  `report_id` int(11) DEFAULT NULL,
  `created_at` datetime DEFAULT NULL,
  `modified_at` datetime DEFAULT NULL,
  `deleted_at` datetime DEFAULT NULL,
  `timeframe_all` tinyint(1) DEFAULT NULL,
  `current_calendar` tinyint(1) DEFAULT NULL,
  `previous_calendar` tinyint(1) DEFAULT NULL,
  `next_period` tinyint(1) DEFAULT NULL,
  PRIMARY KEY (`id`),
  KEY `IDX_D210DC54DE12AB56` (`created_by`),
  KEY `IDX_D210DC5425F94802` (`modified_by`),
  KEY `IDX_D210DC541F6FA0AF` (`deleted_by`),
  KEY `fk_org_report_permission_organization_id` (`organization_id`),
  KEY `fk_org_report_permission_report_id` (`report_id`),
  KEY `fk_org_report_permission_permissionset_id` (`org_permissionset_id`),
  CONSTRAINT `FK_D210DC541F6FA0AF` FOREIGN KEY (`deleted_by`) REFERENCES `person` (`id`),
  CONSTRAINT `FK_D210DC5425F94802` FOREIGN KEY (`modified_by`) REFERENCES `person` (`id`),
  CONSTRAINT `FK_D210DC5432C8A3DE` FOREIGN KEY (`organization_id`) REFERENCES `organization` (`id`),
  CONSTRAINT `FK_D210DC544BD2A4C0` FOREIGN KEY (`report_id`) REFERENCES `reports` (`id`),
  CONSTRAINT `FK_D210DC547ABB76BC` FOREIGN KEY (`org_permissionset_id`) REFERENCES `org_permissionset` (`id`),
  CONSTRAINT `FK_D210DC54DE12AB56` FOREIGN KEY (`created_by`) REFERENCES `person` (`id`)
) ENGINE=InnoDB DEFAULT CHARSET=utf8 COLLATE=utf8_unicode_ci;
/*!40101 SET character_set_client = @saved_cs_client */;

--
-- Dumping data for table `org_report_permissions`
--

LOCK TABLES `org_report_permissions` WRITE;
/*!40000 ALTER TABLE `org_report_permissions` DISABLE KEYS */;
/*!40000 ALTER TABLE `org_report_permissions` ENABLE KEYS */;
UNLOCK TABLES;

--
-- Table structure for table `org_risk_group_model`
--

DROP TABLE IF EXISTS `org_risk_group_model`;
/*!40101 SET @saved_cs_client     = @@character_set_client */;
/*!40101 SET character_set_client = utf8 */;
CREATE TABLE `org_risk_group_model` (
  `id` int(11) NOT NULL AUTO_INCREMENT,
  `created_by` int(11) DEFAULT NULL,
  `modified_by` int(11) DEFAULT NULL,
  `deleted_by` int(11) DEFAULT NULL,
  `org_id` int(11) DEFAULT NULL,
  `risk_model_id` int(11) DEFAULT NULL,
  `risk_group_id` int(11) DEFAULT NULL,
  `created_at` datetime DEFAULT NULL,
  `modified_at` datetime DEFAULT NULL,
  `deleted_at` datetime DEFAULT NULL,
  `assignment_date` datetime DEFAULT NULL,
  PRIMARY KEY (`id`),
  KEY `IDX_6B2BABA4DE12AB56` (`created_by`),
  KEY `IDX_6B2BABA425F94802` (`modified_by`),
  KEY `IDX_6B2BABA41F6FA0AF` (`deleted_by`),
  KEY `fk_orgriskmodel_riskmodelid` (`risk_model_id`),
  KEY `fk_org_risk_group_model_risk_group1_idx` (`risk_group_id`),
  KEY `fk_orgriskmodel_orgid` (`org_id`,`risk_group_id`,`risk_model_id`),
  CONSTRAINT `FK_6B2BABA4187D9A28` FOREIGN KEY (`risk_group_id`) REFERENCES `risk_group` (`id`),
  CONSTRAINT `FK_6B2BABA41F6FA0AF` FOREIGN KEY (`deleted_by`) REFERENCES `person` (`id`),
  CONSTRAINT `FK_6B2BABA425F94802` FOREIGN KEY (`modified_by`) REFERENCES `person` (`id`),
  CONSTRAINT `FK_6B2BABA49F5CF488` FOREIGN KEY (`risk_model_id`) REFERENCES `risk_model_master` (`id`),
  CONSTRAINT `FK_6B2BABA4DE12AB56` FOREIGN KEY (`created_by`) REFERENCES `person` (`id`),
  CONSTRAINT `FK_6B2BABA4F4837C1B` FOREIGN KEY (`org_id`) REFERENCES `organization` (`id`)
) ENGINE=InnoDB DEFAULT CHARSET=utf8 COLLATE=utf8_unicode_ci;
/*!40101 SET character_set_client = @saved_cs_client */;

--
-- Dumping data for table `org_risk_group_model`
--

LOCK TABLES `org_risk_group_model` WRITE;
/*!40000 ALTER TABLE `org_risk_group_model` DISABLE KEYS */;
/*!40000 ALTER TABLE `org_risk_group_model` ENABLE KEYS */;
UNLOCK TABLES;

--
-- Table structure for table `org_riskval_calc_inputs`
--

DROP TABLE IF EXISTS `org_riskval_calc_inputs`;
/*!40101 SET @saved_cs_client     = @@character_set_client */;
/*!40101 SET character_set_client = utf8 */;
CREATE TABLE `org_riskval_calc_inputs` (
  `id` int(11) NOT NULL AUTO_INCREMENT,
  `created_by` int(11) DEFAULT NULL,
  `modified_by` int(11) DEFAULT NULL,
  `deleted_by` int(11) DEFAULT NULL,
  `org_id` int(11) DEFAULT NULL,
  `person_id` int(11) DEFAULT NULL,
  `created_at` datetime DEFAULT NULL,
  `modified_at` datetime DEFAULT NULL,
  `deleted_at` datetime DEFAULT NULL,
  `is_riskval_calc_required` enum('y','n') COLLATE utf8_unicode_ci NOT NULL DEFAULT 'n',
  `is_success_marker_calc_reqd` enum('y','n') COLLATE utf8_unicode_ci DEFAULT NULL,
  `is_talking_point_calc_reqd` enum('y','n') COLLATE utf8_unicode_ci DEFAULT NULL,
  `is_factor_calc_reqd` enum('y','n') COLLATE utf8_unicode_ci DEFAULT NULL,
  PRIMARY KEY (`id`),
  UNIQUE KEY `fk_org_riskval_calc_inputs_organization1_idx` (`org_id`,`person_id`),
  KEY `IDX_B95C1D80DE12AB56` (`created_by`),
  KEY `IDX_B95C1D8025F94802` (`modified_by`),
  KEY `IDX_B95C1D801F6FA0AF` (`deleted_by`),
  KEY `fk_org_riskval_calc_inputs_person1_idx` (`person_id`),
  KEY `stale_risk` (`is_riskval_calc_required`,`modified_at`),
  KEY `stale_smark` (`is_success_marker_calc_reqd`,`modified_at`),
  KEY `stale_tpoint` (`is_talking_point_calc_reqd`,`modified_at`),
  KEY `stale_factor` (`is_factor_calc_reqd`,`modified_at`),
  CONSTRAINT `FK_B95C1D801F6FA0AF` FOREIGN KEY (`deleted_by`) REFERENCES `person` (`id`),
  CONSTRAINT `FK_B95C1D80217BBB47` FOREIGN KEY (`person_id`) REFERENCES `person` (`id`),
  CONSTRAINT `FK_B95C1D8025F94802` FOREIGN KEY (`modified_by`) REFERENCES `person` (`id`),
  CONSTRAINT `FK_B95C1D80DE12AB56` FOREIGN KEY (`created_by`) REFERENCES `person` (`id`),
  CONSTRAINT `FK_B95C1D80F4837C1B` FOREIGN KEY (`org_id`) REFERENCES `organization` (`id`)
) ENGINE=InnoDB AUTO_INCREMENT=10 DEFAULT CHARSET=utf8 COLLATE=utf8_unicode_ci;
/*!40101 SET character_set_client = @saved_cs_client */;

--
-- Dumping data for table `org_riskval_calc_inputs`
--

LOCK TABLES `org_riskval_calc_inputs` WRITE;
/*!40000 ALTER TABLE `org_riskval_calc_inputs` DISABLE KEYS */;
INSERT INTO `org_riskval_calc_inputs` VALUES
(1,NULL,NULL,NULL,542,99414,'2015-07-20 21:33:20','2015-08-28 14:20:12',NULL,'n','n','y','y'),
(2,NULL,NULL,NULL,542,99415,'2015-07-20 21:33:20','2015-08-28 14:20:12',NULL,'n','n','y','y'),
(3,NULL,NULL,NULL,542,99413,'2015-07-20 21:33:20','2015-08-28 14:20:12',NULL,'n','n','y','y'),
(4,NULL,NULL,NULL,542,99423,'2015-07-20 21:33:20','2015-08-28 14:20:12',NULL,'n','n','y','y'),
(5,NULL,NULL,NULL,542,99411,'2015-07-20 21:33:20','2015-08-28 14:20:12',NULL,'n','n','y','y'),
(6,NULL,NULL,NULL,542,99422,'2015-07-20 21:33:20','2015-08-28 14:20:12',NULL,'n','n','y','y'),
(7,NULL,NULL,NULL,542,99412,'2015-07-20 21:33:20','2015-08-28 14:20:12',NULL,'n','n','y','y'),
(8,NULL,NULL,NULL,542,99410,'2015-07-20 21:33:20','2015-08-28 14:20:12',NULL,'n','n','y','y'),
(9,NULL,NULL,NULL,542,99432,'2015-07-20 21:33:20','2015-08-28 14:20:12',NULL,'n','n','y','y');
/*!40000 ALTER TABLE `org_riskval_calc_inputs` ENABLE KEYS */;
UNLOCK TABLES;
/*!50003 SET @saved_cs_client      = @@character_set_client */ ;
/*!50003 SET @saved_cs_results     = @@character_set_results */ ;
/*!50003 SET @saved_col_connection = @@collation_connection */ ;
/*!50003 SET character_set_client  = utf8 */ ;
/*!50003 SET character_set_results = utf8 */ ;
/*!50003 SET collation_connection  = utf8_general_ci */ ;
/*!50003 SET @saved_sql_mode       = @@sql_mode */ ;
/*!50003 SET sql_mode              = '' */ ;
DELIMITER ;;
/*!50003 CREATE*/ /*!50017 DEFINER=`root`@`localhost`*/ /*!50003 TRIGGER org_calc_move AFTER INSERT ON org_riskval_calc_inputs
                FOR EACH ROW
                BEGIN
                    INSERT INTO org_calc_flags_factor (org_id, person_id, calculated_at, created_at, modified_at) 
                    VALUES(NEW.org_id, NEW.person_id, '1910-10-10 10:10:10', CURRENT_TIMESTAMP, CURRENT_TIMESTAMP);
                    INSERT INTO org_calc_flags_risk (org_id, person_id, calculated_at, created_at, modified_at) 
                    VALUES(NEW.org_id, NEW.person_id, NULL, CURRENT_TIMESTAMP, CURRENT_TIMESTAMP);
                    INSERT INTO org_calc_flags_talking_point (org_id, person_id, calculated_at, created_at, modified_at) 
                    VALUES(NEW.org_id, NEW.person_id, NULL, CURRENT_TIMESTAMP, CURRENT_TIMESTAMP);
                    INSERT INTO org_calc_flags_success_marker (org_id, person_id, calculated_at, created_at, modified_at) 
                    VALUES(NEW.org_id, NEW.person_id, '1910-10-10 10:10:10', CURRENT_TIMESTAMP, CURRENT_TIMESTAMP);
                END */;;
DELIMITER ;
/*!50003 SET sql_mode              = @saved_sql_mode */ ;
/*!50003 SET character_set_client  = @saved_cs_client */ ;
/*!50003 SET character_set_results = @saved_cs_results */ ;
/*!50003 SET collation_connection  = @saved_col_connection */ ;
/*!50003 SET @saved_cs_client      = @@character_set_client */ ;
/*!50003 SET @saved_cs_results     = @@character_set_results */ ;
/*!50003 SET @saved_col_connection = @@collation_connection */ ;
/*!50003 SET character_set_client  = utf8 */ ;
/*!50003 SET character_set_results = utf8 */ ;
/*!50003 SET collation_connection  = utf8_general_ci */ ;
/*!50003 SET @saved_sql_mode       = @@sql_mode */ ;
/*!50003 SET sql_mode              = '' */ ;
DELIMITER ;;
/*!50003 CREATE*/ /*!50017 DEFINER=`synapsemaster`@`%`*/ /*!50003 TRIGGER org_calc_update AFTER UPDATE ON org_riskval_calc_inputs
          FOR EACH ROW
          BEGIN
            UPDATE org_calc_flags_risk SET calculated_at = NULL, modified_at = CURRENT_TIMESTAMP WHERE org_id = NEW.org_id AND person_id = NEW.person_id;
            UPDATE org_calc_flags_talking_point SET calculated_at = NULL, modified_at = CURRENT_TIMESTAMP  WHERE org_id = NEW.org_id AND person_id = NEW.person_id;
          END */;;
DELIMITER ;
/*!50003 SET sql_mode              = @saved_sql_mode */ ;
/*!50003 SET character_set_client  = @saved_cs_client */ ;
/*!50003 SET character_set_results = @saved_cs_results */ ;
/*!50003 SET collation_connection  = @saved_col_connection */ ;

--
-- Table structure for table `org_saml_config`
--

DROP TABLE IF EXISTS `org_saml_config`;
/*!40101 SET @saved_cs_client     = @@character_set_client */;
/*!40101 SET character_set_client = utf8 */;
CREATE TABLE `org_saml_config` (
  `id` int(11) NOT NULL AUTO_INCREMENT,
  `created_by` int(11) DEFAULT NULL,
  `modified_by` int(11) DEFAULT NULL,
  `deleted_by` int(11) DEFAULT NULL,
  `org_id` int(11) NOT NULL,
  `created_at` datetime DEFAULT NULL,
  `modified_at` datetime DEFAULT NULL,
  `deleted_at` datetime DEFAULT NULL,
  `entity_id` varchar(255) COLLATE utf8_unicode_ci NOT NULL,
  `federation_metadata` varchar(255) COLLATE utf8_unicode_ci DEFAULT NULL,
  `sso_url` varchar(255) COLLATE utf8_unicode_ci NOT NULL,
  `public_key_file` varchar(255) COLLATE utf8_unicode_ci NOT NULL,
  `logout_url` varchar(255) COLLATE utf8_unicode_ci DEFAULT NULL,
  PRIMARY KEY (`id`),
  KEY `IDX_34537430DE12AB56` (`created_by`),
  KEY `IDX_3453743025F94802` (`modified_by`),
  KEY `IDX_345374301F6FA0AF` (`deleted_by`),
  KEY `fk_org_saml_config_organization1_idx` (`org_id`),
  CONSTRAINT `FK_345374301F6FA0AF` FOREIGN KEY (`deleted_by`) REFERENCES `person` (`id`),
  CONSTRAINT `FK_3453743025F94802` FOREIGN KEY (`modified_by`) REFERENCES `person` (`id`),
  CONSTRAINT `FK_34537430DE12AB56` FOREIGN KEY (`created_by`) REFERENCES `person` (`id`),
  CONSTRAINT `FK_34537430F4837C1B` FOREIGN KEY (`org_id`) REFERENCES `organization` (`id`)
) ENGINE=InnoDB DEFAULT CHARSET=utf8 COLLATE=utf8_unicode_ci;
/*!40101 SET character_set_client = @saved_cs_client */;

--
-- Dumping data for table `org_saml_config`
--

LOCK TABLES `org_saml_config` WRITE;
/*!40000 ALTER TABLE `org_saml_config` DISABLE KEYS */;
/*!40000 ALTER TABLE `org_saml_config` ENABLE KEYS */;
UNLOCK TABLES;

--
-- Table structure for table `org_search`
--

DROP TABLE IF EXISTS `org_search`;
/*!40101 SET @saved_cs_client     = @@character_set_client */;
/*!40101 SET character_set_client = utf8 */;
CREATE TABLE `org_search` (
  `id` int(11) NOT NULL AUTO_INCREMENT,
  `created_by` int(11) DEFAULT NULL,
  `modified_by` int(11) DEFAULT NULL,
  `deleted_by` int(11) DEFAULT NULL,
  `organization_id` int(11) NOT NULL,
  `person_id` int(11) DEFAULT NULL,
  `created_at` datetime DEFAULT NULL,
  `modified_at` datetime DEFAULT NULL,
  `deleted_at` datetime DEFAULT NULL,
  `name` varchar(100) COLLATE utf8_unicode_ci DEFAULT NULL,
  `query` varchar(5000) COLLATE utf8_unicode_ci DEFAULT NULL,
  `json` varchar(3000) COLLATE utf8_unicode_ci DEFAULT NULL,
  `shared_on` datetime DEFAULT NULL,
  `from_sharedtab` int(11) DEFAULT NULL,
  `edited_by_me` int(11) DEFAULT NULL,
  PRIMARY KEY (`id`),
  KEY `IDX_17B29620DE12AB56` (`created_by`),
  KEY `IDX_17B2962025F94802` (`modified_by`),
  KEY `IDX_17B296201F6FA0AF` (`deleted_by`),
  KEY `IDX_17B2962032C8A3DE` (`organization_id`),
  KEY `IDX_17B29620217BBB47` (`person_id`),
  CONSTRAINT `FK_17B296201F6FA0AF` FOREIGN KEY (`deleted_by`) REFERENCES `person` (`id`),
  CONSTRAINT `FK_17B29620217BBB47` FOREIGN KEY (`person_id`) REFERENCES `person` (`id`),
  CONSTRAINT `FK_17B2962025F94802` FOREIGN KEY (`modified_by`) REFERENCES `person` (`id`),
  CONSTRAINT `FK_17B2962032C8A3DE` FOREIGN KEY (`organization_id`) REFERENCES `organization` (`id`),
  CONSTRAINT `FK_17B29620DE12AB56` FOREIGN KEY (`created_by`) REFERENCES `person` (`id`)
) ENGINE=InnoDB AUTO_INCREMENT=7 DEFAULT CHARSET=utf8 COLLATE=utf8_unicode_ci;
/*!40101 SET character_set_client = @saved_cs_client */;

--
-- Dumping data for table `org_search`
--

LOCK TABLES `org_search` WRITE;
/*!40000 ALTER TABLE `org_search` DISABLE KEYS */;
INSERT INTO `org_search` VALUES
(1,NULL,NULL,NULL,542,99440,'2015-07-15 18:36:47','2015-07-15 18:36:47',NULL,'Gryffindor','\n                              from person p \n                              left join contacts c on (p.id = c.person_id_student)\n                              left join risk_level rl on (p.risk_level = rl.id)\n                              left join risk_model_levels rml on (rml.risk_level = rl.id)\n                              left join intent_to_leave il on (p.intent_to_leave = il.id)\n                              left join contact_types ct on (c.contact_types_id = ct.id)\n                              left join referrals r on (p.id = r.person_id_student)\n                              left join org_person_student ops on (p.id = ops.person_id)\n                              left outer join activity_log lc on (lc.person_id_student = p.id)\n                              where p.id in\n                                (select distinct person_id from org_group_students ogs where ogs.org_group_id in\n                                (select org_group_id from org_group_faculty where person_id = 99440 and deleted_at is null and org_permissionset_id in\n                               (select id from org_permissionset where accesslevel_ind_agg = 1 and deleted_at is null))\n                                and ogs.deleted_at is null  and ogs.org_group_id = \'1266\') and p.deleted_at is null\n                                and r.deleted_at is null and c.deleted_at is null  and gf.person_id=99440 group by (p.id)','{\"risk_indicator_ids\":\"\",\"intent_to_leave_ids\":\"\",\"group_ids\":\"1266\",\"referral_status\":\"\",\"contact_types\":\"\",\"courses\":{\"department_id\":\"\",\"subject_id\":\"\",\"course_ids\":\"\",\"section_ids\":\"\"},\"isps\":[],\"datablocks\":[]}',NULL,1,1),
(2,NULL,NULL,NULL,542,99447,'2015-07-15 18:36:47','2015-07-15 18:36:47',NULL,'Gryffindor','\n                              from person p \n                              left join contacts c on (p.id = c.person_id_student)\n                              left join risk_level rl on (p.risk_level = rl.id)\n                              left join risk_model_levels rml on (rml.risk_level = rl.id)\n                              left join intent_to_leave il on (p.intent_to_leave = il.id)\n                              left join contact_types ct on (c.contact_types_id = ct.id)\n                              left join referrals r on (p.id = r.person_id_student)\n                              left join org_person_student ops on (p.id = ops.person_id)\n                              left outer join activity_log lc on (lc.person_id_student = p.id)\n                              where p.id in\n                                (select distinct person_id from org_group_students ogs where ogs.org_group_id in\n                                (select org_group_id from org_group_faculty where person_id = 99440 and deleted_at is null and org_permissionset_id in\n                               (select id from org_permissionset where accesslevel_ind_agg = 1 and deleted_at is null))\n                                and ogs.deleted_at is null  and ogs.org_group_id = \'1266\') and p.deleted_at is null\n                                and r.deleted_at is null and c.deleted_at is null  and gf.person_id=99440 group by (p.id)','{\"risk_indicator_ids\":\"\",\"intent_to_leave_ids\":\"\",\"group_ids\":\"1266\",\"referral_status\":\"\",\"contact_types\":\"\",\"courses\":{\"department_id\":\"\",\"subject_id\":\"\",\"course_ids\":\"\",\"section_ids\":\"\"},\"isps\":[],\"datablocks\":[]}',NULL,NULL,NULL),
(3,NULL,NULL,NULL,542,99440,'2015-07-16 16:32:39','2015-07-16 16:32:39',NULL,'Gryffindor1','\n                              from person p \n                              left join contacts c on (p.id = c.person_id_student)\n                              left join risk_level rl on (p.risk_level = rl.id)\n                              left join risk_model_levels rml on (rml.risk_level = rl.id)\n                              left join intent_to_leave il on (p.intent_to_leave = il.id)\n                              left join contact_types ct on (c.contact_types_id = ct.id)\n                              left join referrals r on (p.id = r.person_id_student)\n                              left join org_person_student ops on (p.id = ops.person_id)\n                              left outer join activity_log lc on (lc.person_id_student = p.id)\n                              where p.id in\n                                (select distinct person_id from org_group_students ogs where ogs.org_group_id in\n                                (select org_group_id from org_group_faculty where person_id = 99440 and deleted_at is null and org_permissionset_id in\n                               (select id from org_permissionset where accesslevel_ind_agg = 1 and deleted_at is null))\n                                and ogs.deleted_at is null  and ogs.org_group_id = \'1266\') and p.deleted_at is null\n                                and r.deleted_at is null and c.deleted_at is null  and gf.person_id=99440 group by (p.id)','{\"risk_indicator_ids\":\"\",\"intent_to_leave_ids\":\"\",\"group_ids\":\"1266\",\"referral_status\":\"\",\"contact_types\":\"\",\"courses\":{\"department_id\":\"\",\"subject_id\":\"\",\"course_ids\":\"\",\"section_ids\":\"\"},\"isps\":[],\"datablocks\":[]}',NULL,1,1),
(4,NULL,NULL,NULL,542,99436,'2015-07-16 16:32:39','2015-07-16 16:32:39',NULL,'Gryffindor1','\n                              from person p \n                              left join contacts c on (p.id = c.person_id_student)\n                              left join risk_level rl on (p.risk_level = rl.id)\n                              left join risk_model_levels rml on (rml.risk_level = rl.id)\n                              left join intent_to_leave il on (p.intent_to_leave = il.id)\n                              left join contact_types ct on (c.contact_types_id = ct.id)\n                              left join referrals r on (p.id = r.person_id_student)\n                              left join org_person_student ops on (p.id = ops.person_id)\n                              left outer join activity_log lc on (lc.person_id_student = p.id)\n                              where p.id in\n                                (select distinct person_id from org_group_students ogs where ogs.org_group_id in\n                                (select org_group_id from org_group_faculty where person_id = 99440 and deleted_at is null and org_permissionset_id in\n                               (select id from org_permissionset where accesslevel_ind_agg = 1 and deleted_at is null))\n                                and ogs.deleted_at is null  and ogs.org_group_id = \'1266\') and p.deleted_at is null\n                                and r.deleted_at is null and c.deleted_at is null  and gf.person_id=99440 group by (p.id)','{\"risk_indicator_ids\":\"\",\"intent_to_leave_ids\":\"\",\"group_ids\":\"1266\",\"referral_status\":\"\",\"contact_types\":\"\",\"courses\":{\"department_id\":\"\",\"subject_id\":\"\",\"course_ids\":\"\",\"section_ids\":\"\"},\"isps\":[],\"datablocks\":[]}',NULL,NULL,NULL),
(5,NULL,NULL,NULL,542,99440,'2015-07-16 16:37:11','2015-07-16 16:37:11',NULL,'Gryffindor2','\n                              from person p \n                              left join contacts c on (p.id = c.person_id_student)\n                              left join risk_level rl on (p.risk_level = rl.id)\n                              left join risk_model_levels rml on (rml.risk_level = rl.id)\n                              left join intent_to_leave il on (p.intent_to_leave = il.id)\n                              left join contact_types ct on (c.contact_types_id = ct.id)\n                              left join referrals r on (p.id = r.person_id_student)\n                              left join org_person_student ops on (p.id = ops.person_id)\n                              left outer join activity_log lc on (lc.person_id_student = p.id)\n                              where p.id in\n                                (select distinct person_id from org_group_students ogs where ogs.org_group_id in\n                                (select org_group_id from org_group_faculty where person_id = 99440 and deleted_at is null and org_permissionset_id in\n                               (select id from org_permissionset where accesslevel_ind_agg = 1 and deleted_at is null))\n                                and ogs.deleted_at is null  and ogs.org_group_id = \'1266\') and p.deleted_at is null\n                                and r.deleted_at is null and c.deleted_at is null  and gf.person_id=99440 group by (p.id)','{\"risk_indicator_ids\":\"\",\"intent_to_leave_ids\":\"\",\"group_ids\":\"1266\",\"referral_status\":\"\",\"contact_types\":\"\",\"courses\":{\"department_id\":\"\",\"subject_id\":\"\",\"course_ids\":\"\",\"section_ids\":\"\"},\"isps\":[],\"datablocks\":[]}',NULL,1,1),
(6,NULL,NULL,NULL,542,99710,'2015-07-16 16:37:11','2015-07-16 16:37:11',NULL,'Gryffindor2','\n                              from person p \n                              left join contacts c on (p.id = c.person_id_student)\n                              left join risk_level rl on (p.risk_level = rl.id)\n                              left join risk_model_levels rml on (rml.risk_level = rl.id)\n                              left join intent_to_leave il on (p.intent_to_leave = il.id)\n                              left join contact_types ct on (c.contact_types_id = ct.id)\n                              left join referrals r on (p.id = r.person_id_student)\n                              left join org_person_student ops on (p.id = ops.person_id)\n                              left outer join activity_log lc on (lc.person_id_student = p.id)\n                              where p.id in\n                                (select distinct person_id from org_group_students ogs where ogs.org_group_id in\n                                (select org_group_id from org_group_faculty where person_id = 99440 and deleted_at is null and org_permissionset_id in\n                               (select id from org_permissionset where accesslevel_ind_agg = 1 and deleted_at is null))\n                                and ogs.deleted_at is null  and ogs.org_group_id = \'1266\') and p.deleted_at is null\n                                and r.deleted_at is null and c.deleted_at is null  and gf.person_id=99440 group by (p.id)','{\"risk_indicator_ids\":\"\",\"intent_to_leave_ids\":\"\",\"group_ids\":\"1266\",\"referral_status\":\"\",\"contact_types\":\"\",\"courses\":{\"department_id\":\"\",\"subject_id\":\"\",\"course_ids\":\"\",\"section_ids\":\"\"},\"isps\":[],\"datablocks\":[]}',NULL,NULL,NULL);
/*!40000 ALTER TABLE `org_search` ENABLE KEYS */;
UNLOCK TABLES;

--
-- Table structure for table `org_search_shared`
--

DROP TABLE IF EXISTS `org_search_shared`;
/*!40101 SET @saved_cs_client     = @@character_set_client */;
/*!40101 SET character_set_client = utf8 */;
CREATE TABLE `org_search_shared` (
  `id` int(11) NOT NULL AUTO_INCREMENT,
  `created_by` int(11) DEFAULT NULL,
  `modified_by` int(11) DEFAULT NULL,
  `deleted_by` int(11) DEFAULT NULL,
  `org_search_id_source` int(11) DEFAULT NULL,
  `person_id_sharedby` int(11) DEFAULT NULL,
  `person_id_sharedwith` int(11) DEFAULT NULL,
  `org_search_id_dest` int(11) DEFAULT NULL,
  `created_at` datetime DEFAULT NULL,
  `modified_at` datetime DEFAULT NULL,
  `deleted_at` datetime DEFAULT NULL,
  PRIMARY KEY (`id`),
  UNIQUE KEY `fk_org_search_shared_unique` (`org_search_id_source`,`person_id_sharedby`,`person_id_sharedwith`,`org_search_id_dest`),
  KEY `IDX_49F4EBA8DE12AB56` (`created_by`),
  KEY `IDX_49F4EBA825F94802` (`modified_by`),
  KEY `IDX_49F4EBA81F6FA0AF` (`deleted_by`),
  KEY `IDX_49F4EBA8F459207D` (`org_search_id_source`),
  KEY `IDX_49F4EBA8BF1A33A5` (`person_id_sharedby`),
  KEY `IDX_49F4EBA85EA2D51A` (`person_id_sharedwith`),
  KEY `IDX_49F4EBA887A20C50` (`org_search_id_dest`),
  CONSTRAINT `FK_49F4EBA81F6FA0AF` FOREIGN KEY (`deleted_by`) REFERENCES `person` (`id`),
  CONSTRAINT `FK_49F4EBA825F94802` FOREIGN KEY (`modified_by`) REFERENCES `person` (`id`),
  CONSTRAINT `FK_49F4EBA85EA2D51A` FOREIGN KEY (`person_id_sharedwith`) REFERENCES `person` (`id`),
  CONSTRAINT `FK_49F4EBA887A20C50` FOREIGN KEY (`org_search_id_dest`) REFERENCES `org_search` (`id`),
  CONSTRAINT `FK_49F4EBA8BF1A33A5` FOREIGN KEY (`person_id_sharedby`) REFERENCES `person` (`id`),
  CONSTRAINT `FK_49F4EBA8DE12AB56` FOREIGN KEY (`created_by`) REFERENCES `person` (`id`),
  CONSTRAINT `FK_49F4EBA8F459207D` FOREIGN KEY (`org_search_id_source`) REFERENCES `org_search` (`id`)
) ENGINE=InnoDB DEFAULT CHARSET=utf8 COLLATE=utf8_unicode_ci;
/*!40101 SET character_set_client = @saved_cs_client */;

--
-- Dumping data for table `org_search_shared`
--

LOCK TABLES `org_search_shared` WRITE;
/*!40000 ALTER TABLE `org_search_shared` DISABLE KEYS */;
/*!40000 ALTER TABLE `org_search_shared` ENABLE KEYS */;
UNLOCK TABLES;

--
-- Table structure for table `org_search_shared_by`
--

DROP TABLE IF EXISTS `org_search_shared_by`;
/*!40101 SET @saved_cs_client     = @@character_set_client */;
/*!40101 SET character_set_client = utf8 */;
CREATE TABLE `org_search_shared_by` (
  `org_search_id` int(11) NOT NULL,
  `org_search_id_source` int(11) NOT NULL,
  `person_id_shared_by` int(11) NOT NULL,
  `created_by` int(11) DEFAULT NULL,
  `modified_by` int(11) DEFAULT NULL,
  `deleted_by` int(11) DEFAULT NULL,
  `created_at` datetime DEFAULT NULL,
  `modified_at` datetime DEFAULT NULL,
  `deleted_at` datetime DEFAULT NULL,
  `shared_on` datetime DEFAULT NULL,
  PRIMARY KEY (`org_search_id`,`org_search_id_source`,`person_id_shared_by`),
  KEY `IDX_36826091DE12AB56` (`created_by`),
  KEY `IDX_3682609125F94802` (`modified_by`),
  KEY `IDX_368260911F6FA0AF` (`deleted_by`),
  KEY `fk_org_search_shared_by_org_search1_idx` (`org_search_id`),
  KEY `fk_org_search_shared_by_org_search2_idx` (`org_search_id_source`),
  KEY `fk_org_search_shared_by_person1_idx` (`person_id_shared_by`),
  CONSTRAINT `FK_368260911F6FA0AF` FOREIGN KEY (`deleted_by`) REFERENCES `person` (`id`),
  CONSTRAINT `FK_3682609125F94802` FOREIGN KEY (`modified_by`) REFERENCES `person` (`id`),
  CONSTRAINT `FK_368260915C787CFB` FOREIGN KEY (`org_search_id`) REFERENCES `org_search` (`id`),
  CONSTRAINT `FK_36826091D85DD618` FOREIGN KEY (`person_id_shared_by`) REFERENCES `person` (`id`),
  CONSTRAINT `FK_36826091DE12AB56` FOREIGN KEY (`created_by`) REFERENCES `person` (`id`),
  CONSTRAINT `FK_36826091F459207D` FOREIGN KEY (`org_search_id_source`) REFERENCES `org_search` (`id`)
) ENGINE=InnoDB DEFAULT CHARSET=utf8 COLLATE=utf8_unicode_ci;
/*!40101 SET character_set_client = @saved_cs_client */;

--
-- Dumping data for table `org_search_shared_by`
--

LOCK TABLES `org_search_shared_by` WRITE;
/*!40000 ALTER TABLE `org_search_shared_by` DISABLE KEYS */;
INSERT INTO `org_search_shared_by` VALUES
(2,1,99440,NULL,NULL,NULL,'2015-07-15 18:36:47','2015-07-15 18:36:47',NULL,'2015-07-15 18:36:47'),
(4,3,99440,NULL,NULL,NULL,'2015-07-16 16:32:39','2015-07-16 16:32:39',NULL,'2015-07-16 16:32:39'),
(6,5,99440,NULL,NULL,NULL,'2015-07-16 16:37:11','2015-07-16 16:37:11',NULL,'2015-07-16 16:37:11');
/*!40000 ALTER TABLE `org_search_shared_by` ENABLE KEYS */;
UNLOCK TABLES;

--
-- Table structure for table `org_search_shared_with`
--

DROP TABLE IF EXISTS `org_search_shared_with`;
/*!40101 SET @saved_cs_client     = @@character_set_client */;
/*!40101 SET character_set_client = utf8 */;
CREATE TABLE `org_search_shared_with` (
  `org_search_id` int(11) NOT NULL,
  `org_search_id_dest` int(11) NOT NULL,
  `person_id_sharedwith` int(11) NOT NULL,
  `created_by` int(11) DEFAULT NULL,
  `modified_by` int(11) DEFAULT NULL,
  `deleted_by` int(11) DEFAULT NULL,
  `created_at` datetime DEFAULT NULL,
  `modified_at` datetime DEFAULT NULL,
  `deleted_at` datetime DEFAULT NULL,
  `shared_on` datetime DEFAULT NULL,
  PRIMARY KEY (`org_search_id`,`org_search_id_dest`,`person_id_sharedwith`),
  KEY `IDX_17EAAF3BDE12AB56` (`created_by`),
  KEY `IDX_17EAAF3B25F94802` (`modified_by`),
  KEY `IDX_17EAAF3B1F6FA0AF` (`deleted_by`),
  KEY `fk_org_search_shared_org_search1_idx` (`org_search_id`),
  KEY `fk_org_search_shared_org_search2` (`org_search_id_dest`),
  KEY `fk_org_search_shared_person2` (`person_id_sharedwith`),
  CONSTRAINT `FK_17EAAF3B1F6FA0AF` FOREIGN KEY (`deleted_by`) REFERENCES `person` (`id`),
  CONSTRAINT `FK_17EAAF3B25F94802` FOREIGN KEY (`modified_by`) REFERENCES `person` (`id`),
  CONSTRAINT `FK_17EAAF3B5C787CFB` FOREIGN KEY (`org_search_id`) REFERENCES `org_search` (`id`),
  CONSTRAINT `FK_17EAAF3B5EA2D51A` FOREIGN KEY (`person_id_sharedwith`) REFERENCES `person` (`id`),
  CONSTRAINT `FK_17EAAF3B87A20C50` FOREIGN KEY (`org_search_id_dest`) REFERENCES `org_search` (`id`),
  CONSTRAINT `FK_17EAAF3BDE12AB56` FOREIGN KEY (`created_by`) REFERENCES `person` (`id`)
) ENGINE=InnoDB DEFAULT CHARSET=utf8 COLLATE=utf8_unicode_ci;
/*!40101 SET character_set_client = @saved_cs_client */;

--
-- Dumping data for table `org_search_shared_with`
--

LOCK TABLES `org_search_shared_with` WRITE;
/*!40000 ALTER TABLE `org_search_shared_with` DISABLE KEYS */;
INSERT INTO `org_search_shared_with` VALUES
(1,2,99447,NULL,NULL,NULL,'2015-07-15 18:36:47','2015-07-15 18:36:47',NULL,'2015-07-15 18:36:47'),
(3,4,99436,NULL,NULL,NULL,'2015-07-16 16:32:39','2015-07-16 16:32:39',NULL,'2015-07-16 16:32:39'),
(5,6,99710,NULL,NULL,NULL,'2015-07-16 16:37:11','2015-07-16 16:37:11',NULL,'2015-07-16 16:37:11');
/*!40000 ALTER TABLE `org_search_shared_with` ENABLE KEYS */;
UNLOCK TABLES;

--
-- Table structure for table `org_static_list`
--

DROP TABLE IF EXISTS `org_static_list`;
/*!40101 SET @saved_cs_client     = @@character_set_client */;
/*!40101 SET character_set_client = utf8 */;
CREATE TABLE `org_static_list` (
  `id` int(11) NOT NULL AUTO_INCREMENT,
  `created_by` int(11) DEFAULT NULL,
  `modified_by` int(11) DEFAULT NULL,
  `deleted_by` int(11) DEFAULT NULL,
  `organization_id` int(11) NOT NULL,
  `person_id` int(11) NOT NULL,
  `created_at` datetime DEFAULT NULL,
  `modified_at` datetime DEFAULT NULL,
  `deleted_at` datetime DEFAULT NULL,
  `name` varchar(300) COLLATE utf8_unicode_ci NOT NULL,
  `description` varchar(2000) COLLATE utf8_unicode_ci DEFAULT NULL,
  `person_id_shared_by` int(11) DEFAULT NULL,
  `shared_on` date DEFAULT NULL,
  PRIMARY KEY (`id`),
  KEY `IDX_43EAFB4BDE12AB56` (`created_by`),
  KEY `IDX_43EAFB4B25F94802` (`modified_by`),
  KEY `IDX_43EAFB4B1F6FA0AF` (`deleted_by`),
  KEY `fk_org_staticlist_organization1_idx` (`organization_id`),
  KEY `fk_staticlist_person1_idx` (`person_id`),
  CONSTRAINT `FK_43EAFB4B1F6FA0AF` FOREIGN KEY (`deleted_by`) REFERENCES `person` (`id`),
  CONSTRAINT `FK_43EAFB4B217BBB47` FOREIGN KEY (`person_id`) REFERENCES `person` (`id`),
  CONSTRAINT `FK_43EAFB4B25F94802` FOREIGN KEY (`modified_by`) REFERENCES `person` (`id`),
  CONSTRAINT `FK_43EAFB4B32C8A3DE` FOREIGN KEY (`organization_id`) REFERENCES `organization` (`id`),
  CONSTRAINT `FK_43EAFB4BDE12AB56` FOREIGN KEY (`created_by`) REFERENCES `person` (`id`)
) ENGINE=InnoDB AUTO_INCREMENT=9 DEFAULT CHARSET=utf8 COLLATE=utf8_unicode_ci;
/*!40101 SET character_set_client = @saved_cs_client */;

--
-- Dumping data for table `org_static_list`
--

LOCK TABLES `org_static_list` WRITE;
/*!40000 ALTER TABLE `org_static_list` DISABLE KEYS */;
INSERT INTO `org_static_list` VALUES
(1,99443,NULL,NULL,542,99443,'2015-07-02 15:11:59','2015-07-02 15:11:59',NULL,'Hufflepuff','Static list to test if a faculty can view a student even though the professor has no link with the student',NULL,NULL),
(2,99704,NULL,NULL,542,99704,'2015-07-06 21:02:57','2015-07-06 21:02:57',NULL,'O.W.L. Students','This list will be shared with Minerva McGonagall',NULL,NULL),
(3,99704,NULL,NULL,542,99704,'2015-07-06 21:03:28','2015-07-06 21:03:28',NULL,'N.E.W.T. Students','This list will be tested on by Albus Dumbledore',NULL,NULL),
(4,99704,NULL,NULL,542,99704,'2015-07-06 21:03:52','2015-07-06 21:03:52',NULL,'Gryffindor Student','The Invalid Coordinator will attempt to edit this list',NULL,NULL),
(5,99704,NULL,NULL,542,99440,'2015-07-06 21:05:42','2015-07-06 21:05:42',NULL,'O.W.L. Students','This list will be shared with Minerva McGonagall',99704,'2015-07-06'),
(6,99440,NULL,NULL,542,99440,'2015-07-06 21:07:03','2015-07-06 21:07:03',NULL,'The Main Characters','This List will be tested on my Minerva McGonagall',NULL,NULL),
(7,99440,NULL,NULL,542,99440,'2015-07-06 21:08:19','2015-07-06 21:08:19',NULL,'Students that can go to Hogsmead','This list will be tested by an invalid faculty member',NULL,NULL),
(8,99705,NULL,NULL,543,99705,'2015-07-09 14:35:12','2015-07-09 14:35:12',NULL,'Bad Guy Static List','This List will be tested on by The Bad Guy',NULL,NULL);
/*!40000 ALTER TABLE `org_static_list` ENABLE KEYS */;
UNLOCK TABLES;

--
-- Table structure for table `org_static_list_students`
--

DROP TABLE IF EXISTS `org_static_list_students`;
/*!40101 SET @saved_cs_client     = @@character_set_client */;
/*!40101 SET character_set_client = utf8 */;
CREATE TABLE `org_static_list_students` (
  `id` int(11) NOT NULL AUTO_INCREMENT,
  `created_by` int(11) DEFAULT NULL,
  `modified_by` int(11) DEFAULT NULL,
  `deleted_by` int(11) DEFAULT NULL,
  `organization_id` int(11) NOT NULL,
  `person_id` int(11) NOT NULL,
  `org_static_list_id` int(11) NOT NULL,
  `created_at` datetime DEFAULT NULL,
  `modified_at` datetime DEFAULT NULL,
  `deleted_at` datetime DEFAULT NULL,
  PRIMARY KEY (`id`),
  KEY `IDX_5A73DC8FDE12AB56` (`created_by`),
  KEY `IDX_5A73DC8F25F94802` (`modified_by`),
  KEY `IDX_5A73DC8F1F6FA0AF` (`deleted_by`),
  KEY `fk_org_staticlist_organization1_idx` (`organization_id`),
  KEY `fk_staticlist_person1_idx` (`person_id`),
  KEY `fk_staticlist_org_static_list_id1_idx` (`org_static_list_id`),
  CONSTRAINT `FK_5A73DC8F1F6FA0AF` FOREIGN KEY (`deleted_by`) REFERENCES `person` (`id`),
  CONSTRAINT `FK_5A73DC8F217BBB47` FOREIGN KEY (`person_id`) REFERENCES `person` (`id`),
  CONSTRAINT `FK_5A73DC8F25F94802` FOREIGN KEY (`modified_by`) REFERENCES `person` (`id`),
  CONSTRAINT `FK_5A73DC8F32C8A3DE` FOREIGN KEY (`organization_id`) REFERENCES `organization` (`id`),
  CONSTRAINT `FK_5A73DC8FAD199442` FOREIGN KEY (`org_static_list_id`) REFERENCES `org_static_list` (`id`),
  CONSTRAINT `FK_5A73DC8FDE12AB56` FOREIGN KEY (`created_by`) REFERENCES `person` (`id`)
) ENGINE=InnoDB AUTO_INCREMENT=22 DEFAULT CHARSET=utf8 COLLATE=utf8_unicode_ci;
/*!40101 SET character_set_client = @saved_cs_client */;

--
-- Dumping data for table `org_static_list_students`
--

LOCK TABLES `org_static_list_students` WRITE;
/*!40000 ALTER TABLE `org_static_list_students` DISABLE KEYS */;
INSERT INTO `org_static_list_students` VALUES
(1,NULL,NULL,NULL,542,99413,1,'2015-07-02 15:12:00','2015-07-02 15:12:00',NULL),
(2,NULL,NULL,NULL,542,99421,1,'2015-07-02 15:12:02','2015-07-02 15:12:02',NULL),
(3,NULL,NULL,NULL,542,99424,1,'2015-07-02 15:12:03','2015-07-02 15:12:03',NULL),
(4,NULL,NULL,NULL,542,99422,2,'2015-07-06 21:04:05','2015-07-06 21:04:05',NULL),
(5,NULL,NULL,NULL,542,99416,2,'2015-07-06 21:04:13','2015-07-06 21:04:13',NULL),
(6,NULL,NULL,NULL,542,99429,2,'2015-07-06 21:04:19','2015-07-06 21:04:19',NULL),
(7,NULL,NULL,NULL,542,99411,3,'2015-07-06 21:04:30','2015-07-06 21:04:30',NULL),
(8,NULL,NULL,NULL,542,99413,3,'2015-07-06 21:04:38','2015-07-06 21:04:38',NULL),
(9,NULL,NULL,NULL,542,99414,3,'2015-07-06 21:04:45','2015-07-06 21:04:45',NULL),
(10,NULL,NULL,NULL,542,99417,4,'2015-07-06 21:05:03','2015-07-06 21:05:03',NULL),
(11,NULL,NULL,NULL,542,99418,4,'2015-07-06 21:05:10','2015-07-06 21:05:10',NULL),
(12,NULL,NULL,NULL,542,99419,4,'2015-07-06 21:05:25','2015-07-06 21:05:25',NULL),
(13,NULL,NULL,NULL,542,99422,5,'2015-07-06 21:05:42','2015-07-06 21:05:42',NULL),
(14,NULL,NULL,NULL,542,99416,5,'2015-07-06 21:05:42','2015-07-06 21:05:42',NULL),
(15,NULL,NULL,NULL,542,99429,5,'2015-07-06 21:05:42','2015-07-06 21:05:42',NULL),
(16,NULL,NULL,NULL,542,99422,6,'2015-07-06 21:08:29','2015-07-06 21:08:29',NULL),
(17,NULL,NULL,NULL,542,99423,6,'2015-07-06 21:08:37','2015-07-06 21:08:37',NULL),
(18,NULL,NULL,NULL,542,99432,6,'2015-07-06 21:08:44','2015-07-06 21:08:44',NULL),
(19,NULL,NULL,NULL,542,99417,7,'2015-07-06 21:09:00','2015-07-06 21:09:00',NULL),
(20,NULL,NULL,NULL,542,99418,7,'2015-07-06 21:09:05','2015-07-06 21:09:05',NULL),
(21,NULL,NULL,NULL,542,99432,7,'2015-07-06 21:09:12','2015-07-06 21:09:12',NULL);
/*!40000 ALTER TABLE `org_static_list_students` ENABLE KEYS */;
UNLOCK TABLES;

--
-- Table structure for table `org_survey_report_access_history`
--

DROP TABLE IF EXISTS `org_survey_report_access_history`;
/*!40101 SET @saved_cs_client     = @@character_set_client */;
/*!40101 SET character_set_client = utf8 */;
CREATE TABLE `org_survey_report_access_history` (
  `org_id` int(11) NOT NULL,
  `person_id` int(11) NOT NULL,
  `survey_id` int(11) NOT NULL,
  `year_id` varchar(10) COLLATE utf8_unicode_ci NOT NULL,
  `cohort_code` int(11) NOT NULL,
  `created_by` int(11) DEFAULT NULL,
  `modified_by` int(11) DEFAULT NULL,
  `deleted_by` int(11) DEFAULT NULL,
  `created_at` datetime DEFAULT NULL,
  `modified_at` datetime DEFAULT NULL,
  `deleted_at` datetime DEFAULT NULL,
  `last_accessed_on` datetime DEFAULT NULL,
  `student_id` int(11) NOT NULL,
  PRIMARY KEY (`org_id`,`person_id`,`student_id`,`survey_id`,`year_id`,`cohort_code`),
  KEY `IDX_3B610FEDDE12AB56` (`created_by`),
  KEY `IDX_3B610FED25F94802` (`modified_by`),
  KEY `IDX_3B610FED1F6FA0AF` (`deleted_by`),
  KEY `IDX_3B610FEDF4837C1B` (`org_id`),
  KEY `IDX_3B610FED217BBB47` (`person_id`),
  KEY `IDX_3B610FEDB3FE509D` (`survey_id`),
  KEY `IDX_3B610FED40C1FEA7` (`year_id`),
  KEY `IDX_3B610FEDCB944F1A` (`student_id`),
  CONSTRAINT `FK_3B610FED1F6FA0AF` FOREIGN KEY (`deleted_by`) REFERENCES `person` (`id`),
  CONSTRAINT `FK_3B610FED217BBB47` FOREIGN KEY (`person_id`) REFERENCES `person` (`id`),
  CONSTRAINT `FK_3B610FED25F94802` FOREIGN KEY (`modified_by`) REFERENCES `person` (`id`),
  CONSTRAINT `FK_3B610FED40C1FEA7` FOREIGN KEY (`year_id`) REFERENCES `year` (`id`),
  CONSTRAINT `FK_3B610FEDB3FE509D` FOREIGN KEY (`survey_id`) REFERENCES `survey` (`id`),
  CONSTRAINT `FK_3B610FEDCB944F1A` FOREIGN KEY (`student_id`) REFERENCES `person` (`id`),
  CONSTRAINT `FK_3B610FEDDE12AB56` FOREIGN KEY (`created_by`) REFERENCES `person` (`id`),
  CONSTRAINT `FK_3B610FEDF4837C1B` FOREIGN KEY (`org_id`) REFERENCES `organization` (`id`)
) ENGINE=InnoDB DEFAULT CHARSET=utf8 COLLATE=utf8_unicode_ci;
/*!40101 SET character_set_client = @saved_cs_client */;

--
-- Dumping data for table `org_survey_report_access_history`
--

LOCK TABLES `org_survey_report_access_history` WRITE;
/*!40000 ALTER TABLE `org_survey_report_access_history` DISABLE KEYS */;
/*!40000 ALTER TABLE `org_survey_report_access_history` ENABLE KEYS */;
UNLOCK TABLES;

--
-- Table structure for table `org_talking_points`
--

DROP TABLE IF EXISTS `org_talking_points`;
/*!40101 SET @saved_cs_client     = @@character_set_client */;
/*!40101 SET character_set_client = utf8 */;
CREATE TABLE `org_talking_points` (
  `id` int(11) NOT NULL AUTO_INCREMENT,
  `created_by` int(11) DEFAULT NULL,
  `modified_by` int(11) DEFAULT NULL,
  `deleted_by` int(11) DEFAULT NULL,
  `organization_id` int(11) DEFAULT NULL,
  `person_id` int(11) DEFAULT NULL,
  `talking_points_id` int(11) DEFAULT NULL,
  `survey_id` int(11) DEFAULT NULL,
  `org_academic_year_id` int(11) DEFAULT NULL,
  `org_academic_terms_id` int(11) DEFAULT NULL,
  `created_at` datetime DEFAULT NULL,
  `modified_at` datetime DEFAULT NULL,
  `deleted_at` datetime DEFAULT NULL,
  `response` varchar(45) COLLATE utf8_unicode_ci DEFAULT NULL,
  `source_modified_at` datetime DEFAULT NULL,
  PRIMARY KEY (`id`),
  KEY `IDX_861DCA16DE12AB56` (`created_by`),
  KEY `IDX_861DCA1625F94802` (`modified_by`),
  KEY `IDX_861DCA161F6FA0AF` (`deleted_by`),
  KEY `IDX_861DCA1632C8A3DE` (`organization_id`),
  KEY `IDX_861DCA16217BBB47` (`person_id`),
  KEY `IDX_861DCA16CDC12E8B` (`talking_points_id`),
  KEY `IDX_861DCA16B3FE509D` (`survey_id`),
  KEY `OPTM` (`organization_id`,`person_id`,`talking_points_id`,`modified_at`),
  KEY `org_academic_year_id` (`org_academic_year_id`),
  KEY `org_academic_terms_id` (`org_academic_terms_id`),
  KEY `source_modified_at` (`source_modified_at`),
  CONSTRAINT `FK_861DCA161F6FA0AF` FOREIGN KEY (`deleted_by`) REFERENCES `person` (`id`),
  CONSTRAINT `FK_861DCA16217BBB47` FOREIGN KEY (`person_id`) REFERENCES `person` (`id`),
  CONSTRAINT `FK_861DCA1625F94802` FOREIGN KEY (`modified_by`) REFERENCES `person` (`id`),
  CONSTRAINT `FK_861DCA1632C8A3DE` FOREIGN KEY (`organization_id`) REFERENCES `organization` (`id`),
  CONSTRAINT `FK_861DCA16B3FE509D` FOREIGN KEY (`survey_id`) REFERENCES `survey` (`id`),
  CONSTRAINT `FK_861DCA16CDC12E8B` FOREIGN KEY (`talking_points_id`) REFERENCES `talking_points` (`id`),
  CONSTRAINT `FK_861DCA16DE12AB56` FOREIGN KEY (`created_by`) REFERENCES `person` (`id`),
  CONSTRAINT `org_talking_points_ibfk_1` FOREIGN KEY (`org_academic_year_id`) REFERENCES `org_academic_year` (`id`),
  CONSTRAINT `org_talking_points_ibfk_2` FOREIGN KEY (`org_academic_terms_id`) REFERENCES `org_academic_terms` (`id`)
) ENGINE=InnoDB DEFAULT CHARSET=utf8 COLLATE=utf8_unicode_ci;
/*!40101 SET character_set_client = @saved_cs_client */;

--
-- Dumping data for table `org_talking_points`
--

LOCK TABLES `org_talking_points` WRITE;
/*!40000 ALTER TABLE `org_talking_points` DISABLE KEYS */;
/*!40000 ALTER TABLE `org_talking_points` ENABLE KEYS */;
UNLOCK TABLES;

--
-- Table structure for table `org_users`
--

DROP TABLE IF EXISTS `org_users`;
/*!40101 SET @saved_cs_client     = @@character_set_client */;
/*!40101 SET character_set_client = utf8 */;
CREATE TABLE `org_users` (
  `id` int(11) NOT NULL AUTO_INCREMENT,
  `created_by` int(11) DEFAULT NULL,
  `modified_by` int(11) DEFAULT NULL,
  `deleted_by` int(11) DEFAULT NULL,
  `organization_id` int(11) DEFAULT NULL,
  `person_id` int(11) DEFAULT NULL,
  `created_at` datetime DEFAULT NULL,
  `modified_at` datetime DEFAULT NULL,
  `deleted_at` datetime DEFAULT NULL,
  PRIMARY KEY (`id`),
  KEY `IDX_EACE568BDE12AB56` (`created_by`),
  KEY `IDX_EACE568B25F94802` (`modified_by`),
  KEY `IDX_EACE568B1F6FA0AF` (`deleted_by`),
  KEY `fk_organization_tier_users_organization1_idx` (`organization_id`),
  KEY `fk_organization_tier_users_person1_idx` (`person_id`),
  CONSTRAINT `FK_EACE568B1F6FA0AF` FOREIGN KEY (`deleted_by`) REFERENCES `person` (`id`),
  CONSTRAINT `FK_EACE568B217BBB47` FOREIGN KEY (`person_id`) REFERENCES `person` (`id`),
  CONSTRAINT `FK_EACE568B25F94802` FOREIGN KEY (`modified_by`) REFERENCES `person` (`id`),
  CONSTRAINT `FK_EACE568B32C8A3DE` FOREIGN KEY (`organization_id`) REFERENCES `organization` (`id`),
  CONSTRAINT `FK_EACE568BDE12AB56` FOREIGN KEY (`created_by`) REFERENCES `person` (`id`)
) ENGINE=InnoDB DEFAULT CHARSET=utf8 COLLATE=utf8_unicode_ci;
/*!40101 SET character_set_client = @saved_cs_client */;

--
-- Dumping data for table `org_users`
--

LOCK TABLES `org_users` WRITE;
/*!40000 ALTER TABLE `org_users` DISABLE KEYS */;
/*!40000 ALTER TABLE `org_users` ENABLE KEYS */;
UNLOCK TABLES;

--
-- Table structure for table `organization`
--

DROP TABLE IF EXISTS `organization`;
/*!40101 SET @saved_cs_client     = @@character_set_client */;
/*!40101 SET character_set_client = utf8 */;
CREATE TABLE `organization` (
  `id` int(11) NOT NULL AUTO_INCREMENT,
  `created_by` int(11) DEFAULT NULL,
  `created_at` datetime DEFAULT NULL,
  `modified_by` int(11) DEFAULT NULL,
  `modified_at` datetime DEFAULT NULL,
  `deleted_by` int(11) DEFAULT NULL,
  `deleted_at` datetime DEFAULT NULL,
  `subdomain` varchar(45) COLLATE utf8_unicode_ci DEFAULT NULL,
  `status` varchar(1) COLLATE utf8_unicode_ci DEFAULT NULL,
  `website` varchar(100) COLLATE utf8_unicode_ci DEFAULT NULL,
  `parent_organization_id` int(11) DEFAULT NULL,
  `time_zone` varchar(45) COLLATE utf8_unicode_ci DEFAULT NULL,
  `logo_file_name` longtext COLLATE utf8_unicode_ci,
  `primary_color` varchar(45) COLLATE utf8_unicode_ci DEFAULT NULL,
  `secondary_color` varchar(45) COLLATE utf8_unicode_ci DEFAULT NULL,
  `ebi_confidentiality_statement` varchar(5000) COLLATE utf8_unicode_ci DEFAULT NULL,
  `custom_confidentiality_statement` varchar(5000) COLLATE utf8_unicode_ci DEFAULT NULL,
  `inactivity_timeout` int(11) DEFAULT NULL,
  `ftp_user` varchar(45) COLLATE utf8_unicode_ci DEFAULT NULL,
  `ftp_password` varchar(100) COLLATE utf8_unicode_ci DEFAULT NULL,
  `ftp_home` varchar(200) COLLATE utf8_unicode_ci DEFAULT NULL,
  `academic_update_notification` tinyint(1) DEFAULT NULL,
  `refer_for_academic_assistance` tinyint(1) DEFAULT NULL,
  `send_to_student` tinyint(1) DEFAULT NULL,
  `campus_id` varchar(15) COLLATE utf8_unicode_ci DEFAULT NULL,
  `tier` enum('0','1','2','3') COLLATE utf8_unicode_ci DEFAULT NULL,
  `external_id` varchar(45) COLLATE utf8_unicode_ci DEFAULT NULL,
  `pcs` enum('G','E') COLLATE utf8_unicode_ci DEFAULT NULL,
  `is_ldap_saml_enabled` tinyint(1) DEFAULT NULL,
  `can_view_in_progress_grade` tinyint(1) DEFAULT NULL,
  `can_view_absences` tinyint(1) DEFAULT NULL,
  `can_view_comments` tinyint(1) DEFAULT NULL,
  PRIMARY KEY (`id`)
) ENGINE=InnoDB AUTO_INCREMENT=552 DEFAULT CHARSET=utf8 COLLATE=utf8_unicode_ci;
/*!40101 SET character_set_client = @saved_cs_client */;

--
-- Dumping data for table `organization`
--

LOCK TABLES `organization` WRITE;
/*!40000 ALTER TABLE `organization` DISABLE KEYS */;
INSERT INTO `organization` VALUES
(-2,NULL,NULL,NULL,NULL,NULL,NULL,'ART user',NULL,NULL,NULL,NULL,NULL,NULL,NULL,NULL,NULL,NULL,NULL,NULL,NULL,NULL,NULL,NULL,NULL,NULL,NULL,NULL,NULL,NULL,NULL,NULL),
(-1,NULL,NULL,NULL,NULL,NULL,NULL,'Ebi User Org',NULL,NULL,NULL,NULL,NULL,NULL,NULL,NULL,NULL,NULL,NULL,NULL,NULL,NULL,NULL,NULL,NULL,NULL,NULL,NULL,NULL,NULL,NULL,NULL),
(542,NULL,'2015-05-11 21:47:57',NULL,'2015-05-27 17:36:14',NULL,NULL,'hogwarts','A',NULL,NULL,'Central','images/default-mw-header-logo.png','#4673a7','#1e73d5',NULL,'',30,NULL,NULL,NULL,NULL,0,0,'nsu','0',NULL,NULL,NULL,NULL,NULL,NULL),
(543,NULL,'2015-06-15 17:29:11',NULL,'2015-06-15 17:46:27',NULL,NULL,'ssu','A',NULL,NULL,'Central','images/default-mw-header-logo.png','#4673a7','#1e73d5',NULL,'',30,NULL,NULL,NULL,NULL,0,0,'ssu','0',NULL,NULL,NULL,NULL,NULL,NULL),
(544,NULL,'2015-07-27 19:31:48',NULL,'2015-07-27 19:31:48',NULL,NULL,NULL,NULL,NULL,NULL,NULL,NULL,NULL,NULL,NULL,NULL,NULL,NULL,NULL,NULL,NULL,NULL,NULL,'ptTestID','1',NULL,NULL,NULL,NULL,NULL,NULL),
(545,NULL,'2015-07-27 19:32:13',NULL,'2015-07-27 19:32:13',NULL,NULL,NULL,NULL,NULL,544,NULL,NULL,NULL,NULL,NULL,NULL,NULL,NULL,NULL,NULL,NULL,NULL,NULL,'stTestID','2',NULL,NULL,NULL,NULL,NULL,NULL),
(546,NULL,'2015-07-27 19:32:58',NULL,'2015-07-27 19:32:58',NULL,NULL,'testSubdomain','I',NULL,545,'Eastern',NULL,NULL,NULL,NULL,NULL,NULL,NULL,NULL,NULL,NULL,NULL,NULL,'cTestID','3',NULL,NULL,NULL,NULL,NULL,NULL),
(547,NULL,'2015-07-28 15:27:21',NULL,'2015-07-28 15:27:21',NULL,NULL,NULL,NULL,NULL,NULL,NULL,NULL,NULL,NULL,NULL,NULL,NULL,NULL,NULL,NULL,NULL,NULL,NULL,'dcpt','1',NULL,NULL,NULL,NULL,NULL,NULL),
(548,NULL,'2015-07-28 15:27:46',NULL,'2015-07-28 15:27:46',NULL,NULL,NULL,NULL,NULL,547,NULL,NULL,NULL,NULL,NULL,NULL,NULL,NULL,NULL,NULL,NULL,NULL,NULL,'dcst','2',NULL,NULL,NULL,NULL,NULL,NULL),
(549,NULL,'2015-07-28 15:28:30',NULL,'2015-07-28 15:28:30',NULL,NULL,'dc','I',NULL,548,'Eastern',NULL,NULL,NULL,NULL,NULL,NULL,NULL,NULL,NULL,NULL,NULL,NULL,'dcID','3',NULL,NULL,NULL,NULL,NULL,NULL),
(550,NULL,'2015-07-28 15:29:29',NULL,'2015-07-28 15:30:00',NULL,NULL,NULL,NULL,NULL,NULL,NULL,NULL,NULL,NULL,NULL,NULL,NULL,NULL,NULL,NULL,NULL,NULL,NULL,'dstpt','1',NULL,NULL,NULL,NULL,NULL,NULL),
(551,NULL,'2015-07-28 15:30:19',NULL,'2015-07-28 15:30:19',NULL,NULL,NULL,NULL,NULL,550,NULL,NULL,NULL,NULL,NULL,NULL,NULL,NULL,NULL,NULL,NULL,NULL,NULL,'dst','2',NULL,NULL,NULL,NULL,NULL,NULL);
/*!40000 ALTER TABLE `organization` ENABLE KEYS */;
UNLOCK TABLES;

--
-- Table structure for table `organization_lang`
--

DROP TABLE IF EXISTS `organization_lang`;
/*!40101 SET @saved_cs_client     = @@character_set_client */;
/*!40101 SET character_set_client = utf8 */;
CREATE TABLE `organization_lang` (
  `id` int(11) NOT NULL AUTO_INCREMENT,
  `organization_id` int(11) DEFAULT NULL,
  `lang_id` int(11) DEFAULT NULL,
  `created_by` int(11) DEFAULT NULL,
  `created_at` datetime DEFAULT NULL,
  `modified_by` int(11) DEFAULT NULL,
  `modified_at` datetime DEFAULT NULL,
  `deleted_by` int(11) DEFAULT NULL,
  `deleted_at` datetime DEFAULT NULL,
  `organization_name` varchar(255) COLLATE utf8_unicode_ci DEFAULT NULL,
  `nick_name` varchar(45) COLLATE utf8_unicode_ci DEFAULT NULL,
  `description` varchar(1000) COLLATE utf8_unicode_ci DEFAULT NULL,
  PRIMARY KEY (`id`),
  KEY `IDX_800BAFF32C8A3DE` (`organization_id`),
  KEY `IDX_800BAFFB213FA4` (`lang_id`),
  CONSTRAINT `FK_800BAFF32C8A3DE` FOREIGN KEY (`organization_id`) REFERENCES `organization` (`id`),
  CONSTRAINT `FK_800BAFFB213FA4` FOREIGN KEY (`lang_id`) REFERENCES `language_master` (`id`)
) ENGINE=InnoDB AUTO_INCREMENT=553 DEFAULT CHARSET=utf8 COLLATE=utf8_unicode_ci;
/*!40101 SET character_set_client = @saved_cs_client */;

--
-- Dumping data for table `organization_lang`
--

LOCK TABLES `organization_lang` WRITE;
/*!40000 ALTER TABLE `organization_lang` DISABLE KEYS */;
INSERT INTO `organization_lang` VALUES
(542,542,1,NULL,'2015-05-11 21:47:57',NULL,'2015-05-11 21:47:57',NULL,NULL,'Hogwarts School of Witchcraft and Wizardry','Hogwarts',NULL),
(543,543,1,NULL,'2015-06-15 17:29:11',NULL,'2015-06-15 17:29:11',NULL,NULL,'South State University','SSU',NULL),
(544,-1,1,NULL,NULL,NULL,NULL,NULL,NULL,'Ebi User Org','Ebi User Org',NULL),
(545,544,1,NULL,'2015-07-27 19:31:48',NULL,'2015-07-27 19:31:48',NULL,NULL,'Primary Tier Test',NULL,NULL),
(546,545,1,NULL,'2015-07-27 19:32:13',NULL,'2015-07-27 19:32:13',NULL,NULL,'Secondary Tier Test',NULL,NULL),
(547,546,1,NULL,'2015-07-27 19:32:58',NULL,'2015-07-27 19:32:58',NULL,NULL,'Campus Name Test','Campus Nickname Test',NULL),
(548,547,1,NULL,'2015-07-28 15:27:21',NULL,'2015-07-28 15:27:21',NULL,NULL,'Delete Campus Primary Tier',NULL,NULL),
(549,548,1,NULL,'2015-07-28 15:27:46',NULL,'2015-07-28 15:27:46',NULL,NULL,'Delete Campus Secondary Tier',NULL,NULL),
(550,549,1,NULL,'2015-07-28 15:28:30',NULL,'2015-07-28 15:28:30',NULL,NULL,'Delete Campus Name','Delete Campus NickName',NULL),
(551,550,1,NULL,'2015-07-28 15:29:29',NULL,'2015-07-28 15:30:00',NULL,NULL,'Delete Secondary Tier Primary Tier',NULL,NULL),
(552,551,1,NULL,'2015-07-28 15:30:19',NULL,'2015-07-28 15:30:19',NULL,NULL,'Delete Secondary Tier',NULL,NULL);
/*!40000 ALTER TABLE `organization_lang` ENABLE KEYS */;
UNLOCK TABLES;

--
-- Table structure for table `organization_role`
--

DROP TABLE IF EXISTS `organization_role`;
/*!40101 SET @saved_cs_client     = @@character_set_client */;
/*!40101 SET character_set_client = utf8 */;
CREATE TABLE `organization_role` (
  `id` int(11) NOT NULL AUTO_INCREMENT,
  `role_id` int(11) DEFAULT NULL,
  `person_id` int(11) DEFAULT NULL,
  `organization_id` int(11) DEFAULT NULL,
  `created_by` int(11) DEFAULT NULL,
  `created_at` datetime DEFAULT NULL,
  `modified_by` int(11) DEFAULT NULL,
  `modified_at` datetime DEFAULT NULL,
  `deleted_by` int(11) DEFAULT NULL,
  `deleted_at` datetime DEFAULT NULL,
  PRIMARY KEY (`id`),
  KEY `IDX_6E60B4F7D60322AC` (`role_id`),
  KEY `IDX_6E60B4F7217BBB47` (`person_id`),
  KEY `IDX_6E60B4F732C8A3DE` (`organization_id`),
  CONSTRAINT `FK_6E60B4F7217BBB47` FOREIGN KEY (`person_id`) REFERENCES `person` (`id`),
  CONSTRAINT `FK_6E60B4F732C8A3DE` FOREIGN KEY (`organization_id`) REFERENCES `organization` (`id`),
  CONSTRAINT `FK_6E60B4F7D60322AC` FOREIGN KEY (`role_id`) REFERENCES `role` (`id`)
) ENGINE=InnoDB AUTO_INCREMENT=723 DEFAULT CHARSET=utf8 COLLATE=utf8_unicode_ci;
/*!40101 SET character_set_client = @saved_cs_client */;

--
-- Dumping data for table `organization_role`
--

LOCK TABLES `organization_role` WRITE;
/*!40000 ALTER TABLE `organization_role` DISABLE KEYS */;
INSERT INTO `organization_role` VALUES
(657,4,99385,542,NULL,'2015-05-11 21:54:11',NULL,'2015-05-11 21:54:11',NULL,NULL),
(716,1,99704,542,NULL,'2015-05-20 14:23:11',NULL,'2015-05-20 14:23:11',NULL,NULL),
(717,1,99705,543,NULL,'2015-06-15 17:31:01',NULL,'2015-06-15 17:31:01',NULL,NULL),
(718,4,99706,-1,NULL,NULL,NULL,NULL,NULL,NULL),
(719,2,99707,542,NULL,'2015-06-23 18:03:48',NULL,'2015-06-23 18:03:48',NULL,NULL),
(720,3,99708,542,NULL,'2015-06-23 18:05:47',NULL,'2015-06-23 18:05:47',NULL,NULL),
(721,1,99709,542,NULL,'2015-06-23 18:09:21',NULL,'2015-06-23 18:09:21',NULL,NULL),
(722,1,99714,546,NULL,'2015-07-27 19:34:30',NULL,'2015-07-27 19:34:30',NULL,NULL);
/*!40000 ALTER TABLE `organization_role` ENABLE KEYS */;
UNLOCK TABLES;

--
-- Table structure for table `person`
--

DROP TABLE IF EXISTS `person`;
/*!40101 SET @saved_cs_client     = @@character_set_client */;
/*!40101 SET character_set_client = utf8 */;
CREATE TABLE `person` (
  `id` int(11) NOT NULL AUTO_INCREMENT,
  `created_by` int(11) DEFAULT NULL,
  `created_at` datetime DEFAULT NULL,
  `modified_by` int(11) DEFAULT NULL,
  `modified_at` datetime DEFAULT NULL,
  `deleted_by` int(11) DEFAULT NULL,
  `deleted_at` datetime DEFAULT NULL,
  `firstname` varchar(100) COLLATE utf8_unicode_ci DEFAULT NULL,
  `lastname` varchar(100) COLLATE utf8_unicode_ci DEFAULT NULL,
  `title` varchar(45) COLLATE utf8_unicode_ci DEFAULT NULL,
  `date_of_birth` date DEFAULT NULL,
  `external_id` varchar(255) COLLATE utf8_unicode_ci DEFAULT NULL,
  `username` varchar(100) COLLATE utf8_unicode_ci DEFAULT NULL,
  `password` varchar(255) COLLATE utf8_unicode_ci DEFAULT NULL,
  `activation_token` varchar(500) COLLATE utf8_unicode_ci DEFAULT NULL,
  `confidentiality_stmt_accept_date` datetime DEFAULT NULL,
  `organization_id` int(11) DEFAULT NULL,
  `token_expiry_date` datetime DEFAULT NULL,
  `welcome_email_sent_date` date DEFAULT NULL,
  `risk_level` int(11) DEFAULT NULL,
  `risk_update_date` datetime DEFAULT NULL,
  `intent_to_leave` int(11) DEFAULT NULL,
  `intent_to_leave_update_date` datetime DEFAULT NULL,
  `last_contact_date` datetime DEFAULT NULL,
  `last_activity` varchar(255) COLLATE utf8_unicode_ci DEFAULT NULL,
  `record_type` enum('home','master','both') COLLATE utf8_unicode_ci DEFAULT NULL,
  `auth_username` varchar(100) COLLATE utf8_unicode_ci DEFAULT NULL,
  `is_locked` enum('y','n') COLLATE utf8_unicode_ci NOT NULL DEFAULT 'n',
  PRIMARY KEY (`id`),
  KEY `IDX_34DCD17632C8A3DE` (`organization_id`),
  KEY `IDX_34DCD176DE12AB56` (`created_by`),
  KEY `IDX_34DCD17625F94802` (`modified_by`),
  KEY `IDX_34DCD1761F6FA0AF` (`deleted_by`),
  KEY `IDX_34DCD176CB20FE3A` (`intent_to_leave`),
  KEY `fk_person_risk_level1_idx` (`risk_level`),
  KEY `username_idx` (`username`),
  KEY `deleted_at_idx` (`deleted_at`),
  KEY `external_id_idx` (`external_id`(15)),
  KEY `firstname_idx` (`firstname`(15)),
  KEY `lastname_idx` (`lastname`(15)),
  KEY `activation_token_idx` (`activation_token`(8)),
  CONSTRAINT `FK_34DCD1761F6FA0AF` FOREIGN KEY (`deleted_by`) REFERENCES `person` (`id`),
  CONSTRAINT `FK_34DCD17625F94802` FOREIGN KEY (`modified_by`) REFERENCES `person` (`id`),
  CONSTRAINT `FK_34DCD17632C8A3DE` FOREIGN KEY (`organization_id`) REFERENCES `organization` (`id`),
  CONSTRAINT `FK_34DCD176CB20FE3A` FOREIGN KEY (`intent_to_leave`) REFERENCES `intent_to_leave` (`id`),
  CONSTRAINT `FK_34DCD176DE12AB56` FOREIGN KEY (`created_by`) REFERENCES `person` (`id`),
  CONSTRAINT `FK_34DCD176EB88056C` FOREIGN KEY (`risk_level`) REFERENCES `risk_level` (`id`)
) ENGINE=InnoDB AUTO_INCREMENT=99716 DEFAULT CHARSET=utf8 COLLATE=utf8_unicode_ci;
/*!40101 SET character_set_client = @saved_cs_client */;

--
-- Dumping data for table `person`
--

LOCK TABLES `person` WRITE;
/*!40000 ALTER TABLE `person` DISABLE KEYS */;
INSERT INTO `person` VALUES
(99385,NULL,'2015-05-11 21:54:11',NULL,'2015-05-11 21:58:57',NULL,NULL,'Andrew','Wilson','Undesirable No 1',NULL,'C555125038aed7','andrew.wilson@mailinator.com','$2a$10$XXm3JC5TyTkPEy7s/zhZEe.gXZl5NI2/MMrT1EfrqGcGUpVuuAoeS','','2015-05-11 21:58:57',542,NULL,'2015-05-11',NULL,NULL,NULL,NULL,NULL,NULL,NULL,NULL,NULL,'y'),
(99410,NULL,'2015-05-13 17:01:48',NULL,'2015-06-19 18:39:04',NULL,NULL,'Alicia ','Spinnet',NULL,NULL,'S001','alicia.spinnet@mailinator.com','$2a$10$XXm3JC5TyTkPEy7s/zhZEe.gXZl5NI2/MMrT1EfrqGcGUpVuuAoeS',NULL,NULL,542,NULL,NULL,NULL,NULL,5,'2015-11-11 16:17:17','2015-06-19 18:37:39',NULL,'06/19/15- Referral',NULL,NULL,'y'),
(99411,NULL,'2015-05-13 17:01:48',NULL,'2015-06-23 16:51:10',NULL,NULL,'Angelina ','Johnson',NULL,NULL,'S002','angelina.johnson@mailinator.com','$2a$10$XXm3JC5TyTkPEy7s/zhZEe.gXZl5NI2/MMrT1EfrqGcGUpVuuAoeS',NULL,NULL,542,NULL,NULL,NULL,NULL,5,'2015-11-11 16:17:17','2015-06-23 16:50:18',NULL,'06/23/15- Referral',NULL,NULL,'y'),
(99412,NULL,'2015-05-13 17:01:49',NULL,'2015-05-13 17:01:49',NULL,NULL,'Arian ','Pucey',NULL,NULL,'S003','arian.pucey@mailinator.com','$2a$10$XXm3JC5TyTkPEy7s/zhZEe.gXZl5NI2/MMrT1EfrqGcGUpVuuAoeS',NULL,NULL,542,NULL,NULL,NULL,NULL,5,'2015-11-11 16:17:17',NULL,NULL,NULL,NULL,NULL,'y'),
(99413,NULL,'2015-05-13 17:01:49',NULL,'2015-07-10 13:23:31',NULL,NULL,'Cedric ','Diggory',NULL,NULL,'S004','cedric.diggory@mailinator.com','$2a$10$XXm3JC5TyTkPEy7s/zhZEe.gXZl5NI2/MMrT1EfrqGcGUpVuuAoeS',NULL,NULL,542,NULL,NULL,NULL,NULL,5,'2015-11-11 16:17:17','2015-07-10 13:21:25',NULL,'07/10/15- Appoinment',NULL,NULL,'y'),
(99414,NULL,'2015-05-13 17:01:49',NULL,'2015-05-19 21:52:30',NULL,NULL,'Cho ','Chang',NULL,NULL,'S005','cho.chang@mailinator.com','$2a$10$XXm3JC5TyTkPEy7s/zhZEe.gXZl5NI2/MMrT1EfrqGcGUpVuuAoeS',NULL,NULL,542,NULL,NULL,NULL,NULL,5,'2015-11-11 16:17:17',NULL,NULL,NULL,NULL,NULL,'y'),
(99415,NULL,'2015-05-13 17:01:49',NULL,'2015-05-13 17:01:49',NULL,NULL,'Colin ','Creevey',NULL,NULL,'S006','colin.creevey@mailinator.com','$2a$10$XXm3JC5TyTkPEy7s/zhZEe.gXZl5NI2/MMrT1EfrqGcGUpVuuAoeS',NULL,NULL,542,NULL,NULL,NULL,NULL,5,'2015-11-11 16:17:17',NULL,NULL,NULL,NULL,NULL,'y'),
(99416,NULL,'2015-05-13 17:01:49',NULL,'2015-05-13 17:01:49',NULL,NULL,'Draco ','Malfoy',NULL,NULL,'S007','draco.malfoy@mailinator.com','$2a$10$XXm3JC5TyTkPEy7s/zhZEe.gXZl5NI2/MMrT1EfrqGcGUpVuuAoeS',NULL,NULL,542,NULL,NULL,NULL,NULL,5,'2015-11-11 16:17:17',NULL,NULL,NULL,NULL,NULL,'y'),
(99417,NULL,'2015-05-13 17:01:50',NULL,'2015-05-20 14:27:05',NULL,NULL,'Fred ','Weasley',NULL,NULL,'S008','fred.weasley@mailinator.com','$2a$10$XXm3JC5TyTkPEy7s/zhZEe.gXZl5NI2/MMrT1EfrqGcGUpVuuAoeS',NULL,NULL,542,NULL,NULL,NULL,NULL,5,'2015-11-11 16:17:17',NULL,NULL,NULL,NULL,NULL,'y'),
(99418,NULL,'2015-05-13 17:01:50',NULL,'2015-05-13 17:01:50',NULL,NULL,'George ','Weasley',NULL,NULL,'S009','george.weasley@mailinator.com','$2a$10$XXm3JC5TyTkPEy7s/zhZEe.gXZl5NI2/MMrT1EfrqGcGUpVuuAoeS',NULL,NULL,542,NULL,NULL,NULL,NULL,5,'2015-11-11 16:17:17',NULL,NULL,NULL,NULL,NULL,'y'),
(99419,NULL,'2015-05-13 17:01:50',NULL,'2015-05-13 17:01:50',NULL,NULL,'Ginny ','Weasley',NULL,NULL,'S010','ginny.weasley@mailinator.com','$2a$10$XXm3JC5TyTkPEy7s/zhZEe.gXZl5NI2/MMrT1EfrqGcGUpVuuAoeS',NULL,NULL,542,NULL,NULL,NULL,NULL,5,'2015-11-11 16:17:17',NULL,NULL,NULL,NULL,NULL,'y'),
(99420,NULL,'2015-05-13 17:01:50',NULL,'2015-05-13 17:01:50',NULL,NULL,'Gregory ','Goyle',NULL,NULL,'S011','gregory.goyle@mailinator.com','$2a$10$XXm3JC5TyTkPEy7s/zhZEe.gXZl5NI2/MMrT1EfrqGcGUpVuuAoeS',NULL,NULL,542,NULL,NULL,NULL,NULL,5,'2015-11-11 16:17:17',NULL,NULL,NULL,NULL,NULL,'y'),
(99421,NULL,'2015-05-13 17:01:50',NULL,'2015-05-13 17:01:50',NULL,NULL,'Hannah ','Abbott',NULL,NULL,'S012','hannah.abbott@mailinator.com','$2a$10$XXm3JC5TyTkPEy7s/zhZEe.gXZl5NI2/MMrT1EfrqGcGUpVuuAoeS',NULL,NULL,542,NULL,NULL,NULL,NULL,5,'2015-11-11 16:17:17',NULL,NULL,NULL,NULL,NULL,'y'),
(99422,NULL,'2015-05-13 17:01:51',NULL,'2015-07-28 21:56:04',NULL,NULL,'Harry ','Potter',NULL,NULL,'S013','harry.potter@mailinator.com','$2a$10$XXm3JC5TyTkPEy7s/zhZEe.gXZl5NI2/MMrT1EfrqGcGUpVuuAoeS',NULL,NULL,542,NULL,NULL,NULL,NULL,5,'2015-11-11 16:17:17','2015-07-20 21:28:28',NULL,'07/28/15- Appoinment',NULL,NULL,'y'),
(99423,NULL,'2015-05-13 17:01:51',NULL,'2015-05-13 17:01:51',NULL,NULL,'Hermione ','Granger',NULL,NULL,'S014','hermione.granger@mailinator.com','$2a$10$XXm3JC5TyTkPEy7s/zhZEe.gXZl5NI2/MMrT1EfrqGcGUpVuuAoeS',NULL,NULL,542,NULL,NULL,NULL,NULL,5,'2015-11-11 16:17:17',NULL,NULL,NULL,NULL,NULL,'y'),
(99424,NULL,'2015-05-13 17:01:51',NULL,'2015-05-13 17:01:51',NULL,NULL,'Justin ','Finch-Fletchley',NULL,NULL,'S015','justin.finch-fletchley@mailinator.com','$2a$10$XXm3JC5TyTkPEy7s/zhZEe.gXZl5NI2/MMrT1EfrqGcGUpVuuAoeS',NULL,NULL,542,NULL,NULL,NULL,NULL,5,'2015-11-11 16:17:17',NULL,NULL,NULL,NULL,NULL,'y'),
(99425,NULL,'2015-05-13 17:01:51',NULL,'2015-05-13 17:01:51',NULL,NULL,'Katie ','Bell',NULL,NULL,'S016','katie.bell@mailinator.com','$2a$10$XXm3JC5TyTkPEy7s/zhZEe.gXZl5NI2/MMrT1EfrqGcGUpVuuAoeS',NULL,NULL,542,NULL,NULL,NULL,NULL,5,'2015-11-11 16:17:17',NULL,NULL,NULL,NULL,NULL,'y'),
(99426,NULL,'2015-05-13 17:01:51',NULL,'2015-05-13 17:01:51',NULL,NULL,'Luna ','Lovegood',NULL,NULL,'S017','luna.lovegood@mailinator.com','$2a$10$XXm3JC5TyTkPEy7s/zhZEe.gXZl5NI2/MMrT1EfrqGcGUpVuuAoeS',NULL,NULL,542,NULL,NULL,NULL,NULL,5,'2015-11-11 16:17:17',NULL,NULL,NULL,NULL,NULL,'y'),
(99427,NULL,'2015-05-13 17:01:52',NULL,'2015-05-13 17:01:52',NULL,NULL,'Miles ','Bletchley',NULL,NULL,'S018','miles.bletchley@mailinator.com','$2a$10$XXm3JC5TyTkPEy7s/zhZEe.gXZl5NI2/MMrT1EfrqGcGUpVuuAoeS',NULL,NULL,542,NULL,NULL,NULL,NULL,5,'2015-11-11 16:17:17',NULL,NULL,NULL,NULL,NULL,'y'),
(99428,NULL,'2015-05-13 17:01:52',NULL,'2015-05-13 17:01:52',NULL,NULL,'Millicent ','Bulstrode',NULL,NULL,'S019','millicent.bulstrode@mailinator.com','$2a$10$XXm3JC5TyTkPEy7s/zhZEe.gXZl5NI2/MMrT1EfrqGcGUpVuuAoeS',NULL,NULL,542,NULL,NULL,NULL,NULL,5,'2015-11-11 16:17:17',NULL,NULL,NULL,NULL,NULL,'y'),
(99429,NULL,'2015-05-13 17:01:52',NULL,'2015-07-01 18:13:34',NULL,NULL,'Neville ','Longbottom',NULL,NULL,'S020','neville.longbottom@mailinator.com','$2a$10$XXm3JC5TyTkPEy7s/zhZEe.gXZl5NI2/MMrT1EfrqGcGUpVuuAoeS',NULL,NULL,542,NULL,NULL,NULL,NULL,5,'2015-11-11 16:17:17','2015-07-01 17:46:32',NULL,'07/01/15- Referral',NULL,NULL,'y'),
(99430,NULL,'2015-05-13 17:01:52',NULL,'2015-05-13 17:01:52',NULL,NULL,'Padma ','Patil',NULL,NULL,'S021','padma.patil@mailinator.com','$2a$10$XXm3JC5TyTkPEy7s/zhZEe.gXZl5NI2/MMrT1EfrqGcGUpVuuAoeS',NULL,NULL,542,NULL,NULL,NULL,NULL,5,'2015-11-11 16:17:17',NULL,NULL,NULL,NULL,NULL,'y'),
(99431,NULL,'2015-05-13 17:01:52',NULL,'2015-05-13 17:01:52',NULL,NULL,'Pansy ','Parkinson',NULL,NULL,'S022','pansy.parkinson@mailinator.com','$2a$10$XXm3JC5TyTkPEy7s/zhZEe.gXZl5NI2/MMrT1EfrqGcGUpVuuAoeS',NULL,NULL,542,NULL,NULL,NULL,NULL,5,'2015-11-11 16:17:17',NULL,NULL,NULL,NULL,NULL,'y'),
(99432,NULL,'2015-05-13 17:01:53',NULL,'2015-07-17 18:37:02',NULL,NULL,'Ron ','Weasley',NULL,NULL,'S023','ron.weasley@mailinator.com','$2a$10$XXm3JC5TyTkPEy7s/zhZEe.gXZl5NI2/MMrT1EfrqGcGUpVuuAoeS',NULL,NULL,542,NULL,NULL,NULL,NULL,5,'2015-11-11 16:17:17','2015-07-17 18:25:13',NULL,'07/17/15- Appoinment',NULL,NULL,'y'),
(99433,NULL,'2015-05-13 17:01:53',NULL,'2015-05-13 17:01:53',NULL,NULL,'Seamus ','Finnigan',NULL,NULL,'S024','seamus.finnigan@mailinator.com','$2a$10$XXm3JC5TyTkPEy7s/zhZEe.gXZl5NI2/MMrT1EfrqGcGUpVuuAoeS',NULL,NULL,542,NULL,NULL,NULL,NULL,5,'2015-11-11 16:17:17',NULL,NULL,NULL,NULL,NULL,'y'),
(99434,NULL,'2015-05-13 17:01:53',NULL,'2015-05-13 17:01:53',NULL,NULL,'Vincent ','Crabbe',NULL,NULL,'S025','vincent.crabbe@mailinator.com','$2a$10$XXm3JC5TyTkPEy7s/zhZEe.gXZl5NI2/MMrT1EfrqGcGUpVuuAoeS',NULL,NULL,542,NULL,NULL,NULL,NULL,5,'2015-11-11 16:17:17',NULL,NULL,NULL,NULL,NULL,'y'),
(99435,NULL,'2015-05-13 17:02:17',NULL,'2015-05-13 17:02:17',NULL,NULL,'Fred','Dumbledore',NULL,NULL,'F001','fred.dumbledore@mailinator.com','$2a$10$XXm3JC5TyTkPEy7s/zhZEe.gXZl5NI2/MMrT1EfrqGcGUpVuuAoeS',NULL,NULL,542,NULL,NULL,NULL,NULL,NULL,NULL,NULL,NULL,NULL,NULL,NULL,'y'),
(99436,NULL,'2015-05-13 17:02:17',NULL,'2015-07-01 13:24:52',NULL,NULL,'Argus','Filch',NULL,NULL,'F002','argus.filch@mailinator.com','$2a$10$XXm3JC5TyTkPEy7s/zhZEe.gXZl5NI2/MMrT1EfrqGcGUpVuuAoeS',NULL,NULL,542,NULL,NULL,NULL,NULL,NULL,NULL,NULL,NULL,'07/01/15- Note',NULL,NULL,'y'),
(99437,NULL,'2015-05-13 17:02:17',NULL,'2015-07-20 21:28:40',NULL,NULL,'Cuthbert','Binns',NULL,NULL,'F003','cuthbert.binns@mailinator.com','$2a$10$XXm3JC5TyTkPEy7s/zhZEe.gXZl5NI2/MMrT1EfrqGcGUpVuuAoeS',NULL,NULL,542,NULL,NULL,NULL,NULL,NULL,NULL,NULL,NULL,'07/20/15- Note',NULL,NULL,'y'),
(99438,NULL,'2015-05-13 17:02:17',NULL,'2015-05-13 17:02:17',NULL,NULL,'Filius','Flitwick',NULL,NULL,'F004','filius.flitwick@mailinator.com','$2a$10$XXm3JC5TyTkPEy7s/zhZEe.gXZl5NI2/MMrT1EfrqGcGUpVuuAoeS',NULL,NULL,542,NULL,NULL,NULL,NULL,NULL,NULL,NULL,NULL,NULL,NULL,NULL,'y'),
(99439,NULL,'2015-05-13 17:02:18',NULL,'2015-05-13 17:02:18',NULL,NULL,'Marcus','Flint',NULL,NULL,'F005','marcus.flint@mailinator.com','$2a$10$XXm3JC5TyTkPEy7s/zhZEe.gXZl5NI2/MMrT1EfrqGcGUpVuuAoeS',NULL,NULL,542,NULL,NULL,NULL,NULL,NULL,NULL,NULL,NULL,NULL,NULL,NULL,'y'),
(99440,NULL,'2015-05-13 17:02:18',NULL,'2015-06-23 16:48:51',NULL,NULL,'Minerva','McGonagall',NULL,NULL,'F006','minerva.mcgonagall@mailinator.com','$2a$10$XXm3JC5TyTkPEy7s/zhZEe.gXZl5NI2/MMrT1EfrqGcGUpVuuAoeS',NULL,NULL,542,NULL,NULL,NULL,NULL,NULL,NULL,NULL,NULL,'06/23/15- Note',NULL,NULL,'y'),
(99441,NULL,'2015-05-13 17:02:18',NULL,'2015-07-09 20:09:34',NULL,NULL,'Oliver ','Wood',NULL,NULL,'F007','oliver.wood@mailinator.com','$2a$10$XXm3JC5TyTkPEy7s/zhZEe.gXZl5NI2/MMrT1EfrqGcGUpVuuAoeS',NULL,NULL,542,NULL,NULL,NULL,NULL,NULL,NULL,NULL,NULL,'07/09/15- Note',NULL,NULL,'y'),
(99442,NULL,'2015-05-13 17:02:18',NULL,'2015-05-13 17:02:18',NULL,NULL,'Percy ','Weasley',NULL,NULL,'F008','percy.weasley@mailinator.com','$2a$10$XXm3JC5TyTkPEy7s/zhZEe.gXZl5NI2/MMrT1EfrqGcGUpVuuAoeS',NULL,NULL,542,NULL,NULL,NULL,NULL,NULL,NULL,NULL,NULL,NULL,NULL,NULL,'y'),
(99443,NULL,'2015-05-13 17:02:18',NULL,'2015-07-10 13:23:31',NULL,NULL,'Pomona','Sprout',NULL,NULL,'F009','pomona.sprout@mailinator.com','$2a$10$XXm3JC5TyTkPEy7s/zhZEe.gXZl5NI2/MMrT1EfrqGcGUpVuuAoeS',NULL,NULL,542,NULL,NULL,NULL,NULL,NULL,NULL,NULL,NULL,'07/10/15- Appoinment',NULL,NULL,'y'),
(99444,NULL,'2015-05-13 17:02:19',NULL,'2015-05-13 17:02:19',NULL,NULL,'Poppy','Pomfrey',NULL,NULL,'F010','poppy.pomfrey@mailinator.com','$2a$10$XXm3JC5TyTkPEy7s/zhZEe.gXZl5NI2/MMrT1EfrqGcGUpVuuAoeS',NULL,NULL,542,NULL,NULL,NULL,NULL,NULL,NULL,NULL,NULL,NULL,NULL,NULL,'y'),
(99445,NULL,'2015-05-13 17:02:19',NULL,'2015-05-20 14:27:05',NULL,NULL,'Rolanda','Hooch',NULL,NULL,'F011','rolanda.hooch@mailinator.com','$2a$10$XXm3JC5TyTkPEy7s/zhZEe.gXZl5NI2/MMrT1EfrqGcGUpVuuAoeS',NULL,NULL,542,NULL,NULL,NULL,NULL,NULL,NULL,NULL,NULL,'05/20/15- Appoinment',NULL,NULL,'y'),
(99446,NULL,'2015-05-13 17:02:19',NULL,'2015-07-17 18:37:02',NULL,NULL,'Rubeus','Hagrid',NULL,NULL,'F012','rubeus.hagrid@mailinator.com','$2a$10$XXm3JC5TyTkPEy7s/zhZEe.gXZl5NI2/MMrT1EfrqGcGUpVuuAoeS',NULL,NULL,542,NULL,NULL,NULL,NULL,NULL,NULL,NULL,NULL,'07/17/15- Appoinment',NULL,NULL,'y'),
(99447,NULL,'2015-05-13 17:02:19',NULL,'2015-05-13 17:02:19',NULL,NULL,'Severus','Snape',NULL,NULL,'F013','severus.snape@mailinator.com','$2a$10$XXm3JC5TyTkPEy7s/zhZEe.gXZl5NI2/MMrT1EfrqGcGUpVuuAoeS',NULL,NULL,542,NULL,NULL,NULL,NULL,NULL,NULL,NULL,NULL,NULL,NULL,NULL,'y'),
(99704,NULL,'2015-05-20 14:23:11',NULL,'2015-07-28 21:56:04',NULL,NULL,'Albus','Dumbledore','Headmaster',NULL,'C555c98cf00e39','albus.dumbledore@mailinator.com','$2a$10$XXm3JC5TyTkPEy7s/zhZEe.gXZl5NI2/MMrT1EfrqGcGUpVuuAoeS','2b08d92d4d1f8efe500d7dfcdbb8b848','2015-05-20 19:42:56',542,'2015-07-02 13:24:57','2015-05-20',NULL,NULL,NULL,NULL,NULL,NULL,'07/28/15- Appoinment',NULL,NULL,'y'),
(99705,NULL,'2015-06-15 17:31:01',NULL,'2015-06-15 17:31:01',NULL,NULL,'Bad','Guy','Coordinator',NULL,'n001','bad.guy@mailinator.com','$2a$10$XXm3JC5TyTkPEy7s/zhZEe.gXZl5NI2/MMrT1EfrqGcGUpVuuAoeS',NULL,NULL,543,NULL,NULL,NULL,NULL,NULL,NULL,NULL,NULL,NULL,NULL,NULL,'y'),
(99706,NULL,NULL,NULL,NULL,NULL,NULL,'David','Warner',NULL,NULL,'David123','david.warner@gmail.com','$2y$13$f6bnaUYhaIO0qzJ0krqrIeUDnxJxWYYEyB3L6qDDK/1ln5CsHKEca',NULL,NULL,-1,NULL,NULL,NULL,NULL,NULL,NULL,NULL,NULL,NULL,NULL,NULL,'y'),
(99707,NULL,'2015-06-23 18:03:48',NULL,'2015-06-23 18:03:48',NULL,NULL,'Armando','Dippet','Previous Headmaster',NULL,'C0025','armando.dippet@mailinator.com','$2a$10$XXm3JC5TyTkPEy7s/zhZEe.gXZl5NI2/MMrT1EfrqGcGUpVuuAoeS',NULL,NULL,542,NULL,NULL,NULL,NULL,NULL,NULL,NULL,NULL,NULL,NULL,NULL,'y'),
(99708,NULL,'2015-06-23 18:05:47',NULL,'2015-06-23 18:05:47',NULL,NULL,'Phineas Nigellus','Black','Least Favorite Hogwarts Headmaster',NULL,'C0026','phineas.nigellus.black@mailinator.com','$2a$10$XXm3JC5TyTkPEy7s/zhZEe.gXZl5NI2/MMrT1EfrqGcGUpVuuAoeS',NULL,NULL,542,NULL,NULL,NULL,NULL,NULL,NULL,NULL,NULL,NULL,NULL,NULL,'y'),
(99709,NULL,'2015-06-23 18:09:21',NULL,'2015-06-23 18:09:21',NULL,NULL,'Professor','Everard','Most Celebrated Hogwarts Headmaster',NULL,'C0027','professor.everard@mailinator.com','$2a$10$XXm3JC5TyTkPEy7s/zhZEe.gXZl5NI2/MMrT1EfrqGcGUpVuuAoeS',NULL,NULL,542,NULL,NULL,NULL,NULL,NULL,NULL,NULL,NULL,NULL,NULL,NULL,'y'),
(99710,NULL,'2015-07-02 15:55:30',NULL,'2015-07-02 15:55:30',NULL,NULL,'Remus','Lupin',NULL,NULL,'F014','remus.lupin@mailinator.com','$2a$10$XXm3JC5TyTkPEy7s/zhZEe.gXZl5NI2/MMrT1EfrqGcGUpVuuAoeS',NULL,NULL,542,NULL,NULL,NULL,NULL,NULL,NULL,NULL,NULL,NULL,NULL,NULL,'y'),
(99711,NULL,'2015-07-15 20:12:04',NULL,'2015-07-15 20:12:04',NULL,NULL,'Kingsley','Shacklebolt',NULL,NULL,'F015','kingsley.shacklebolt@mailinator.com','$2a$10$XXm3JC5TyTkPEy7s/zhZEe.gXZl5NI2/MMrT1EfrqGcGUpVuuAoeS',NULL,NULL,542,NULL,NULL,NULL,NULL,NULL,NULL,NULL,NULL,NULL,NULL,NULL,'y'),
(99712,NULL,'2015-07-15 20:12:29',NULL,'2015-07-15 20:12:29',NULL,NULL,'Dedalus','Diggle',NULL,NULL,'F016','dedalus.diggle@mailinator.com','$2a$10$XXm3JC5TyTkPEy7s/zhZEe.gXZl5NI2/MMrT1EfrqGcGUpVuuAoeS',NULL,NULL,542,NULL,NULL,NULL,NULL,NULL,NULL,NULL,NULL,NULL,NULL,NULL,'y'),
(99713,NULL,'2015-07-27 14:20:46',NULL,'2015-07-27 14:20:46',NULL,NULL,'Tom','Riddle',NULL,NULL,'S001','Tom.Riddle@mailinator.com','$2a$10$XXm3JC5TyTkPEy7s/zhZEe.gXZl5NI2/MMrT1EfrqGcGUpVuuAoeS',NULL,NULL,543,NULL,NULL,NULL,NULL,5,'2015-11-11 16:17:17',NULL,NULL,NULL,NULL,NULL,'y'),
(99714,NULL,'2015-07-27 19:34:30',NULL,'2015-07-27 19:34:30',NULL,NULL,'fNameTest','lNameTest','titleTest',NULL,'coorTestID','coordinator.testname@mailinator.com',NULL,NULL,NULL,546,NULL,NULL,NULL,NULL,NULL,NULL,NULL,NULL,NULL,NULL,NULL,'y'),
(99715,NULL,NULL,NULL,NULL,NULL,NULL,'art','member',NULL,NULL,'Art123','art.member@gmail.com','$2y$13$GOZ4jneZjjgknooNxJEzwOBJ3URrsRmHVSgKudF0nsHnOb0F4/8ue',NULL,NULL,-2,NULL,NULL,NULL,NULL,NULL,NULL,NULL,NULL,NULL,NULL,NULL,'y');
/*!40000 ALTER TABLE `person` ENABLE KEYS */;
UNLOCK TABLES;

--
-- Temporary table structure for view `person_MD_talking_points_calculated`
--

DROP TABLE IF EXISTS `person_MD_talking_points_calculated`;
/*!50001 DROP VIEW IF EXISTS `person_MD_talking_points_calculated`*/;
SET @saved_cs_client     = @@character_set_client;
SET character_set_client = utf8;
/*!50001 CREATE TABLE `person_MD_talking_points_calculated` (
  `org_id` tinyint NOT NULL,
  `person_id` tinyint NOT NULL,
  `talking_points_id` tinyint NOT NULL,
  `ebi_metadata_id` tinyint NOT NULL,
  `org_academic_year_id` tinyint NOT NULL,
  `org_academic_terms_id` tinyint NOT NULL,
  `response` tinyint NOT NULL,
  `source_modified_at` tinyint NOT NULL
) ENGINE=MyISAM */;
SET character_set_client = @saved_cs_client;

--
-- Table structure for table `person_contact_info`
--

DROP TABLE IF EXISTS `person_contact_info`;
/*!40101 SET @saved_cs_client     = @@character_set_client */;
/*!40101 SET character_set_client = utf8 */;
CREATE TABLE `person_contact_info` (
  `personcontactinfoid` int(11) NOT NULL AUTO_INCREMENT,
  `person_id` int(11) DEFAULT NULL,
  `contact_id` int(11) DEFAULT NULL,
  `status` varchar(1) COLLATE utf8_unicode_ci DEFAULT NULL,
  `created_by` int(11) DEFAULT NULL,
  `modified_by` int(11) DEFAULT NULL,
  `deleted_by` int(11) DEFAULT NULL,
  `created_at` datetime DEFAULT NULL,
  `modified_at` datetime DEFAULT NULL,
  `deleted_at` datetime DEFAULT NULL,
  PRIMARY KEY (`personcontactinfoid`),
  KEY `IDX_7853E5217BBB47` (`person_id`),
  KEY `IDX_7853E5E7A1254A` (`contact_id`),
  CONSTRAINT `FK_7853E5217BBB47` FOREIGN KEY (`person_id`) REFERENCES `person` (`id`),
  CONSTRAINT `FK_7853E5E7A1254A` FOREIGN KEY (`contact_id`) REFERENCES `contact_info` (`id`)
) ENGINE=InnoDB AUTO_INCREMENT=53 DEFAULT CHARSET=utf8 COLLATE=utf8_unicode_ci;
/*!40101 SET character_set_client = @saved_cs_client */;

--
-- Dumping data for table `person_contact_info`
--

LOCK TABLES `person_contact_info` WRITE;
/*!40000 ALTER TABLE `person_contact_info` DISABLE KEYS */;
INSERT INTO `person_contact_info` VALUES
(2,99385,99395,NULL,NULL,NULL,NULL,NULL,NULL,NULL),
(3,99410,99420,NULL,NULL,NULL,NULL,NULL,NULL,NULL),
(4,99411,99421,NULL,NULL,NULL,NULL,NULL,NULL,NULL),
(5,99412,99422,NULL,NULL,NULL,NULL,NULL,NULL,NULL),
(6,99413,99423,NULL,NULL,NULL,NULL,NULL,NULL,NULL),
(7,99414,99424,NULL,NULL,NULL,NULL,NULL,NULL,NULL),
(8,99415,99425,NULL,NULL,NULL,NULL,NULL,NULL,NULL),
(9,99416,99426,NULL,NULL,NULL,NULL,NULL,NULL,NULL),
(10,99417,99427,NULL,NULL,NULL,NULL,NULL,NULL,NULL),
(11,99418,99428,NULL,NULL,NULL,NULL,NULL,NULL,NULL),
(12,99419,99429,NULL,NULL,NULL,NULL,NULL,NULL,NULL),
(13,99420,99430,NULL,NULL,NULL,NULL,NULL,NULL,NULL),
(14,99421,99431,NULL,NULL,NULL,NULL,NULL,NULL,NULL),
(15,99422,99432,NULL,NULL,NULL,NULL,NULL,NULL,NULL),
(16,99423,99433,NULL,NULL,NULL,NULL,NULL,NULL,NULL),
(17,99424,99434,NULL,NULL,NULL,NULL,NULL,NULL,NULL),
(18,99425,99435,NULL,NULL,NULL,NULL,NULL,NULL,NULL),
(19,99426,99436,NULL,NULL,NULL,NULL,NULL,NULL,NULL),
(20,99427,99437,NULL,NULL,NULL,NULL,NULL,NULL,NULL),
(21,99428,99438,NULL,NULL,NULL,NULL,NULL,NULL,NULL),
(22,99429,99439,NULL,NULL,NULL,NULL,NULL,NULL,NULL),
(23,99430,99440,NULL,NULL,NULL,NULL,NULL,NULL,NULL),
(24,99431,99441,NULL,NULL,NULL,NULL,NULL,NULL,NULL),
(25,99432,99442,NULL,NULL,NULL,NULL,NULL,NULL,NULL),
(26,99433,99443,NULL,NULL,NULL,NULL,NULL,NULL,NULL),
(27,99434,99444,NULL,NULL,NULL,NULL,NULL,NULL,NULL),
(28,99435,99445,NULL,NULL,NULL,NULL,NULL,NULL,NULL),
(29,99436,99446,NULL,NULL,NULL,NULL,NULL,NULL,NULL),
(30,99437,99447,NULL,NULL,NULL,NULL,NULL,NULL,NULL),
(31,99438,99448,NULL,NULL,NULL,NULL,NULL,NULL,NULL),
(32,99439,99449,NULL,NULL,NULL,NULL,NULL,NULL,NULL),
(33,99440,99450,NULL,NULL,NULL,NULL,NULL,NULL,NULL),
(34,99441,99451,NULL,NULL,NULL,NULL,NULL,NULL,NULL),
(35,99442,99452,NULL,NULL,NULL,NULL,NULL,NULL,NULL),
(36,99443,99453,NULL,NULL,NULL,NULL,NULL,NULL,NULL),
(37,99444,99454,NULL,NULL,NULL,NULL,NULL,NULL,NULL),
(38,99445,99455,NULL,NULL,NULL,NULL,NULL,NULL,NULL),
(39,99446,99456,NULL,NULL,NULL,NULL,NULL,NULL,NULL),
(40,99447,99457,NULL,NULL,NULL,NULL,NULL,NULL,NULL),
(41,99704,99714,NULL,NULL,NULL,NULL,NULL,NULL,NULL),
(42,99705,99715,NULL,NULL,NULL,NULL,NULL,NULL,NULL),
(43,99706,99716,'A',NULL,NULL,NULL,NULL,NULL,NULL),
(44,99707,99717,NULL,NULL,NULL,NULL,NULL,NULL,NULL),
(45,99708,99718,NULL,NULL,NULL,NULL,NULL,NULL,NULL),
(46,99709,99719,NULL,NULL,NULL,NULL,NULL,NULL,NULL),
(47,99710,99720,NULL,NULL,NULL,NULL,NULL,NULL,NULL),
(48,99711,99721,NULL,NULL,NULL,NULL,NULL,NULL,NULL),
(49,99712,99722,NULL,NULL,NULL,NULL,NULL,NULL,NULL),
(50,99713,99723,NULL,NULL,NULL,NULL,NULL,NULL,NULL),
(51,99714,99724,NULL,NULL,NULL,NULL,NULL,NULL,NULL),
(52,99715,99725,NULL,NULL,NULL,NULL,NULL,NULL,NULL);
/*!40000 ALTER TABLE `person_contact_info` ENABLE KEYS */;
UNLOCK TABLES;

--
-- Table structure for table `person_ebi_metadata`
--

DROP TABLE IF EXISTS `person_ebi_metadata`;
/*!40101 SET @saved_cs_client     = @@character_set_client */;
/*!40101 SET character_set_client = utf8 */;
CREATE TABLE `person_ebi_metadata` (
  `id` int(11) NOT NULL AUTO_INCREMENT,
  `created_by` int(11) DEFAULT NULL,
  `modified_by` int(11) DEFAULT NULL,
  `deleted_by` int(11) DEFAULT NULL,
  `person_id` int(11) DEFAULT NULL,
  `ebi_metadata_id` int(11) DEFAULT NULL,
  `org_academic_year_id` int(11) DEFAULT NULL,
  `org_academic_terms_id` int(11) DEFAULT NULL,
  `created_at` datetime DEFAULT NULL,
  `modified_at` datetime DEFAULT NULL,
  `deleted_at` datetime DEFAULT NULL,
  `metadata_value` varchar(2000) COLLATE utf8_unicode_ci DEFAULT NULL,
  PRIMARY KEY (`id`),
  KEY `IDX_8ABD58A3DE12AB56` (`created_by`),
  KEY `IDX_8ABD58A325F94802` (`modified_by`),
  KEY `IDX_8ABD58A31F6FA0AF` (`deleted_by`),
  KEY `IDX_8ABD58A3217BBB47` (`person_id`),
  KEY `IDX_8ABD58A3BB49FE75` (`ebi_metadata_id`),
  KEY `IDX_8ABD58A3F3B0CE4A` (`org_academic_year_id`),
  KEY `IDX_8ABD58A38D7CC0D2` (`org_academic_terms_id`),
  KEY `PEM_Person_ebimetaperson` (`ebi_metadata_id`,`person_id`),
  KEY `JC_8ABD58A3217BBB47` (`person_id`,`ebi_metadata_id`),
  CONSTRAINT `FK_8ABD58A31F6FA0AF` FOREIGN KEY (`deleted_by`) REFERENCES `person` (`id`),
  CONSTRAINT `FK_8ABD58A3217BBB47` FOREIGN KEY (`person_id`) REFERENCES `person` (`id`),
  CONSTRAINT `FK_8ABD58A325F94802` FOREIGN KEY (`modified_by`) REFERENCES `person` (`id`),
  CONSTRAINT `FK_8ABD58A38D7CC0D2` FOREIGN KEY (`org_academic_terms_id`) REFERENCES `org_academic_terms` (`id`),
  CONSTRAINT `FK_8ABD58A3BB49FE75` FOREIGN KEY (`ebi_metadata_id`) REFERENCES `ebi_metadata` (`id`),
  CONSTRAINT `FK_8ABD58A3DE12AB56` FOREIGN KEY (`created_by`) REFERENCES `person` (`id`),
  CONSTRAINT `FK_8ABD58A3F3B0CE4A` FOREIGN KEY (`org_academic_year_id`) REFERENCES `org_academic_year` (`id`)
) ENGINE=InnoDB AUTO_INCREMENT=3284 DEFAULT CHARSET=utf8 COLLATE=utf8_unicode_ci;
/*!40101 SET character_set_client = @saved_cs_client */;

--
-- Dumping data for table `person_ebi_metadata`
--

LOCK TABLES `person_ebi_metadata` WRITE;
/*!40000 ALTER TABLE `person_ebi_metadata` DISABLE KEYS */;
INSERT INTO `person_ebi_metadata` VALUES
(3275,NULL,NULL,NULL,99422,1,NULL,NULL,'2015-06-29 18:40:58','2015-06-29 18:40:58',NULL,'1'),
(3276,NULL,NULL,NULL,99422,2,NULL,NULL,'2015-06-29 18:40:58','2015-06-29 18:40:58',NULL,'07/31/1980'),
(3277,NULL,NULL,NULL,99422,4,NULL,NULL,'2015-06-29 18:40:58','2015-06-29 18:40:58',NULL,'5'),
(3278,NULL,NULL,NULL,99423,1,NULL,NULL,'2015-06-29 18:40:58','2015-06-29 18:40:58',NULL,'0'),
(3279,NULL,NULL,NULL,99423,2,NULL,NULL,'2015-06-29 18:40:58','2015-06-29 18:40:58',NULL,'09/19/1980'),
(3280,NULL,NULL,NULL,99423,4,NULL,NULL,'2015-06-29 18:40:58','2015-06-29 18:40:58',NULL,'5'),
(3281,NULL,NULL,NULL,99432,1,NULL,NULL,'2015-06-29 18:40:58','2015-06-29 18:40:58',NULL,'1'),
(3282,NULL,NULL,NULL,99432,2,NULL,NULL,'2015-06-29 18:40:58','2015-06-29 18:40:58',NULL,'03/01/1980'),
(3283,NULL,NULL,NULL,99432,4,NULL,NULL,'2015-06-29 18:40:58','2015-06-29 18:40:58',NULL,'caucasian');
/*!40000 ALTER TABLE `person_ebi_metadata` ENABLE KEYS */;
UNLOCK TABLES;

--
-- Table structure for table `person_entity`
--

DROP TABLE IF EXISTS `person_entity`;
/*!40101 SET @saved_cs_client     = @@character_set_client */;
/*!40101 SET character_set_client = utf8 */;
CREATE TABLE `person_entity` (
  `Person_id` int(11) NOT NULL,
  `Entity_id` int(11) NOT NULL,
  PRIMARY KEY (`Person_id`,`Entity_id`),
  KEY `IDX_928D74DEA38A39E4` (`Person_id`),
  KEY `IDX_928D74DE3D4FFFE` (`Entity_id`),
  CONSTRAINT `FK_928D74DE3D4FFFE` FOREIGN KEY (`Entity_id`) REFERENCES `entity` (`id`),
  CONSTRAINT `FK_928D74DEA38A39E4` FOREIGN KEY (`Person_id`) REFERENCES `person` (`id`)
) ENGINE=InnoDB DEFAULT CHARSET=utf8 COLLATE=utf8_unicode_ci;
/*!40101 SET character_set_client = @saved_cs_client */;

--
-- Dumping data for table `person_entity`
--

LOCK TABLES `person_entity` WRITE;
/*!40000 ALTER TABLE `person_entity` DISABLE KEYS */;
INSERT INTO `person_entity` VALUES
(99410,2),
(99411,2),
(99412,2),
(99413,2),
(99414,2),
(99415,2),
(99416,2),
(99417,2),
(99418,2),
(99419,2),
(99420,2),
(99421,2),
(99422,2),
(99423,2),
(99424,2),
(99425,2),
(99426,2),
(99427,2),
(99428,2),
(99429,2),
(99430,2),
(99431,2),
(99432,2),
(99433,2),
(99434,2),
(99435,3),
(99436,3),
(99437,3),
(99438,3),
(99439,3),
(99440,3),
(99441,3),
(99442,3),
(99443,3),
(99444,3),
(99445,3),
(99446,3),
(99447,3);
/*!40000 ALTER TABLE `person_entity` ENABLE KEYS */;
UNLOCK TABLES;

--
-- Table structure for table `person_factor_calculated`
--

DROP TABLE IF EXISTS `person_factor_calculated`;
/*!40101 SET @saved_cs_client     = @@character_set_client */;
/*!40101 SET character_set_client = utf8 */;
CREATE TABLE `person_factor_calculated` (
  `id` int(11) NOT NULL AUTO_INCREMENT,
  `created_by` int(11) DEFAULT NULL,
  `modified_by` int(11) DEFAULT NULL,
  `deleted_by` int(11) DEFAULT NULL,
  `organization_id` int(11) DEFAULT NULL,
  `person_id` int(11) DEFAULT NULL,
  `factor_id` int(11) DEFAULT NULL,
  `survey_id` int(11) DEFAULT NULL,
  `created_at` datetime DEFAULT NULL,
  `modified_at` datetime DEFAULT NULL,
  `deleted_at` datetime DEFAULT NULL,
  `mean_value` decimal(13,4) DEFAULT NULL,
  PRIMARY KEY (`id`),
  UNIQUE KEY `org_person_factor_uniq_idx` (`organization_id`,`person_id`,`survey_id`,`factor_id`,`modified_at`),
  KEY `IDX_E03AD201DE12AB56` (`created_by`),
  KEY `IDX_E03AD20125F94802` (`modified_by`),
  KEY `IDX_E03AD2011F6FA0AF` (`deleted_by`),
  KEY `fk_person_factor_calculated_person1_idx` (`person_id`),
  KEY `fk_person_factor_calculated_organization_idx` (`organization_id`),
  KEY `fk_person_factor_calculated_factor1_idx` (`factor_id`),
  KEY `survey_id` (`survey_id`),
  KEY `modified` (`modified_at`,`created_at`),
  CONSTRAINT `FK_E03AD2011F6FA0AF` FOREIGN KEY (`deleted_by`) REFERENCES `person` (`id`),
  CONSTRAINT `FK_E03AD201217BBB47` FOREIGN KEY (`person_id`) REFERENCES `person` (`id`),
  CONSTRAINT `FK_E03AD20125F94802` FOREIGN KEY (`modified_by`) REFERENCES `person` (`id`),
  CONSTRAINT `FK_E03AD20132C8A3DE` FOREIGN KEY (`organization_id`) REFERENCES `organization` (`id`),
  CONSTRAINT `FK_E03AD201BC88C1A3` FOREIGN KEY (`factor_id`) REFERENCES `factor` (`id`),
  CONSTRAINT `FK_E03AD201DE12AB56` FOREIGN KEY (`created_by`) REFERENCES `person` (`id`),
  CONSTRAINT `person_factor_calculated_ibfk_1` FOREIGN KEY (`survey_id`) REFERENCES `survey` (`id`)
) ENGINE=InnoDB DEFAULT CHARSET=utf8 COLLATE=utf8_unicode_ci;
/*!40101 SET character_set_client = @saved_cs_client */;

--
-- Dumping data for table `person_factor_calculated`
--

LOCK TABLES `person_factor_calculated` WRITE;
/*!40000 ALTER TABLE `person_factor_calculated` DISABLE KEYS */;
/*!40000 ALTER TABLE `person_factor_calculated` ENABLE KEYS */;
UNLOCK TABLES;

--
-- Table structure for table `person_metadata`
--

DROP TABLE IF EXISTS `person_metadata`;
/*!40101 SET @saved_cs_client     = @@character_set_client */;
/*!40101 SET character_set_client = utf8 */;
CREATE TABLE `person_metadata` (
  `id` int(11) NOT NULL AUTO_INCREMENT,
  `person_id` int(11) DEFAULT NULL,
  `metadata_id` int(11) DEFAULT NULL,
  `created_by` int(11) DEFAULT NULL,
  `created_at` datetime DEFAULT NULL,
  `modified_by` int(11) DEFAULT NULL,
  `modified_at` datetime DEFAULT NULL,
  `deleted_by` int(11) DEFAULT NULL,
  `deleted_at` datetime DEFAULT NULL,
  `metadata_value` varchar(2000) COLLATE utf8_unicode_ci DEFAULT NULL,
  PRIMARY KEY (`id`),
  KEY `IDX_DB529123A38A39E4` (`person_id`),
  KEY `IDX_DB5291235A02668E` (`metadata_id`),
  CONSTRAINT `FK_DB5291235A02668E` FOREIGN KEY (`metadata_id`) REFERENCES `metadata_list_values` (`id`),
  CONSTRAINT `FK_DB529123A38A39E4` FOREIGN KEY (`person_id`) REFERENCES `person` (`id`),
  CONSTRAINT `FK_DB529123DC9EE959` FOREIGN KEY (`metadata_id`) REFERENCES `metadata_master` (`id`)
) ENGINE=InnoDB DEFAULT CHARSET=utf8 COLLATE=utf8_unicode_ci;
/*!40101 SET character_set_client = @saved_cs_client */;

--
-- Dumping data for table `person_metadata`
--

LOCK TABLES `person_metadata` WRITE;
/*!40000 ALTER TABLE `person_metadata` DISABLE KEYS */;
/*!40000 ALTER TABLE `person_metadata` ENABLE KEYS */;
UNLOCK TABLES;

--
-- Table structure for table `person_org_metadata`
--

DROP TABLE IF EXISTS `person_org_metadata`;
/*!40101 SET @saved_cs_client     = @@character_set_client */;
/*!40101 SET character_set_client = utf8 */;
CREATE TABLE `person_org_metadata` (
  `id` int(11) NOT NULL AUTO_INCREMENT,
  `created_by` int(11) DEFAULT NULL,
  `modified_by` int(11) DEFAULT NULL,
  `deleted_by` int(11) DEFAULT NULL,
  `person_id` int(11) DEFAULT NULL,
  `org_metadata_id` int(11) DEFAULT NULL,
  `org_academic_year_id` int(11) DEFAULT NULL,
  `org_academic_periods_id` int(11) DEFAULT NULL,
  `created_at` datetime DEFAULT NULL,
  `modified_at` datetime DEFAULT NULL,
  `deleted_at` datetime DEFAULT NULL,
  `metadata_value` varchar(2000) COLLATE utf8_unicode_ci DEFAULT NULL,
  PRIMARY KEY (`id`),
  KEY `IDX_D0B544BADE12AB56` (`created_by`),
  KEY `IDX_D0B544BA25F94802` (`modified_by`),
  KEY `IDX_D0B544BA1F6FA0AF` (`deleted_by`),
  KEY `IDX_D0B544BA217BBB47` (`person_id`),
  KEY `IDX_D0B544BA4012B3BF` (`org_metadata_id`),
  KEY `IDX_D0B544BAF3B0CE4A` (`org_academic_year_id`),
  KEY `IDX_D0B544BADF88FD95` (`org_academic_periods_id`),
  KEY `JC_D0B544BA217BBB47` (`person_id`,`org_metadata_id`),
  CONSTRAINT `FK_D0B544BA1F6FA0AF` FOREIGN KEY (`deleted_by`) REFERENCES `person` (`id`),
  CONSTRAINT `FK_D0B544BA217BBB47` FOREIGN KEY (`person_id`) REFERENCES `person` (`id`),
  CONSTRAINT `FK_D0B544BA25F94802` FOREIGN KEY (`modified_by`) REFERENCES `person` (`id`),
  CONSTRAINT `FK_D0B544BA4012B3BF` FOREIGN KEY (`org_metadata_id`) REFERENCES `org_metadata` (`id`),
  CONSTRAINT `FK_D0B544BADE12AB56` FOREIGN KEY (`created_by`) REFERENCES `person` (`id`),
  CONSTRAINT `FK_D0B544BADF88FD95` FOREIGN KEY (`org_academic_periods_id`) REFERENCES `org_academic_terms` (`id`),
  CONSTRAINT `FK_D0B544BAF3B0CE4A` FOREIGN KEY (`org_academic_year_id`) REFERENCES `org_academic_year` (`id`)
) ENGINE=InnoDB DEFAULT CHARSET=utf8 COLLATE=utf8_unicode_ci;
/*!40101 SET character_set_client = @saved_cs_client */;

--
-- Dumping data for table `person_org_metadata`
--

LOCK TABLES `person_org_metadata` WRITE;
/*!40000 ALTER TABLE `person_org_metadata` DISABLE KEYS */;
/*!40000 ALTER TABLE `person_org_metadata` ENABLE KEYS */;
UNLOCK TABLES;

--
-- Temporary table structure for view `person_risk_level_calc`
--

DROP TABLE IF EXISTS `person_risk_level_calc`;
/*!50001 DROP VIEW IF EXISTS `person_risk_level_calc`*/;
SET @saved_cs_client     = @@character_set_client;
SET character_set_client = utf8;
/*!50001 CREATE TABLE `person_risk_level_calc` (
  `org_id` tinyint NOT NULL,
  `person_id` tinyint NOT NULL,
  `risk_group_id` tinyint NOT NULL,
  `risk_model_id` tinyint NOT NULL,
  `weighted_value` tinyint NOT NULL,
  `maximum_weight_value` tinyint NOT NULL,
  `risk_score` tinyint NOT NULL,
  `risk_level` tinyint NOT NULL,
  `risk_text` tinyint NOT NULL,
  `image_name` tinyint NOT NULL,
  `color_hex` tinyint NOT NULL
) ENGINE=MyISAM */;
SET character_set_client = @saved_cs_client;

--
-- Table structure for table `person_risk_level_history`
--

DROP TABLE IF EXISTS `person_risk_level_history`;
/*!40101 SET @saved_cs_client     = @@character_set_client */;
/*!40101 SET character_set_client = utf8 */;
CREATE TABLE `person_risk_level_history` (
  `person_id` int(11) NOT NULL,
  `date_captured` datetime NOT NULL,
  `risk_level` int(11) DEFAULT NULL,
  `risk_model_id` int(11) DEFAULT NULL,
  `risk_score` decimal(6,4) DEFAULT NULL,
  `weighted_value` decimal(9,4) DEFAULT NULL,
  `maximum_weight_value` decimal(9,4) DEFAULT NULL,
  PRIMARY KEY (`person_id`,`date_captured`),
  KEY `fk_person_risk_level_history_risk_model_master1_idx` (`risk_model_id`),
  KEY `fk_person_risk_level_history_risk_level1_idx` (`risk_level`),
  KEY `captured` (`date_captured`),
  CONSTRAINT `FK_FB00ACB9217BBB47` FOREIGN KEY (`person_id`) REFERENCES `person` (`id`),
  CONSTRAINT `FK_FB00ACB99F5CF488` FOREIGN KEY (`risk_model_id`) REFERENCES `risk_model_master` (`id`),
  CONSTRAINT `FK_FB00ACB9EB88056C` FOREIGN KEY (`risk_level`) REFERENCES `risk_level` (`id`)
) ENGINE=InnoDB DEFAULT CHARSET=utf8 COLLATE=utf8_unicode_ci;
/*!40101 SET character_set_client = @saved_cs_client */;

--
-- Dumping data for table `person_risk_level_history`
--

LOCK TABLES `person_risk_level_history` WRITE;
/*!40000 ALTER TABLE `person_risk_level_history` DISABLE KEYS */;
/*!40000 ALTER TABLE `person_risk_level_history` ENABLE KEYS */;
UNLOCK TABLES;

--
-- Temporary table structure for view `person_riskmodel_calc_view`
--

DROP TABLE IF EXISTS `person_riskmodel_calc_view`;
/*!50001 DROP VIEW IF EXISTS `person_riskmodel_calc_view`*/;
SET @saved_cs_client     = @@character_set_client;
SET character_set_client = utf8;
/*!50001 CREATE TABLE `person_riskmodel_calc_view` (
  `org_id` tinyint NOT NULL,
  `person_id` tinyint NOT NULL,
  `risk_group_id` tinyint NOT NULL,
  `risk_model_id` tinyint NOT NULL,
  `RS_Numerator` tinyint NOT NULL,
  `RS_Denominator` tinyint NOT NULL,
  `risk_score` tinyint NOT NULL
) ENGINE=MyISAM */;
SET character_set_client = @saved_cs_client;

--
-- Temporary table structure for view `person_survey_talking_points_calculated`
--

DROP TABLE IF EXISTS `person_survey_talking_points_calculated`;
/*!50001 DROP VIEW IF EXISTS `person_survey_talking_points_calculated`*/;
SET @saved_cs_client     = @@character_set_client;
SET character_set_client = utf8;
/*!50001 CREATE TABLE `person_survey_talking_points_calculated` (
  `org_id` tinyint NOT NULL,
  `person_id` tinyint NOT NULL,
  `talking_points_id` tinyint NOT NULL,
  `ebi_question_id` tinyint NOT NULL,
  `survey_id` tinyint NOT NULL,
  `response` tinyint NOT NULL,
  `source_modified_at` tinyint NOT NULL
) ENGINE=MyISAM */;
SET character_set_client = @saved_cs_client;

--
-- Table structure for table `proxy_audit`
--

DROP TABLE IF EXISTS `proxy_audit`;
/*!40101 SET @saved_cs_client     = @@character_set_client */;
/*!40101 SET character_set_client = utf8 */;
CREATE TABLE `proxy_audit` (
  `id` int(11) NOT NULL AUTO_INCREMENT,
  `created_by` int(11) DEFAULT NULL,
  `modified_by` int(11) DEFAULT NULL,
  `deleted_by` int(11) DEFAULT NULL,
  `proxy_log_id` int(11) NOT NULL,
  `created_at` datetime DEFAULT NULL,
  `modified_at` datetime DEFAULT NULL,
  `deleted_at` datetime DEFAULT NULL,
  `action` enum('insert','update','delete') COLLATE utf8_unicode_ci DEFAULT NULL,
  `resource` varchar(45) COLLATE utf8_unicode_ci DEFAULT NULL,
  `json_text_old` varchar(4000) COLLATE utf8_unicode_ci DEFAULT NULL,
  `json_text_new` varchar(4000) COLLATE utf8_unicode_ci DEFAULT NULL,
  `updated_on` datetime DEFAULT NULL,
  PRIMARY KEY (`id`),
  KEY `IDX_4B645554DE12AB56` (`created_by`),
  KEY `IDX_4B64555425F94802` (`modified_by`),
  KEY `IDX_4B6455541F6FA0AF` (`deleted_by`),
  KEY `fk_proxy_audit_proxy_log1_idx` (`proxy_log_id`),
  CONSTRAINT `FK_4B6455541F6FA0AF` FOREIGN KEY (`deleted_by`) REFERENCES `person` (`id`),
  CONSTRAINT `FK_4B64555425F94802` FOREIGN KEY (`modified_by`) REFERENCES `person` (`id`),
  CONSTRAINT `FK_4B645554AF617D59` FOREIGN KEY (`proxy_log_id`) REFERENCES `proxy_log` (`id`),
  CONSTRAINT `FK_4B645554DE12AB56` FOREIGN KEY (`created_by`) REFERENCES `person` (`id`)
) ENGINE=InnoDB DEFAULT CHARSET=utf8 COLLATE=utf8_unicode_ci;
/*!40101 SET character_set_client = @saved_cs_client */;

--
-- Dumping data for table `proxy_audit`
--

LOCK TABLES `proxy_audit` WRITE;
/*!40000 ALTER TABLE `proxy_audit` DISABLE KEYS */;
/*!40000 ALTER TABLE `proxy_audit` ENABLE KEYS */;
UNLOCK TABLES;

--
-- Table structure for table `proxy_log`
--

DROP TABLE IF EXISTS `proxy_log`;
/*!40101 SET @saved_cs_client     = @@character_set_client */;
/*!40101 SET character_set_client = utf8 */;
CREATE TABLE `proxy_log` (
  `id` int(11) NOT NULL AUTO_INCREMENT,
  `created_by` int(11) DEFAULT NULL,
  `modified_by` int(11) DEFAULT NULL,
  `deleted_by` int(11) DEFAULT NULL,
  `ebi_users_id` int(11) DEFAULT NULL,
  `person_id_proxied_for` int(11) NOT NULL,
  `created_at` datetime DEFAULT NULL,
  `modified_at` datetime DEFAULT NULL,
  `deleted_at` datetime DEFAULT NULL,
  `login_date_time` datetime DEFAULT NULL,
  `logoff_date_time` datetime DEFAULT NULL,
  `organization_id` int(11) NOT NULL,
  `person_id` int(11) NOT NULL,
  PRIMARY KEY (`id`),
  KEY `IDX_7582DEABDE12AB56` (`created_by`),
  KEY `IDX_7582DEAB25F94802` (`modified_by`),
  KEY `IDX_7582DEAB1F6FA0AF` (`deleted_by`),
  KEY `fk_proxy_log_person2_idx` (`person_id_proxied_for`),
  KEY `fk_proxy_log_ebi_users1_idx` (`ebi_users_id`),
  KEY `fk_proxy_log_organization1_idx` (`organization_id`),
  KEY `fk_proxy_log_person1_idx` (`person_id`),
  CONSTRAINT `FK_7582DEAB1F6FA0AF` FOREIGN KEY (`deleted_by`) REFERENCES `person` (`id`),
  CONSTRAINT `FK_7582DEAB217BBB47` FOREIGN KEY (`person_id`) REFERENCES `person` (`id`),
  CONSTRAINT `FK_7582DEAB25F94802` FOREIGN KEY (`modified_by`) REFERENCES `person` (`id`),
  CONSTRAINT `FK_7582DEAB32C8A3DE` FOREIGN KEY (`organization_id`) REFERENCES `organization` (`id`),
  CONSTRAINT `FK_7582DEAB411438C7` FOREIGN KEY (`ebi_users_id`) REFERENCES `ebi_users` (`id`),
  CONSTRAINT `FK_7582DEABCF46066F` FOREIGN KEY (`person_id_proxied_for`) REFERENCES `person` (`id`),
  CONSTRAINT `FK_7582DEABDE12AB56` FOREIGN KEY (`created_by`) REFERENCES `person` (`id`)
) ENGINE=InnoDB DEFAULT CHARSET=utf8 COLLATE=utf8_unicode_ci;
/*!40101 SET character_set_client = @saved_cs_client */;

--
-- Dumping data for table `proxy_log`
--

LOCK TABLES `proxy_log` WRITE;
/*!40000 ALTER TABLE `proxy_log` DISABLE KEYS */;
/*!40000 ALTER TABLE `proxy_log` ENABLE KEYS */;
UNLOCK TABLES;

--
-- Table structure for table `question_category`
--

DROP TABLE IF EXISTS `question_category`;
/*!40101 SET @saved_cs_client     = @@character_set_client */;
/*!40101 SET character_set_client = utf8 */;
CREATE TABLE `question_category` (
  `id` int(11) NOT NULL AUTO_INCREMENT,
  `created_by` int(11) DEFAULT NULL,
  `created_at` datetime DEFAULT NULL,
  `modified_by` int(11) DEFAULT NULL,
  `modified_at` datetime DEFAULT NULL,
  `deleted_by` int(11) DEFAULT NULL,
  `deleted_at` datetime DEFAULT NULL,
  PRIMARY KEY (`id`)
) ENGINE=InnoDB AUTO_INCREMENT=2 DEFAULT CHARSET=utf8 COLLATE=utf8_unicode_ci;
/*!40101 SET character_set_client = @saved_cs_client */;

--
-- Dumping data for table `question_category`
--

LOCK TABLES `question_category` WRITE;
/*!40000 ALTER TABLE `question_category` DISABLE KEYS */;
INSERT INTO `question_category` VALUES
(1,NULL,NULL,NULL,NULL,NULL,NULL);
/*!40000 ALTER TABLE `question_category` ENABLE KEYS */;
UNLOCK TABLES;

--
-- Table structure for table `question_category_lang`
--

DROP TABLE IF EXISTS `question_category_lang`;
/*!40101 SET @saved_cs_client     = @@character_set_client */;
/*!40101 SET character_set_client = utf8 */;
CREATE TABLE `question_category_lang` (
  `id` int(11) NOT NULL AUTO_INCREMENT,
  `question_category_id` int(11) DEFAULT NULL,
  `lang_id` int(11) DEFAULT NULL,
  `created_by` int(11) DEFAULT NULL,
  `created_at` datetime DEFAULT NULL,
  `modified_by` int(11) DEFAULT NULL,
  `modified_at` datetime DEFAULT NULL,
  `deleted_by` int(11) DEFAULT NULL,
  `deleted_at` datetime DEFAULT NULL,
  `description` varchar(100) COLLATE utf8_unicode_ci DEFAULT NULL,
  PRIMARY KEY (`id`),
  KEY `IDX_22D33462F142426F` (`question_category_id`),
  KEY `IDX_22D33462B213FA4` (`lang_id`),
  CONSTRAINT `FK_22D33462B213FA4` FOREIGN KEY (`lang_id`) REFERENCES `language_master` (`id`),
  CONSTRAINT `FK_22D33462F142426F` FOREIGN KEY (`question_category_id`) REFERENCES `question_category` (`id`)
) ENGINE=InnoDB AUTO_INCREMENT=2 DEFAULT CHARSET=utf8 COLLATE=utf8_unicode_ci;
/*!40101 SET character_set_client = @saved_cs_client */;

--
-- Dumping data for table `question_category_lang`
--

LOCK TABLES `question_category_lang` WRITE;
/*!40000 ALTER TABLE `question_category_lang` DISABLE KEYS */;
INSERT INTO `question_category_lang` VALUES
(1,1,1,NULL,NULL,NULL,NULL,NULL,NULL,'Question Category 1');
/*!40000 ALTER TABLE `question_category_lang` ENABLE KEYS */;
UNLOCK TABLES;

--
-- Table structure for table `question_type`
--

DROP TABLE IF EXISTS `question_type`;
/*!40101 SET @saved_cs_client     = @@character_set_client */;
/*!40101 SET character_set_client = utf8 */;
CREATE TABLE `question_type` (
  `id` varchar(4) COLLATE utf8_unicode_ci NOT NULL,
  `created_by` int(11) DEFAULT NULL,
  `created_at` datetime DEFAULT NULL,
  `modified_by` int(11) DEFAULT NULL,
  `modified_at` datetime DEFAULT NULL,
  `deleted_by` int(11) DEFAULT NULL,
  `deleted_at` datetime DEFAULT NULL,
  PRIMARY KEY (`id`)
) ENGINE=InnoDB DEFAULT CHARSET=utf8 COLLATE=utf8_unicode_ci;
/*!40101 SET character_set_client = @saved_cs_client */;

--
-- Dumping data for table `question_type`
--

LOCK TABLES `question_type` WRITE;
/*!40000 ALTER TABLE `question_type` DISABLE KEYS */;
INSERT INTO `question_type` VALUES
('1',NULL,NULL,NULL,NULL,NULL,NULL),
('2',NULL,NULL,NULL,NULL,NULL,NULL),
('3',NULL,NULL,NULL,NULL,NULL,NULL);
/*!40000 ALTER TABLE `question_type` ENABLE KEYS */;
UNLOCK TABLES;

--
-- Table structure for table `question_type_lang`
--

DROP TABLE IF EXISTS `question_type_lang`;
/*!40101 SET @saved_cs_client     = @@character_set_client */;
/*!40101 SET character_set_client = utf8 */;
CREATE TABLE `question_type_lang` (
  `id` int(11) NOT NULL AUTO_INCREMENT,
  `question_type_id` varchar(4) COLLATE utf8_unicode_ci DEFAULT NULL,
  `lang_id` int(11) DEFAULT NULL,
  `created_by` int(11) DEFAULT NULL,
  `created_at` datetime DEFAULT NULL,
  `modified_by` int(11) DEFAULT NULL,
  `modified_at` datetime DEFAULT NULL,
  `deleted_by` int(11) DEFAULT NULL,
  `deleted_at` datetime DEFAULT NULL,
  `description` varchar(100) COLLATE utf8_unicode_ci DEFAULT NULL,
  PRIMARY KEY (`id`),
  KEY `IDX_EFD305F1B213FA4` (`lang_id`),
  KEY `FK_EFD305F1CB90598E` (`question_type_id`),
  CONSTRAINT `FK_EFD305F1B213FA4` FOREIGN KEY (`lang_id`) REFERENCES `language_master` (`id`),
  CONSTRAINT `FK_EFD305F1CB90598E` FOREIGN KEY (`question_type_id`) REFERENCES `question_type` (`id`)
) ENGINE=InnoDB AUTO_INCREMENT=4 DEFAULT CHARSET=utf8 COLLATE=utf8_unicode_ci;
/*!40101 SET character_set_client = @saved_cs_client */;

--
-- Dumping data for table `question_type_lang`
--

LOCK TABLES `question_type_lang` WRITE;
/*!40000 ALTER TABLE `question_type_lang` DISABLE KEYS */;
INSERT INTO `question_type_lang` VALUES
(1,'1',1,NULL,NULL,NULL,NULL,NULL,NULL,'Question Type 1'),
(2,'2',1,NULL,NULL,NULL,NULL,NULL,NULL,'Question Type 2'),
(3,'3',1,NULL,NULL,NULL,NULL,NULL,NULL,'Question Type 3');
/*!40000 ALTER TABLE `question_type_lang` ENABLE KEYS */;
UNLOCK TABLES;

--
-- Table structure for table `referral_routing_rules`
--

DROP TABLE IF EXISTS `referral_routing_rules`;
/*!40101 SET @saved_cs_client     = @@character_set_client */;
/*!40101 SET character_set_client = utf8 */;
CREATE TABLE `referral_routing_rules` (
  `id` int(11) NOT NULL AUTO_INCREMENT,
  `created_by` int(11) DEFAULT NULL,
  `modified_by` int(11) DEFAULT NULL,
  `deleted_by` int(11) DEFAULT NULL,
  `activity_category_id` int(11) DEFAULT NULL,
  `organization_id` int(11) DEFAULT NULL,
  `person_id` int(11) DEFAULT NULL,
  `created_at` datetime DEFAULT NULL,
  `modified_at` datetime DEFAULT NULL,
  `deleted_at` datetime DEFAULT NULL,
  `is_primary_coordinator` tinyint(1) DEFAULT NULL,
  `is_primary_campus_connection` tinyint(1) DEFAULT NULL,
  PRIMARY KEY (`id`),
  KEY `IDX_D954FA99DE12AB56` (`created_by`),
  KEY `IDX_D954FA9925F94802` (`modified_by`),
  KEY `IDX_D954FA991F6FA0AF` (`deleted_by`),
  KEY `fk_referral_routing_rules_activity_category_id_idx` (`activity_category_id`),
  KEY `fk_referral_routing_rules_organization_id_idx` (`organization_id`),
  KEY `fk_referral_routing_rules_person_id_idx` (`person_id`),
  CONSTRAINT `FK_D954FA991CC8F7EE` FOREIGN KEY (`activity_category_id`) REFERENCES `activity_category` (`id`),
  CONSTRAINT `FK_D954FA991F6FA0AF` FOREIGN KEY (`deleted_by`) REFERENCES `person` (`id`),
  CONSTRAINT `FK_D954FA99217BBB47` FOREIGN KEY (`person_id`) REFERENCES `person` (`id`),
  CONSTRAINT `FK_D954FA9925F94802` FOREIGN KEY (`modified_by`) REFERENCES `person` (`id`),
  CONSTRAINT `FK_D954FA9932C8A3DE` FOREIGN KEY (`organization_id`) REFERENCES `organization` (`id`),
  CONSTRAINT `FK_D954FA99DE12AB56` FOREIGN KEY (`created_by`) REFERENCES `person` (`id`)
) ENGINE=InnoDB AUTO_INCREMENT=25 DEFAULT CHARSET=utf8 COLLATE=utf8_unicode_ci;
/*!40101 SET character_set_client = @saved_cs_client */;

--
-- Dumping data for table `referral_routing_rules`
--

LOCK TABLES `referral_routing_rules` WRITE;
/*!40000 ALTER TABLE `referral_routing_rules` DISABLE KEYS */;
INSERT INTO `referral_routing_rules` VALUES
(1,NULL,NULL,NULL,19,542,NULL,'2015-07-21 18:40:13','2015-07-21 18:40:13',NULL,1,NULL),
(2,NULL,NULL,NULL,20,542,NULL,'2015-07-21 18:40:13','2015-07-21 18:40:13',NULL,1,NULL),
(3,NULL,NULL,NULL,21,542,NULL,'2015-07-21 18:40:13','2015-07-21 18:40:13',NULL,1,NULL),
(4,NULL,NULL,NULL,22,542,NULL,'2015-07-21 18:40:13','2015-07-21 18:40:13',NULL,1,NULL),
(5,NULL,NULL,NULL,23,542,NULL,'2015-07-21 18:40:13','2015-07-21 18:40:13',NULL,1,NULL),
(6,NULL,NULL,NULL,24,542,NULL,'2015-07-21 18:40:13','2015-07-21 18:40:13',NULL,1,NULL),
(7,NULL,NULL,NULL,25,542,NULL,'2015-07-21 18:40:13','2015-07-21 18:40:13',NULL,1,NULL),
(8,NULL,NULL,NULL,26,542,NULL,'2015-07-21 18:40:13','2015-07-21 18:40:13',NULL,1,NULL),
(9,NULL,NULL,NULL,27,542,NULL,'2015-07-21 18:40:13','2015-07-21 18:40:13',NULL,1,NULL),
(10,NULL,NULL,NULL,28,542,NULL,'2015-07-21 18:40:13','2015-07-21 18:40:13',NULL,1,NULL),
(11,NULL,NULL,NULL,29,542,NULL,'2015-07-21 18:40:13','2015-07-21 18:40:13',NULL,1,NULL),
(12,NULL,NULL,NULL,30,542,NULL,'2015-07-21 18:40:13','2015-07-21 18:40:13',NULL,1,NULL),
(13,NULL,NULL,NULL,31,542,NULL,'2015-07-21 18:40:13','2015-07-21 18:40:13',NULL,1,NULL),
(14,NULL,NULL,NULL,32,542,NULL,'2015-07-21 18:40:13','2015-07-21 18:40:13',NULL,1,NULL),
(15,NULL,NULL,NULL,33,542,NULL,'2015-07-21 18:40:13','2015-07-21 18:40:13',NULL,1,NULL),
(16,NULL,NULL,NULL,34,542,NULL,'2015-07-21 18:40:13','2015-07-21 18:40:13',NULL,1,NULL),
(17,NULL,NULL,NULL,35,542,NULL,'2015-07-21 18:40:13','2015-07-21 18:40:13',NULL,1,NULL),
(18,NULL,NULL,NULL,36,542,NULL,'2015-07-21 18:40:13','2015-07-21 18:40:13',NULL,1,NULL),
(19,NULL,NULL,NULL,37,542,NULL,'2015-07-21 18:40:13','2015-07-21 18:40:13',NULL,1,NULL),
(20,NULL,NULL,NULL,38,542,NULL,'2015-07-21 18:40:13','2015-07-21 18:40:13',NULL,1,NULL),
(21,NULL,NULL,NULL,39,542,NULL,'2015-07-21 18:40:13','2015-07-21 18:40:13',NULL,1,NULL),
(22,NULL,NULL,NULL,40,542,NULL,'2015-07-21 18:40:13','2015-07-21 18:40:13',NULL,1,NULL),
(23,NULL,NULL,NULL,41,542,NULL,'2015-07-21 18:40:13','2015-07-21 18:40:13',NULL,1,NULL),
(24,NULL,NULL,NULL,42,542,NULL,'2015-07-21 18:40:13','2015-07-21 18:40:13',NULL,1,NULL);
/*!40000 ALTER TABLE `referral_routing_rules` ENABLE KEYS */;
UNLOCK TABLES;

--
-- Table structure for table `referrals`
--

DROP TABLE IF EXISTS `referrals`;
/*!40101 SET @saved_cs_client     = @@character_set_client */;
/*!40101 SET character_set_client = utf8 */;
CREATE TABLE `referrals` (
  `id` int(11) NOT NULL AUTO_INCREMENT,
  `person_id_faculty` int(11) DEFAULT NULL,
  `person_id_student` int(11) DEFAULT NULL,
  `organization_id` int(11) DEFAULT NULL,
  `activity_category_id` int(11) DEFAULT NULL,
  `created_by` int(11) DEFAULT NULL,
  `created_at` datetime DEFAULT NULL,
  `modified_by` int(11) DEFAULT NULL,
  `modified_at` datetime DEFAULT NULL,
  `deleted_by` int(11) DEFAULT NULL,
  `deleted_at` datetime DEFAULT NULL,
  `note` text COLLATE utf8_unicode_ci,
  `status` varchar(1) COLLATE utf8_unicode_ci DEFAULT NULL,
  `is_leaving` tinyint(1) DEFAULT NULL,
  `is_discussed` tinyint(1) DEFAULT NULL,
  `referrer_permission` tinyint(1) DEFAULT NULL,
  `is_high_priority` tinyint(1) DEFAULT NULL,
  `notify_student` tinyint(1) DEFAULT NULL,
  `access_private` tinyint(1) DEFAULT NULL,
  `access_public` tinyint(1) DEFAULT NULL,
  `access_team` tinyint(1) DEFAULT NULL,
  `referral_date` datetime DEFAULT NULL,
  `person_id_assigned_to` int(11) DEFAULT NULL,
  `is_reason_routed` tinyint(1) DEFAULT '0',
  PRIMARY KEY (`id`),
  KEY `IDX_1B7DC896FFB0AA26` (`person_id_faculty`),
  KEY `IDX_1B7DC8965F056556` (`person_id_student`),
  KEY `IDX_1B7DC89632C8A3DE` (`organization_id`),
  KEY `IDX_1B7DC8961CC8F7EE` (`activity_category_id`),
  KEY `IDX_1B7DC89674215258` (`person_id_assigned_to`),
  CONSTRAINT `FK_1B7DC8961CC8F7EE` FOREIGN KEY (`activity_category_id`) REFERENCES `activity_category` (`id`),
  CONSTRAINT `FK_1B7DC89632C8A3DE` FOREIGN KEY (`organization_id`) REFERENCES `organization` (`id`),
  CONSTRAINT `FK_1B7DC8965F056556` FOREIGN KEY (`person_id_student`) REFERENCES `person` (`id`),
  CONSTRAINT `FK_1B7DC89674215258` FOREIGN KEY (`person_id_assigned_to`) REFERENCES `person` (`id`),
  CONSTRAINT `FK_1B7DC896FFB0AA26` FOREIGN KEY (`person_id_faculty`) REFERENCES `person` (`id`)
) ENGINE=InnoDB AUTO_INCREMENT=694 DEFAULT CHARSET=utf8 COLLATE=utf8_unicode_ci;
/*!40101 SET character_set_client = @saved_cs_client */;

--
-- Dumping data for table `referrals`
--

LOCK TABLES `referrals` WRITE;
/*!40000 ALTER TABLE `referrals` DISABLE KEYS */;
INSERT INTO `referrals` VALUES
(670,99445,99422,542,42,NULL,'2015-05-20 16:50:34',NULL,'2015-05-20 16:50:34',NULL,NULL,'THIS IS ONLY A TEST!','O',1,1,1,1,NULL,1,0,0,'2015-05-20 16:50:34',99440,0),
(671,99445,99422,542,19,NULL,'2015-05-20 16:54:28',NULL,'2015-05-20 16:54:28',NULL,NULL,'This is only a test!','O',1,0,0,1,NULL,0,1,0,'2015-05-20 16:54:28',99440,0),
(672,99445,99422,542,42,NULL,'2015-05-20 17:47:58',NULL,'2015-05-20 17:47:58',NULL,NULL,'This is only a test','O',1,1,1,0,NULL,0,0,1,'2015-05-20 17:47:58',99440,0),
(673,99440,99410,542,19,NULL,'2015-06-17 20:10:16',NULL,'2015-06-17 20:10:16',NULL,NULL,'Public referral created by Minerva McGonagall assigned to herself about Alicia Spinnet.','O',0,0,0,0,NULL,0,1,0,'2015-06-17 20:10:16',99440,0),
(674,99440,99410,542,21,NULL,'2015-06-17 20:11:04',NULL,'2015-06-17 20:11:04',NULL,NULL,'Private referral created by Minerva McGonagall assigned to herself about Alicia Spinnet.','O',0,0,0,0,NULL,1,0,0,'2015-06-17 20:11:04',99440,0),
(675,99440,99410,542,36,NULL,'2015-06-19 18:38:24',NULL,'2015-06-19 18:38:24',NULL,NULL,'Referral shared with team Gryffindor.','O',0,0,0,0,NULL,0,0,1,'2015-06-19 18:38:24',99440,0),
(676,99440,99410,542,25,NULL,'2015-06-19 18:39:03',NULL,'2015-06-19 18:39:03',NULL,NULL,'Referral shared with team Heads of Houses.','O',0,0,0,0,NULL,0,0,1,'2015-06-19 18:39:03',99440,0),
(677,99440,99411,542,21,NULL,'2015-06-23 16:51:10',NULL,'2015-06-23 16:51:10',NULL,NULL,'Referral for student that\'s in two groups, shared with team Heads of Houses.','O',0,0,0,0,NULL,0,0,1,'2015-06-23 16:51:10',99440,0),
(678,99436,99422,542,19,NULL,'2015-07-01 13:24:56',NULL,'2015-07-01 13:24:56',NULL,NULL,NULL,'O',NULL,NULL,NULL,NULL,NULL,0,1,0,'2015-07-01 13:24:56',99436,0),
(679,99440,99422,542,19,NULL,'2015-07-01 13:24:57',NULL,'2015-07-01 13:24:57',NULL,NULL,NULL,'O',NULL,NULL,NULL,NULL,NULL,1,0,0,'2015-07-01 13:24:57',99440,0),
(680,99704,99429,542,25,NULL,'2015-07-01 17:07:02',NULL,'2015-07-01 17:07:02',NULL,NULL,'Neville is struggling to fit in and work hard','O',0,1,0,0,0,0,1,0,'2015-07-01 17:07:02',99440,0),
(681,99704,99429,542,20,NULL,'2015-07-01 17:45:15',NULL,'2015-07-01 17:45:15',NULL,NULL,'Doing better encourage him','O',0,1,0,0,NULL,1,0,0,'2015-07-01 17:45:15',99440,0),
(682,99441,99429,542,19,NULL,'2015-07-01 18:13:33',NULL,'2015-07-01 18:13:33',NULL,NULL,NULL,'O',NULL,NULL,NULL,NULL,NULL,0,1,0,'2015-07-01 18:13:33',99704,0),
(683,99441,99429,542,19,NULL,'2015-07-01 18:13:34',NULL,'2015-07-01 18:13:34',NULL,NULL,NULL,'O',NULL,NULL,NULL,NULL,NULL,1,0,0,'2015-07-01 18:13:34',99441,0),
(684,99704,99422,542,19,NULL,'2015-07-09 14:30:04',NULL,'2015-07-09 14:30:04',NULL,NULL,'Nesting Test: private note under Public Referral','O',0,0,0,0,NULL,0,1,0,'2015-07-09 14:30:04',99704,0),
(685,99704,99422,542,19,NULL,'2015-07-09 14:30:34',NULL,'2015-07-09 14:30:34',NULL,NULL,'Nesting Test: public note under Private Referral','O',0,0,0,0,NULL,1,0,0,'2015-07-09 14:30:34',99704,0),
(686,99441,99422,542,19,NULL,'2015-07-09 20:10:13',NULL,'2015-07-09 20:10:13',NULL,NULL,'private referral to HP from Oliver','O',0,1,0,0,0,1,0,0,'2015-07-09 20:10:13',99704,0),
(687,99443,99413,542,21,NULL,'2015-07-10 13:22:38',NULL,'2015-07-10 13:22:38',NULL,NULL,'Pomona refers Cedric','O',0,0,0,1,NULL,1,0,0,'2015-07-10 13:22:38',99443,0),
(688,99443,99413,542,20,NULL,'2015-07-10 13:23:01',NULL,'2015-07-10 13:23:01',NULL,NULL,'Pomona refers Cedric Publicly','O',0,0,0,0,NULL,0,1,0,'2015-07-10 13:23:01',99443,0),
(689,99446,99422,542,20,NULL,'2015-07-17 15:25:50',NULL,'2015-07-17 15:25:50',NULL,NULL,'Hagrid-Harry is a good kid','O',0,0,0,1,NULL,1,0,0,'2015-07-17 15:25:50',99445,0),
(690,99446,99422,542,23,NULL,'2015-07-17 15:26:59',NULL,'2015-07-17 15:26:59',NULL,NULL,'Hagrid-Harry is a good kid','O',1,0,0,0,NULL,0,1,0,'2015-07-17 15:26:59',99441,0),
(691,99446,99432,542,19,NULL,'2015-07-17 18:28:12',NULL,'2015-07-17 18:28:12',NULL,NULL,'Ron Weasley is a good kid','O',1,0,0,0,0,1,0,0,'2015-07-17 18:28:12',99704,0),
(692,99446,99432,542,19,NULL,'2015-07-17 18:36:14',NULL,'2015-07-17 18:36:14',NULL,NULL,'ron is good','O',0,0,1,0,NULL,0,1,0,'2015-07-17 18:36:14',99704,0),
(693,99437,99422,542,19,NULL,'2015-07-20 21:29:09',NULL,'2015-07-20 21:29:09',NULL,NULL,'private referral','O',0,0,1,0,NULL,1,0,0,'2015-07-20 21:29:09',99704,0);
/*!40000 ALTER TABLE `referrals` ENABLE KEYS */;
UNLOCK TABLES;

--
-- Table structure for table `referrals_interested_parties`
--

DROP TABLE IF EXISTS `referrals_interested_parties`;
/*!40101 SET @saved_cs_client     = @@character_set_client */;
/*!40101 SET character_set_client = utf8 */;
CREATE TABLE `referrals_interested_parties` (
  `id` int(11) NOT NULL AUTO_INCREMENT,
  `referrals_id` int(11) DEFAULT NULL,
  `person_id` int(11) DEFAULT NULL,
  `created_by` int(11) DEFAULT NULL,
  `created_at` datetime DEFAULT NULL,
  `modified_by` int(11) DEFAULT NULL,
  `modified_at` datetime DEFAULT NULL,
  `deleted_by` int(11) DEFAULT NULL,
  `deleted_at` datetime DEFAULT NULL,
  PRIMARY KEY (`id`),
  KEY `IDX_2C4E0EEBB24851AE` (`referrals_id`),
  KEY `IDX_2C4E0EEB217BBB47` (`person_id`),
  CONSTRAINT `FK_2C4E0EEB217BBB47` FOREIGN KEY (`person_id`) REFERENCES `person` (`id`),
  CONSTRAINT `FK_2C4E0EEBB24851AE` FOREIGN KEY (`referrals_id`) REFERENCES `referrals` (`id`)
) ENGINE=InnoDB AUTO_INCREMENT=576 DEFAULT CHARSET=utf8 COLLATE=utf8_unicode_ci;
/*!40101 SET character_set_client = @saved_cs_client */;

--
-- Dumping data for table `referrals_interested_parties`
--

LOCK TABLES `referrals_interested_parties` WRITE;
/*!40000 ALTER TABLE `referrals_interested_parties` DISABLE KEYS */;
INSERT INTO `referrals_interested_parties` VALUES
(571,670,99704,NULL,'2015-05-20 16:50:34',NULL,'2015-05-20 16:50:34',NULL,NULL),
(572,671,99704,NULL,'2015-05-20 16:54:28',NULL,'2015-05-20 16:54:28',NULL,NULL),
(573,672,99704,NULL,'2015-05-20 17:47:58',NULL,'2015-05-20 17:47:58',NULL,NULL),
(574,680,99704,NULL,'2015-07-01 17:07:02',NULL,'2015-07-01 17:07:02',NULL,NULL),
(575,681,99704,NULL,'2015-07-01 17:45:15',NULL,'2015-07-01 17:45:15',NULL,NULL);
/*!40000 ALTER TABLE `referrals_interested_parties` ENABLE KEYS */;
UNLOCK TABLES;

--
-- Table structure for table `referrals_teams`
--

DROP TABLE IF EXISTS `referrals_teams`;
/*!40101 SET @saved_cs_client     = @@character_set_client */;
/*!40101 SET character_set_client = utf8 */;
CREATE TABLE `referrals_teams` (
  `id` int(11) NOT NULL AUTO_INCREMENT,
  `referrals_id` int(11) DEFAULT NULL,
  `created_by` int(11) DEFAULT NULL,
  `created_at` datetime DEFAULT NULL,
  `modified_by` int(11) DEFAULT NULL,
  `modified_at` datetime DEFAULT NULL,
  `deleted_by` int(11) DEFAULT NULL,
  `deleted_at` datetime DEFAULT NULL,
  `Teams_id` int(11) DEFAULT NULL,
  PRIMARY KEY (`id`),
  KEY `IDX_8786AC502F403D44` (`Teams_id`),
  KEY `IDX_8786AC50B24851AE` (`referrals_id`),
  CONSTRAINT `FK_8786AC502F403D44` FOREIGN KEY (`Teams_id`) REFERENCES `Teams` (`id`),
  CONSTRAINT `FK_8786AC50B24851AE` FOREIGN KEY (`referrals_id`) REFERENCES `referrals` (`id`)
) ENGINE=InnoDB AUTO_INCREMENT=134 DEFAULT CHARSET=utf8 COLLATE=utf8_unicode_ci;
/*!40101 SET character_set_client = @saved_cs_client */;

--
-- Dumping data for table `referrals_teams`
--

LOCK TABLES `referrals_teams` WRITE;
/*!40000 ALTER TABLE `referrals_teams` DISABLE KEYS */;
INSERT INTO `referrals_teams` VALUES
(130,672,NULL,'2015-05-20 17:47:58',NULL,'2015-05-20 17:47:58',NULL,NULL,377),
(131,675,NULL,'2015-06-19 18:38:24',NULL,'2015-06-19 18:38:24',NULL,NULL,379),
(132,676,NULL,'2015-06-19 18:39:03',NULL,'2015-06-19 18:39:03',NULL,NULL,380),
(133,677,NULL,'2015-06-23 16:51:10',NULL,'2015-06-23 16:51:10',NULL,NULL,380);
/*!40000 ALTER TABLE `referrals_teams` ENABLE KEYS */;
UNLOCK TABLES;

--
-- Table structure for table `related_activities`
--

DROP TABLE IF EXISTS `related_activities`;
/*!40101 SET @saved_cs_client     = @@character_set_client */;
/*!40101 SET character_set_client = utf8 */;
CREATE TABLE `related_activities` (
  `id` int(11) NOT NULL AUTO_INCREMENT,
  `created_by` int(11) DEFAULT NULL,
  `modified_by` int(11) DEFAULT NULL,
  `deleted_by` int(11) DEFAULT NULL,
  `organization_id` int(11) DEFAULT NULL,
  `activity_log_id` int(11) DEFAULT NULL,
  `contacts_id` int(11) DEFAULT NULL,
  `note_id` int(11) DEFAULT NULL,
  `created_at` datetime DEFAULT NULL,
  `modified_at` datetime DEFAULT NULL,
  `deleted_at` datetime DEFAULT NULL,
  `created_on` datetime DEFAULT NULL,
  `appointment_id` int(11) DEFAULT NULL,
  `referral_id` int(11) DEFAULT NULL,
  `email_id` int(11) DEFAULT NULL,
  PRIMARY KEY (`id`),
  KEY `IDX_3F3CA755DE12AB56` (`created_by`),
  KEY `IDX_3F3CA75525F94802` (`modified_by`),
  KEY `IDX_3F3CA7551F6FA0AF` (`deleted_by`),
  KEY `IDX_3F3CA75532C8A3DE` (`organization_id`),
  KEY `IDX_3F3CA755B811BD86` (`activity_log_id`),
  KEY `IDX_3F3CA755719FB48E` (`contacts_id`),
  KEY `IDX_3F3CA75526ED0855` (`note_id`),
  KEY `IDX_3F3CA755E5B533F9` (`appointment_id`),
  KEY `IDX_3F3CA7553CCAA4B7` (`referral_id`),
  KEY `IDX_3F3CA755A832C1C9` (`email_id`),
  CONSTRAINT `FK_3F3CA7551F6FA0AF` FOREIGN KEY (`deleted_by`) REFERENCES `person` (`id`),
  CONSTRAINT `FK_3F3CA75525F94802` FOREIGN KEY (`modified_by`) REFERENCES `person` (`id`),
  CONSTRAINT `FK_3F3CA75526ED0855` FOREIGN KEY (`note_id`) REFERENCES `note` (`id`),
  CONSTRAINT `FK_3F3CA75532C8A3DE` FOREIGN KEY (`organization_id`) REFERENCES `organization` (`id`),
  CONSTRAINT `FK_3F3CA7553CCAA4B7` FOREIGN KEY (`referral_id`) REFERENCES `referrals` (`id`),
  CONSTRAINT `FK_3F3CA755719FB48E` FOREIGN KEY (`contacts_id`) REFERENCES `contacts` (`id`),
  CONSTRAINT `FK_3F3CA755A832C1C9` FOREIGN KEY (`email_id`) REFERENCES `email` (`id`),
  CONSTRAINT `FK_3F3CA755B811BD86` FOREIGN KEY (`activity_log_id`) REFERENCES `activity_log` (`id`),
  CONSTRAINT `FK_3F3CA755DE12AB56` FOREIGN KEY (`created_by`) REFERENCES `person` (`id`),
  CONSTRAINT `FK_3F3CA755E5B533F9` FOREIGN KEY (`appointment_id`) REFERENCES `Appointments` (`id`)
) ENGINE=InnoDB AUTO_INCREMENT=3 DEFAULT CHARSET=utf8 COLLATE=utf8_unicode_ci;
/*!40101 SET character_set_client = @saved_cs_client */;

--
-- Dumping data for table `related_activities`
--

LOCK TABLES `related_activities` WRITE;
/*!40000 ALTER TABLE `related_activities` DISABLE KEYS */;
INSERT INTO `related_activities` VALUES
(1,NULL,NULL,NULL,542,17457,NULL,224,'2015-07-09 14:31:32','2015-07-09 14:31:32',NULL,'2015-07-09 14:31:32',NULL,NULL,NULL),
(2,NULL,NULL,NULL,542,17456,NULL,225,'2015-07-09 14:32:19','2015-07-09 14:32:19',NULL,'2015-07-09 14:32:19',NULL,NULL,NULL);
/*!40000 ALTER TABLE `related_activities` ENABLE KEYS */;
UNLOCK TABLES;

--
-- Table structure for table `report_bucket_range`
--

DROP TABLE IF EXISTS `report_bucket_range`;
/*!40101 SET @saved_cs_client     = @@character_set_client */;
/*!40101 SET character_set_client = utf8 */;
CREATE TABLE `report_bucket_range` (
  `id` int(11) NOT NULL AUTO_INCREMENT,
  `created_by` int(11) DEFAULT NULL,
  `modified_by` int(11) DEFAULT NULL,
  `deleted_by` int(11) DEFAULT NULL,
  `element_id` int(11) DEFAULT NULL,
  `created_at` datetime DEFAULT NULL,
  `modified_at` datetime DEFAULT NULL,
  `deleted_at` datetime DEFAULT NULL,
  `value` decimal(8,4) DEFAULT NULL,
  PRIMARY KEY (`id`),
  KEY `IDX_F214B74BDE12AB56` (`created_by`),
  KEY `IDX_F214B74B25F94802` (`modified_by`),
  KEY `IDX_F214B74B1F6FA0AF` (`deleted_by`),
  KEY `fk_report_element_buckets_report_elements1_idx` (`element_id`),
  CONSTRAINT `FK_F214B74B1F1F2A24` FOREIGN KEY (`element_id`) REFERENCES `report_element_buckets` (`id`),
  CONSTRAINT `FK_F214B74B1F6FA0AF` FOREIGN KEY (`deleted_by`) REFERENCES `person` (`id`),
  CONSTRAINT `FK_F214B74B25F94802` FOREIGN KEY (`modified_by`) REFERENCES `person` (`id`),
  CONSTRAINT `FK_F214B74BDE12AB56` FOREIGN KEY (`created_by`) REFERENCES `person` (`id`)
) ENGINE=InnoDB DEFAULT CHARSET=utf8 COLLATE=utf8_unicode_ci;
/*!40101 SET character_set_client = @saved_cs_client */;

--
-- Dumping data for table `report_bucket_range`
--

LOCK TABLES `report_bucket_range` WRITE;
/*!40000 ALTER TABLE `report_bucket_range` DISABLE KEYS */;
/*!40000 ALTER TABLE `report_bucket_range` ENABLE KEYS */;
UNLOCK TABLES;

--
-- Table structure for table `report_calc_history`
--

DROP TABLE IF EXISTS `report_calc_history`;
/*!40101 SET @saved_cs_client     = @@character_set_client */;
/*!40101 SET character_set_client = utf8 */;
CREATE TABLE `report_calc_history` (
  `id` int(11) NOT NULL AUTO_INCREMENT,
  `created_by` int(11) DEFAULT NULL,
  `modified_by` int(11) DEFAULT NULL,
  `deleted_by` int(11) DEFAULT NULL,
  `org_id` int(11) DEFAULT NULL,
  `person_id` int(11) DEFAULT NULL,
  `report_id` int(11) DEFAULT NULL,
  `survey_id` int(11) DEFAULT NULL,
  `created_at` datetime DEFAULT NULL,
  `modified_at` datetime DEFAULT NULL,
  `deleted_at` datetime DEFAULT NULL,
  `file_name` varchar(255) COLLATE utf8_unicode_ci DEFAULT NULL,
  PRIMARY KEY (`id`),
  KEY `IDX_23CCB636DE12AB56` (`created_by`),
  KEY `IDX_23CCB63625F94802` (`modified_by`),
  KEY `IDX_23CCB6361F6FA0AF` (`deleted_by`),
  KEY `fk_report_calc_history_org1_idx` (`org_id`),
  KEY `fk_report_calc_history_survey1_idx` (`survey_id`),
  KEY `fk_report_calc_history_reports1_idx` (`report_id`),
  KEY `fk_report_calc_history_person1_idx` (`person_id`),
  CONSTRAINT `FK_23CCB6361F6FA0AF` FOREIGN KEY (`deleted_by`) REFERENCES `person` (`id`),
  CONSTRAINT `FK_23CCB636217BBB47` FOREIGN KEY (`person_id`) REFERENCES `person` (`id`),
  CONSTRAINT `FK_23CCB63625F94802` FOREIGN KEY (`modified_by`) REFERENCES `person` (`id`),
  CONSTRAINT `FK_23CCB6364BD2A4C0` FOREIGN KEY (`report_id`) REFERENCES `reports` (`id`),
  CONSTRAINT `FK_23CCB636B3FE509D` FOREIGN KEY (`survey_id`) REFERENCES `survey` (`id`),
  CONSTRAINT `FK_23CCB636DE12AB56` FOREIGN KEY (`created_by`) REFERENCES `person` (`id`),
  CONSTRAINT `FK_23CCB636F4837C1B` FOREIGN KEY (`org_id`) REFERENCES `organization` (`id`)
) ENGINE=InnoDB DEFAULT CHARSET=utf8 COLLATE=utf8_unicode_ci;
/*!40101 SET character_set_client = @saved_cs_client */;

--
-- Dumping data for table `report_calc_history`
--

LOCK TABLES `report_calc_history` WRITE;
/*!40000 ALTER TABLE `report_calc_history` DISABLE KEYS */;
/*!40000 ALTER TABLE `report_calc_history` ENABLE KEYS */;
UNLOCK TABLES;

--
-- Table structure for table `report_calculated_values`
--

DROP TABLE IF EXISTS `report_calculated_values`;
/*!40101 SET @saved_cs_client     = @@character_set_client */;
/*!40101 SET character_set_client = utf8 */;
CREATE TABLE `report_calculated_values` (
  `id` int(11) NOT NULL AUTO_INCREMENT,
  `created_by` int(11) DEFAULT NULL,
  `modified_by` int(11) DEFAULT NULL,
  `deleted_by` int(11) DEFAULT NULL,
  `org_id` int(11) NOT NULL,
  `person_id` int(11) DEFAULT NULL,
  `report_id` int(11) DEFAULT NULL,
  `section_id` int(11) DEFAULT NULL,
  `element_bucket_id` int(11) DEFAULT NULL,
  `created_at` datetime DEFAULT NULL,
  `modified_at` datetime DEFAULT NULL,
  `deleted_at` datetime DEFAULT NULL,
  `element_id` int(11) DEFAULT NULL,
  `calculated_value` decimal(8,4) DEFAULT NULL,
  `survey_id` int(11) DEFAULT NULL,
  PRIMARY KEY (`id`),
  UNIQUE KEY `unique_key` (`org_id`,`person_id`,`survey_id`,`report_id`,`section_id`,`element_id`),
  KEY `IDX_CB8DFCDCDE12AB56` (`created_by`),
  KEY `IDX_CB8DFCDC25F94802` (`modified_by`),
  KEY `IDX_CB8DFCDC1F6FA0AF` (`deleted_by`),
  KEY `IDX_CB8DFCDCF4837C1B` (`org_id`),
  KEY `fk_report_calculated_values_reports1_idx` (`report_id`),
  KEY `fk_report_calculated_values_report_sections1_idx` (`section_id`),
  KEY `fk_report_calculated_values_report_element_buckets1_idx` (`element_bucket_id`),
  KEY `fk_report_calculated_values_person1_idx` (`person_id`),
  KEY `IDX_CB8DFCDC1F1F2A24` (`element_id`),
  KEY `IDX_CB8DFCDCB3FE509D` (`survey_id`),
  CONSTRAINT `FK_CB8DFCDC1F1F2A24` FOREIGN KEY (`element_id`) REFERENCES `report_section_elements` (`id`),
  CONSTRAINT `FK_CB8DFCDC1F6FA0AF` FOREIGN KEY (`deleted_by`) REFERENCES `person` (`id`),
  CONSTRAINT `FK_CB8DFCDC217BBB47` FOREIGN KEY (`person_id`) REFERENCES `person` (`id`),
  CONSTRAINT `FK_CB8DFCDC25F94802` FOREIGN KEY (`modified_by`) REFERENCES `person` (`id`),
  CONSTRAINT `FK_CB8DFCDC2CC57666` FOREIGN KEY (`element_bucket_id`) REFERENCES `report_element_buckets` (`id`),
  CONSTRAINT `FK_CB8DFCDC4BD2A4C0` FOREIGN KEY (`report_id`) REFERENCES `reports` (`id`),
  CONSTRAINT `FK_CB8DFCDCB3FE509D` FOREIGN KEY (`survey_id`) REFERENCES `survey` (`id`),
  CONSTRAINT `FK_CB8DFCDCD823E37A` FOREIGN KEY (`section_id`) REFERENCES `report_sections` (`id`),
  CONSTRAINT `FK_CB8DFCDCDE12AB56` FOREIGN KEY (`created_by`) REFERENCES `person` (`id`),
  CONSTRAINT `FK_CB8DFCDCF4837C1B` FOREIGN KEY (`org_id`) REFERENCES `organization` (`id`)
) ENGINE=InnoDB DEFAULT CHARSET=utf8 COLLATE=utf8_unicode_ci;
/*!40101 SET character_set_client = @saved_cs_client */;

--
-- Dumping data for table `report_calculated_values`
--

LOCK TABLES `report_calculated_values` WRITE;
/*!40000 ALTER TABLE `report_calculated_values` DISABLE KEYS */;
/*!40000 ALTER TABLE `report_calculated_values` ENABLE KEYS */;
UNLOCK TABLES;

--
-- Table structure for table `report_element_buckets`
--

DROP TABLE IF EXISTS `report_element_buckets`;
/*!40101 SET @saved_cs_client     = @@character_set_client */;
/*!40101 SET character_set_client = utf8 */;
CREATE TABLE `report_element_buckets` (
  `id` int(11) NOT NULL AUTO_INCREMENT,
  `created_by` int(11) DEFAULT NULL,
  `modified_by` int(11) DEFAULT NULL,
  `deleted_by` int(11) DEFAULT NULL,
  `element_id` int(11) DEFAULT NULL,
  `created_at` datetime DEFAULT NULL,
  `modified_at` datetime DEFAULT NULL,
  `deleted_at` datetime DEFAULT NULL,
  `bucket_name` varchar(45) COLLATE utf8_unicode_ci DEFAULT NULL,
  `bucket_text` varchar(1000) COLLATE utf8_unicode_ci DEFAULT NULL,
  `range_min` decimal(8,4) DEFAULT NULL,
  `range_max` decimal(8,4) DEFAULT NULL,
  `is_choices` int(1) DEFAULT NULL,
  PRIMARY KEY (`id`),
  KEY `IDX_FD533799DE12AB56` (`created_by`),
  KEY `IDX_FD53379925F94802` (`modified_by`),
  KEY `IDX_FD5337991F6FA0AF` (`deleted_by`),
  KEY `fk_report_element_buckets_report_elements1_idx` (`element_id`),
  CONSTRAINT `FK_FD5337991F1F2A24` FOREIGN KEY (`element_id`) REFERENCES `report_section_elements` (`id`),
  CONSTRAINT `FK_FD5337991F6FA0AF` FOREIGN KEY (`deleted_by`) REFERENCES `person` (`id`),
  CONSTRAINT `FK_FD53379925F94802` FOREIGN KEY (`modified_by`) REFERENCES `person` (`id`),
  CONSTRAINT `FK_FD533799DE12AB56` FOREIGN KEY (`created_by`) REFERENCES `person` (`id`)
) ENGINE=InnoDB DEFAULT CHARSET=utf8 COLLATE=utf8_unicode_ci;
/*!40101 SET character_set_client = @saved_cs_client */;

--
-- Dumping data for table `report_element_buckets`
--

LOCK TABLES `report_element_buckets` WRITE;
/*!40000 ALTER TABLE `report_element_buckets` DISABLE KEYS */;
/*!40000 ALTER TABLE `report_element_buckets` ENABLE KEYS */;
UNLOCK TABLES;

--
-- Table structure for table `report_run_details`
--

DROP TABLE IF EXISTS `report_run_details`;
/*!40101 SET @saved_cs_client     = @@character_set_client */;
/*!40101 SET character_set_client = utf8 */;
CREATE TABLE `report_run_details` (
  `id` int(11) NOT NULL AUTO_INCREMENT,
  `created_by` int(11) DEFAULT NULL,
  `modified_by` int(11) DEFAULT NULL,
  `deleted_by` int(11) DEFAULT NULL,
  `report_instance_id` int(11) DEFAULT NULL,
  `section_id` int(11) DEFAULT NULL,
  `question_id` int(11) DEFAULT NULL,
  `person_id` int(11) DEFAULT NULL,
  `created_at` datetime DEFAULT NULL,
  `modified_at` datetime DEFAULT NULL,
  `deleted_at` datetime DEFAULT NULL,
  `survey_qnbr` int(11) DEFAULT NULL,
  `response_json` longtext COLLATE utf8_unicode_ci NOT NULL,
  `type` varchar(100) COLLATE utf8_unicode_ci DEFAULT NULL,
  PRIMARY KEY (`id`),
  KEY `IDX_9B5CD0A2DE12AB56` (`created_by`),
  KEY `IDX_9B5CD0A225F94802` (`modified_by`),
  KEY `IDX_9B5CD0A21F6FA0AF` (`deleted_by`),
  KEY `IDX_9B5CD0A28B49D915` (`report_instance_id`),
  KEY `IDX_9B5CD0A2D823E37A` (`section_id`),
  KEY `IDX_9B5CD0A21E27F6BF` (`question_id`),
  KEY `IDX_9B5CD0A2217BBB47` (`person_id`),
  CONSTRAINT `FK_9B5CD0A21E27F6BF` FOREIGN KEY (`question_id`) REFERENCES `survey_questions` (`id`),
  CONSTRAINT `FK_9B5CD0A21F6FA0AF` FOREIGN KEY (`deleted_by`) REFERENCES `person` (`id`),
  CONSTRAINT `FK_9B5CD0A2217BBB47` FOREIGN KEY (`person_id`) REFERENCES `person` (`id`),
  CONSTRAINT `FK_9B5CD0A225F94802` FOREIGN KEY (`modified_by`) REFERENCES `person` (`id`),
  CONSTRAINT `FK_9B5CD0A28B49D915` FOREIGN KEY (`report_instance_id`) REFERENCES `reports_running_status` (`id`),
  CONSTRAINT `FK_9B5CD0A2D823E37A` FOREIGN KEY (`section_id`) REFERENCES `report_sections` (`id`),
  CONSTRAINT `FK_9B5CD0A2DE12AB56` FOREIGN KEY (`created_by`) REFERENCES `person` (`id`)
) ENGINE=InnoDB DEFAULT CHARSET=utf8 COLLATE=utf8_unicode_ci;
/*!40101 SET character_set_client = @saved_cs_client */;

--
-- Dumping data for table `report_run_details`
--

LOCK TABLES `report_run_details` WRITE;
/*!40000 ALTER TABLE `report_run_details` DISABLE KEYS */;
/*!40000 ALTER TABLE `report_run_details` ENABLE KEYS */;
UNLOCK TABLES;

--
-- Table structure for table `report_section_elements`
--

DROP TABLE IF EXISTS `report_section_elements`;
/*!40101 SET @saved_cs_client     = @@character_set_client */;
/*!40101 SET character_set_client = utf8 */;
CREATE TABLE `report_section_elements` (
  `id` int(11) NOT NULL AUTO_INCREMENT,
  `created_by` int(11) DEFAULT NULL,
  `modified_by` int(11) DEFAULT NULL,
  `deleted_by` int(11) DEFAULT NULL,
  `section_id` int(11) DEFAULT NULL,
  `factor_id` int(11) DEFAULT NULL,
  `survey_question_id` int(11) DEFAULT NULL,
  `created_at` datetime DEFAULT NULL,
  `modified_at` datetime DEFAULT NULL,
  `deleted_at` datetime DEFAULT NULL,
  `title` varchar(100) COLLATE utf8_unicode_ci DEFAULT NULL,
  `description` longtext COLLATE utf8_unicode_ci,
  `source_type` enum('F','Q','E') COLLATE utf8_unicode_ci DEFAULT NULL,
  `icon_file_name` varchar(100) COLLATE utf8_unicode_ci DEFAULT NULL,
  `survey_id` int(11) DEFAULT NULL,
  `ebi_question_id` int(11) DEFAULT NULL,
  PRIMARY KEY (`id`),
  KEY `IDX_91D6E5F5DE12AB56` (`created_by`),
  KEY `IDX_91D6E5F525F94802` (`modified_by`),
  KEY `IDX_91D6E5F51F6FA0AF` (`deleted_by`),
  KEY `fk_report_elements_report_sections1_idx` (`section_id`),
  KEY `fk_report_elements_factor1_idx` (`factor_id`),
  KEY `fk_report_elements_survey_questions1_idx` (`survey_question_id`),
  KEY `IDX_91D6E5F5B3FE509D` (`survey_id`),
  KEY `IDX_91D6E5F579F0E193` (`ebi_question_id`),
  CONSTRAINT `FK_91D6E5F51F6FA0AF` FOREIGN KEY (`deleted_by`) REFERENCES `person` (`id`),
  CONSTRAINT `FK_91D6E5F525F94802` FOREIGN KEY (`modified_by`) REFERENCES `person` (`id`),
  CONSTRAINT `FK_91D6E5F579F0E193` FOREIGN KEY (`ebi_question_id`) REFERENCES `ebi_question` (`id`),
  CONSTRAINT `FK_91D6E5F5A6DF29BA` FOREIGN KEY (`survey_question_id`) REFERENCES `survey_questions` (`id`),
  CONSTRAINT `FK_91D6E5F5B3FE509D` FOREIGN KEY (`survey_id`) REFERENCES `survey` (`id`),
  CONSTRAINT `FK_91D6E5F5BC88C1A3` FOREIGN KEY (`factor_id`) REFERENCES `factor` (`id`),
  CONSTRAINT `FK_91D6E5F5D823E37A` FOREIGN KEY (`section_id`) REFERENCES `report_sections` (`id`),
  CONSTRAINT `FK_91D6E5F5DE12AB56` FOREIGN KEY (`created_by`) REFERENCES `person` (`id`)
) ENGINE=InnoDB DEFAULT CHARSET=utf8 COLLATE=utf8_unicode_ci;
/*!40101 SET character_set_client = @saved_cs_client */;

--
-- Dumping data for table `report_section_elements`
--

LOCK TABLES `report_section_elements` WRITE;
/*!40000 ALTER TABLE `report_section_elements` DISABLE KEYS */;
/*!40000 ALTER TABLE `report_section_elements` ENABLE KEYS */;
UNLOCK TABLES;

--
-- Table structure for table `report_sections`
--

DROP TABLE IF EXISTS `report_sections`;
/*!40101 SET @saved_cs_client     = @@character_set_client */;
/*!40101 SET character_set_client = utf8 */;
CREATE TABLE `report_sections` (
  `id` int(11) NOT NULL AUTO_INCREMENT,
  `created_by` int(11) DEFAULT NULL,
  `modified_by` int(11) DEFAULT NULL,
  `deleted_by` int(11) DEFAULT NULL,
  `report_id` int(11) DEFAULT NULL,
  `created_at` datetime DEFAULT NULL,
  `modified_at` datetime DEFAULT NULL,
  `deleted_at` datetime DEFAULT NULL,
  `title` varchar(100) COLLATE utf8_unicode_ci DEFAULT NULL,
  `sequence` smallint(6) DEFAULT NULL,
  `section_query` longtext COLLATE utf8_unicode_ci,
  PRIMARY KEY (`id`),
  KEY `IDX_2BF6DAE5DE12AB56` (`created_by`),
  KEY `IDX_2BF6DAE525F94802` (`modified_by`),
  KEY `IDX_2BF6DAE51F6FA0AF` (`deleted_by`),
  KEY `fk_sections_reports1_idx` (`report_id`),
  CONSTRAINT `FK_2BF6DAE51F6FA0AF` FOREIGN KEY (`deleted_by`) REFERENCES `person` (`id`),
  CONSTRAINT `FK_2BF6DAE525F94802` FOREIGN KEY (`modified_by`) REFERENCES `person` (`id`),
  CONSTRAINT `FK_2BF6DAE54BD2A4C0` FOREIGN KEY (`report_id`) REFERENCES `reports` (`id`),
  CONSTRAINT `FK_2BF6DAE5DE12AB56` FOREIGN KEY (`created_by`) REFERENCES `person` (`id`)
) ENGINE=InnoDB AUTO_INCREMENT=4 DEFAULT CHARSET=utf8 COLLATE=utf8_unicode_ci;
/*!40101 SET character_set_client = @saved_cs_client */;

--
-- Dumping data for table `report_sections`
--

LOCK TABLES `report_sections` WRITE;
/*!40000 ALTER TABLE `report_sections` DISABLE KEYS */;
INSERT INTO `report_sections` VALUES
(1,NULL,NULL,NULL,1,NULL,NULL,NULL,'Earning the Grades You Want',1,NULL),
(2,NULL,NULL,NULL,1,NULL,NULL,NULL,'Connecting with Others',2,NULL),
(3,NULL,NULL,NULL,1,NULL,NULL,NULL,'Paying for College',3,NULL);
/*!40000 ALTER TABLE `report_sections` ENABLE KEYS */;
UNLOCK TABLES;

--
-- Table structure for table `report_tips`
--

DROP TABLE IF EXISTS `report_tips`;
/*!40101 SET @saved_cs_client     = @@character_set_client */;
/*!40101 SET character_set_client = utf8 */;
CREATE TABLE `report_tips` (
  `id` int(11) NOT NULL AUTO_INCREMENT,
  `created_by` int(11) DEFAULT NULL,
  `modified_by` int(11) DEFAULT NULL,
  `deleted_by` int(11) DEFAULT NULL,
  `section_id` int(11) DEFAULT NULL,
  `created_at` datetime DEFAULT NULL,
  `modified_at` datetime DEFAULT NULL,
  `deleted_at` datetime DEFAULT NULL,
  `title` varchar(45) COLLATE utf8_unicode_ci DEFAULT NULL,
  `description` varchar(1000) COLLATE utf8_unicode_ci DEFAULT NULL,
  PRIMARY KEY (`id`),
  KEY `IDX_1700ACF3DE12AB56` (`created_by`),
  KEY `IDX_1700ACF325F94802` (`modified_by`),
  KEY `IDX_1700ACF31F6FA0AF` (`deleted_by`),
  KEY `fk_report_tips_report_sections1_idx` (`section_id`),
  CONSTRAINT `FK_1700ACF31F6FA0AF` FOREIGN KEY (`deleted_by`) REFERENCES `person` (`id`),
  CONSTRAINT `FK_1700ACF325F94802` FOREIGN KEY (`modified_by`) REFERENCES `person` (`id`),
  CONSTRAINT `FK_1700ACF3D823E37A` FOREIGN KEY (`section_id`) REFERENCES `report_sections` (`id`),
  CONSTRAINT `FK_1700ACF3DE12AB56` FOREIGN KEY (`created_by`) REFERENCES `person` (`id`)
) ENGINE=InnoDB DEFAULT CHARSET=utf8 COLLATE=utf8_unicode_ci;
/*!40101 SET character_set_client = @saved_cs_client */;

--
-- Dumping data for table `report_tips`
--

LOCK TABLES `report_tips` WRITE;
/*!40000 ALTER TABLE `report_tips` DISABLE KEYS */;
/*!40000 ALTER TABLE `report_tips` ENABLE KEYS */;
UNLOCK TABLES;

--
-- Table structure for table `reports`
--

DROP TABLE IF EXISTS `reports`;
/*!40101 SET @saved_cs_client     = @@character_set_client */;
/*!40101 SET character_set_client = utf8 */;
CREATE TABLE `reports` (
  `id` int(11) NOT NULL AUTO_INCREMENT,
  `created_by` int(11) DEFAULT NULL,
  `modified_by` int(11) DEFAULT NULL,
  `deleted_by` int(11) DEFAULT NULL,
  `created_at` datetime DEFAULT NULL,
  `modified_at` datetime DEFAULT NULL,
  `deleted_at` datetime DEFAULT NULL,
  `name` varchar(100) COLLATE utf8_unicode_ci NOT NULL,
  `description` varchar(255) COLLATE utf8_unicode_ci NOT NULL,
  `is_batch_job` enum('y','n') COLLATE utf8_unicode_ci DEFAULT NULL,
  `is_coordinator_report` enum('y','n') COLLATE utf8_unicode_ci DEFAULT NULL,
  `short_code` varchar(10) COLLATE utf8_unicode_ci NOT NULL,
  `is_active` enum('y','n') COLLATE utf8_unicode_ci NOT NULL DEFAULT 'n',
  PRIMARY KEY (`id`),
  KEY `IDX_F11FA745DE12AB56` (`created_by`),
  KEY `IDX_F11FA74525F94802` (`modified_by`),
  KEY `IDX_F11FA7451F6FA0AF` (`deleted_by`),
  CONSTRAINT `FK_F11FA7451F6FA0AF` FOREIGN KEY (`deleted_by`) REFERENCES `person` (`id`),
  CONSTRAINT `FK_F11FA74525F94802` FOREIGN KEY (`modified_by`) REFERENCES `person` (`id`),
  CONSTRAINT `FK_F11FA745DE12AB56` FOREIGN KEY (`created_by`) REFERENCES `person` (`id`)
) ENGINE=InnoDB AUTO_INCREMENT=11 DEFAULT CHARSET=utf8 COLLATE=utf8_unicode_ci;
/*!40101 SET character_set_client = @saved_cs_client */;

--
-- Dumping data for table `reports`
--

LOCK TABLES `reports` WRITE;
/*!40000 ALTER TABLE `reports` DISABLE KEYS */;
INSERT INTO `reports` VALUES
(1,NULL,NULL,NULL,NULL,NULL,NULL,'student-report','Student success report - Survey',NULL,NULL,'SUR-SSR','n'),
(2,NULL,NULL,NULL,NULL,NULL,NULL,'Individual Response Report','See which students responded when, who opted out for a given survey and cohort.  Export to csv, perform individual or bulk actions','y','n','SUR-IRR','n'),
(3,NULL,NULL,NULL,NULL,NULL,NULL,'All Academic Updates Report','See all academic updates for your students.  Export to csv, perform individual or bulk actions','y','n','AU-R','n'),
(6,NULL,NULL,NULL,NULL,NULL,NULL,'Group Response Report','Compare survey response rates for different groups.  Export to csv','y',NULL,'SUR-GRR','y'),
(7,NULL,NULL,NULL,NULL,NULL,NULL,'Our Mapworks Activity','View statistics on faculty and student activity tracked in Mapworks for a given date range.  Export to pdf','y','y','MAR','n'),
(8,NULL,NULL,NULL,NULL,NULL,NULL,'Survey Snapshot Report','See aggregated responses to all survey questions for a given survey and cohort.  Drill down to see individual students','y','n','SUR-SR','y'),
(9,NULL,NULL,NULL,NULL,NULL,NULL,'Our Students Report','See Top Five issues, high-level survey data and demographics for a single survey and cohort.. Export to pdf','n','n','OSR','n'),
(10,NULL,NULL,NULL,NULL,NULL,NULL,'Survey Factor Reports','See aggregated values of all survey factors for a given survey and cohort.  Drill down to see individual students','n','n','SUR-FR','n');
/*!40000 ALTER TABLE `reports` ENABLE KEYS */;
UNLOCK TABLES;

--
-- Table structure for table `reports_running_status`
--

DROP TABLE IF EXISTS `reports_running_status`;
/*!40101 SET @saved_cs_client     = @@character_set_client */;
/*!40101 SET character_set_client = utf8 */;
CREATE TABLE `reports_running_status` (
  `id` int(11) NOT NULL AUTO_INCREMENT,
  `created_by` int(11) DEFAULT NULL,
  `modified_by` int(11) DEFAULT NULL,
  `deleted_by` int(11) DEFAULT NULL,
  `report_id` int(11) DEFAULT NULL,
  `org_id` int(11) DEFAULT NULL,
  `person_id` int(11) DEFAULT NULL,
  `created_at` datetime DEFAULT NULL,
  `modified_at` datetime DEFAULT NULL,
  `deleted_at` datetime DEFAULT NULL,
  `is_viewed` enum('Y','N') COLLATE utf8_unicode_ci DEFAULT NULL,
  `filtered_student_ids` longtext COLLATE utf8_unicode_ci,
  `filter_criteria` longtext COLLATE utf8_unicode_ci,
  `report_custom_title` varchar(255) COLLATE utf8_unicode_ci DEFAULT NULL,
  `status` enum('Q','IP','C','F') COLLATE utf8_unicode_ci DEFAULT NULL,
  `response_json` longtext COLLATE utf8_unicode_ci,
  PRIMARY KEY (`id`),
  KEY `IDX_80023648DE12AB56` (`created_by`),
  KEY `IDX_8002364825F94802` (`modified_by`),
  KEY `IDX_800236481F6FA0AF` (`deleted_by`),
  KEY `IDX_800236484BD2A4C0` (`report_id`),
  KEY `IDX_80023648F4837C1B` (`org_id`),
  KEY `IDX_80023648217BBB47` (`person_id`),
  CONSTRAINT `FK_800236481F6FA0AF` FOREIGN KEY (`deleted_by`) REFERENCES `person` (`id`),
  CONSTRAINT `FK_80023648217BBB47` FOREIGN KEY (`person_id`) REFERENCES `person` (`id`),
  CONSTRAINT `FK_8002364825F94802` FOREIGN KEY (`modified_by`) REFERENCES `person` (`id`),
  CONSTRAINT `FK_800236484BD2A4C0` FOREIGN KEY (`report_id`) REFERENCES `reports` (`id`),
  CONSTRAINT `FK_80023648DE12AB56` FOREIGN KEY (`created_by`) REFERENCES `person` (`id`),
  CONSTRAINT `FK_80023648F4837C1B` FOREIGN KEY (`org_id`) REFERENCES `organization` (`id`)
) ENGINE=InnoDB DEFAULT CHARSET=utf8 COLLATE=utf8_unicode_ci;
/*!40101 SET character_set_client = @saved_cs_client */;

--
-- Dumping data for table `reports_running_status`
--

LOCK TABLES `reports_running_status` WRITE;
/*!40000 ALTER TABLE `reports_running_status` DISABLE KEYS */;
/*!40000 ALTER TABLE `reports_running_status` ENABLE KEYS */;
UNLOCK TABLES;

--
-- Table structure for table `reports_template`
--

DROP TABLE IF EXISTS `reports_template`;
/*!40101 SET @saved_cs_client     = @@character_set_client */;
/*!40101 SET character_set_client = utf8 */;
CREATE TABLE `reports_template` (
  `id` int(11) NOT NULL AUTO_INCREMENT,
  `created_by` int(11) DEFAULT NULL,
  `modified_by` int(11) DEFAULT NULL,
  `deleted_by` int(11) DEFAULT NULL,
  `report_id` int(11) DEFAULT NULL,
  `org_id` int(11) DEFAULT NULL,
  `person_id` int(11) DEFAULT NULL,
  `created_at` datetime DEFAULT NULL,
  `modified_at` datetime DEFAULT NULL,
  `deleted_at` datetime DEFAULT NULL,
  `filter_criteria` longtext COLLATE utf8_unicode_ci NOT NULL,
  `template_name` varchar(255) COLLATE utf8_unicode_ci NOT NULL,
  PRIMARY KEY (`id`),
  KEY `IDX_C275D4A5DE12AB56` (`created_by`),
  KEY `IDX_C275D4A525F94802` (`modified_by`),
  KEY `IDX_C275D4A51F6FA0AF` (`deleted_by`),
  KEY `IDX_C275D4A5F4837C1B` (`org_id`),
  KEY `fk_report_templates_reports1_idx` (`report_id`),
  KEY `fk_report_templates_person1_idx` (`person_id`),
  CONSTRAINT `FK_C275D4A51F6FA0AF` FOREIGN KEY (`deleted_by`) REFERENCES `person` (`id`),
  CONSTRAINT `FK_C275D4A5217BBB47` FOREIGN KEY (`person_id`) REFERENCES `person` (`id`),
  CONSTRAINT `FK_C275D4A525F94802` FOREIGN KEY (`modified_by`) REFERENCES `person` (`id`),
  CONSTRAINT `FK_C275D4A54BD2A4C0` FOREIGN KEY (`report_id`) REFERENCES `reports` (`id`),
  CONSTRAINT `FK_C275D4A5DE12AB56` FOREIGN KEY (`created_by`) REFERENCES `person` (`id`),
  CONSTRAINT `FK_C275D4A5F4837C1B` FOREIGN KEY (`org_id`) REFERENCES `organization` (`id`)
) ENGINE=InnoDB DEFAULT CHARSET=utf8 COLLATE=utf8_unicode_ci;
/*!40101 SET character_set_client = @saved_cs_client */;

--
-- Dumping data for table `reports_template`
--

LOCK TABLES `reports_template` WRITE;
/*!40000 ALTER TABLE `reports_template` DISABLE KEYS */;
/*!40000 ALTER TABLE `reports_template` ENABLE KEYS */;
UNLOCK TABLES;

--
-- Table structure for table `risk_calc_tracking_table`
--

DROP TABLE IF EXISTS `risk_calc_tracking_table`;
/*!40101 SET @saved_cs_client     = @@character_set_client */;
/*!40101 SET character_set_client = utf8 */;
CREATE TABLE `risk_calc_tracking_table` (
  `person_id` int(11) NOT NULL,
  `last_update_ts` datetime DEFAULT NULL,
  `most_recent_survey_question_id` int(11) DEFAULT NULL,
  `last_seen_survey_question_id` int(11) DEFAULT NULL,
  `survey_id` int(11) NOT NULL,
  `org_id` int(11) NOT NULL,
  PRIMARY KEY (`org_id`,`person_id`,`survey_id`),
  KEY `org_person` (`org_id`,`person_id`),
  KEY `person` (`person_id`),
  KEY `survey_id` (`survey_id`),
  KEY `last_seen` (`last_seen_survey_question_id`),
  KEY `most_recent` (`most_recent_survey_question_id`),
  KEY `last_update` (`last_update_ts`)
) ENGINE=InnoDB DEFAULT CHARSET=latin1;
/*!40101 SET character_set_client = @saved_cs_client */;

--
-- Dumping data for table `risk_calc_tracking_table`
--

LOCK TABLES `risk_calc_tracking_table` WRITE;
/*!40000 ALTER TABLE `risk_calc_tracking_table` DISABLE KEYS */;
/*!40000 ALTER TABLE `risk_calc_tracking_table` ENABLE KEYS */;
UNLOCK TABLES;

--
-- Table structure for table `risk_calc_tracking_table_ISQ`
--

DROP TABLE IF EXISTS `risk_calc_tracking_table_ISQ`;
/*!40101 SET @saved_cs_client     = @@character_set_client */;
/*!40101 SET character_set_client = utf8 */;
CREATE TABLE `risk_calc_tracking_table_ISQ` (
  `person_id` int(11) NOT NULL,
  `last_update_ts` datetime DEFAULT NULL,
  `most_recent_org_question_id` int(11) DEFAULT NULL,
  `last_seen_org_question_id` int(11) DEFAULT NULL,
  `survey_id` int(11) NOT NULL,
  `org_id` int(11) NOT NULL,
  PRIMARY KEY (`org_id`,`person_id`,`survey_id`),
  KEY `org_person` (`org_id`,`person_id`),
  KEY `person` (`person_id`),
  KEY `survey_id` (`survey_id`),
  KEY `last_seen` (`last_seen_org_question_id`),
  KEY `most_recent` (`most_recent_org_question_id`),
  KEY `last_update` (`last_update_ts`)
) ENGINE=InnoDB DEFAULT CHARSET=latin1;
/*!40101 SET character_set_client = @saved_cs_client */;

--
-- Dumping data for table `risk_calc_tracking_table_ISQ`
--

LOCK TABLES `risk_calc_tracking_table_ISQ` WRITE;
/*!40000 ALTER TABLE `risk_calc_tracking_table_ISQ` DISABLE KEYS */;
/*!40000 ALTER TABLE `risk_calc_tracking_table_ISQ` ENABLE KEYS */;
UNLOCK TABLES;

--
-- Table structure for table `risk_group`
--

DROP TABLE IF EXISTS `risk_group`;
/*!40101 SET @saved_cs_client     = @@character_set_client */;
/*!40101 SET character_set_client = utf8 */;
CREATE TABLE `risk_group` (
  `id` int(11) NOT NULL AUTO_INCREMENT,
  `created_by` int(11) DEFAULT NULL,
  `modified_by` int(11) DEFAULT NULL,
  `deleted_by` int(11) DEFAULT NULL,
  `created_at` datetime DEFAULT NULL,
  `modified_at` datetime DEFAULT NULL,
  `deleted_at` datetime DEFAULT NULL,
  `risk_group_key` varchar(45) COLLATE utf8_unicode_ci DEFAULT NULL,
  PRIMARY KEY (`id`),
  KEY `IDX_1CA28DBADE12AB56` (`created_by`),
  KEY `IDX_1CA28DBA25F94802` (`modified_by`),
  KEY `IDX_1CA28DBA1F6FA0AF` (`deleted_by`),
  CONSTRAINT `FK_1CA28DBA1F6FA0AF` FOREIGN KEY (`deleted_by`) REFERENCES `person` (`id`),
  CONSTRAINT `FK_1CA28DBA25F94802` FOREIGN KEY (`modified_by`) REFERENCES `person` (`id`),
  CONSTRAINT `FK_1CA28DBADE12AB56` FOREIGN KEY (`created_by`) REFERENCES `person` (`id`)
) ENGINE=InnoDB DEFAULT CHARSET=utf8 COLLATE=utf8_unicode_ci;
/*!40101 SET character_set_client = @saved_cs_client */;

--
-- Dumping data for table `risk_group`
--

LOCK TABLES `risk_group` WRITE;
/*!40000 ALTER TABLE `risk_group` DISABLE KEYS */;
/*!40000 ALTER TABLE `risk_group` ENABLE KEYS */;
UNLOCK TABLES;

--
-- Table structure for table `risk_group_lang`
--

DROP TABLE IF EXISTS `risk_group_lang`;
/*!40101 SET @saved_cs_client     = @@character_set_client */;
/*!40101 SET character_set_client = utf8 */;
CREATE TABLE `risk_group_lang` (
  `lang_id` int(11) NOT NULL,
  `risk_group_id` int(11) NOT NULL,
  `name` varchar(200) COLLATE utf8_unicode_ci DEFAULT NULL,
  `description` varchar(2000) COLLATE utf8_unicode_ci DEFAULT NULL,
  PRIMARY KEY (`lang_id`,`risk_group_id`),
  KEY `fk_risk_group_lang_risk_group1_idx` (`risk_group_id`),
  KEY `fk_risk_group_lang_language_master1_idx` (`lang_id`),
  CONSTRAINT `FK_15E35E79187D9A28` FOREIGN KEY (`risk_group_id`) REFERENCES `risk_group` (`id`),
  CONSTRAINT `FK_15E35E79B213FA4` FOREIGN KEY (`lang_id`) REFERENCES `language_master` (`id`)
) ENGINE=InnoDB DEFAULT CHARSET=utf8 COLLATE=utf8_unicode_ci;
/*!40101 SET character_set_client = @saved_cs_client */;

--
-- Dumping data for table `risk_group_lang`
--

LOCK TABLES `risk_group_lang` WRITE;
/*!40000 ALTER TABLE `risk_group_lang` DISABLE KEYS */;
/*!40000 ALTER TABLE `risk_group_lang` ENABLE KEYS */;
UNLOCK TABLES;

--
-- Table structure for table `risk_group_person_history`
--

DROP TABLE IF EXISTS `risk_group_person_history`;
/*!40101 SET @saved_cs_client     = @@character_set_client */;
/*!40101 SET character_set_client = utf8 */;
CREATE TABLE `risk_group_person_history` (
  `person_id` int(11) DEFAULT NULL,
  `risk_group_id` int(11) DEFAULT NULL,
  `assignment_date` datetime DEFAULT NULL,
  `id` int(11) NOT NULL AUTO_INCREMENT,
  PRIMARY KEY (`id`),
  UNIQUE KEY `fk_risk_group_person_history_person1_idx` (`person_id`,`risk_group_id`),
  KEY `fk_risk_group_person_history_risk_group1_idx` (`risk_group_id`),
  CONSTRAINT `FK_72A1565C187D9A28` FOREIGN KEY (`risk_group_id`) REFERENCES `risk_group` (`id`),
  CONSTRAINT `FK_72A1565C217BBB47` FOREIGN KEY (`person_id`) REFERENCES `person` (`id`)
) ENGINE=InnoDB DEFAULT CHARSET=utf8 COLLATE=utf8_unicode_ci;
/*!40101 SET character_set_client = @saved_cs_client */;

--
-- Dumping data for table `risk_group_person_history`
--

LOCK TABLES `risk_group_person_history` WRITE;
/*!40000 ALTER TABLE `risk_group_person_history` DISABLE KEYS */;
/*!40000 ALTER TABLE `risk_group_person_history` ENABLE KEYS */;
UNLOCK TABLES;

--
-- Table structure for table `risk_level`
--

DROP TABLE IF EXISTS `risk_level`;
/*!40101 SET @saved_cs_client     = @@character_set_client */;
/*!40101 SET character_set_client = utf8 */;
CREATE TABLE `risk_level` (
  `id` int(11) NOT NULL AUTO_INCREMENT,
  `created_by` int(11) DEFAULT NULL,
  `modified_by` int(11) DEFAULT NULL,
  `deleted_by` int(11) DEFAULT NULL,
  `created_at` datetime DEFAULT NULL,
  `modified_at` datetime DEFAULT NULL,
  `deleted_at` datetime DEFAULT NULL,
  `risk_text` varchar(10) COLLATE utf8_unicode_ci DEFAULT NULL,
  `image_name` varchar(200) COLLATE utf8_unicode_ci DEFAULT NULL,
  `color_hex` varchar(10) COLLATE utf8_unicode_ci DEFAULT NULL,
  PRIMARY KEY (`id`),
  KEY `IDX_5FE16A7DDE12AB56` (`created_by`),
  KEY `IDX_5FE16A7D25F94802` (`modified_by`),
  KEY `IDX_5FE16A7D1F6FA0AF` (`deleted_by`),
  CONSTRAINT `FK_5FE16A7D1F6FA0AF` FOREIGN KEY (`deleted_by`) REFERENCES `person` (`id`),
  CONSTRAINT `FK_5FE16A7D25F94802` FOREIGN KEY (`modified_by`) REFERENCES `person` (`id`),
  CONSTRAINT `FK_5FE16A7DDE12AB56` FOREIGN KEY (`created_by`) REFERENCES `person` (`id`)
) ENGINE=InnoDB AUTO_INCREMENT=3 DEFAULT CHARSET=utf8 COLLATE=utf8_unicode_ci;
/*!40101 SET character_set_client = @saved_cs_client */;

--
-- Dumping data for table `risk_level`
--

LOCK TABLES `risk_level` WRITE;
/*!40000 ALTER TABLE `risk_level` DISABLE KEYS */;
INSERT INTO `risk_level` VALUES
(2,NULL,NULL,NULL,NULL,NULL,NULL,'gray','risk-level-icon-gray.png','#cccccc');
/*!40000 ALTER TABLE `risk_level` ENABLE KEYS */;
UNLOCK TABLES;

--
-- Table structure for table `risk_model_levels`
--

DROP TABLE IF EXISTS `risk_model_levels`;
/*!40101 SET @saved_cs_client     = @@character_set_client */;
/*!40101 SET character_set_client = utf8 */;
CREATE TABLE `risk_model_levels` (
  `created_by` int(11) DEFAULT NULL,
  `modified_by` int(11) DEFAULT NULL,
  `deleted_by` int(11) DEFAULT NULL,
  `risk_model_id` int(11) NOT NULL,
  `created_at` datetime DEFAULT NULL,
  `modified_at` datetime DEFAULT NULL,
  `deleted_at` datetime DEFAULT NULL,
  `risk_level` int(11) NOT NULL,
  `min` decimal(6,4) DEFAULT NULL,
  `max` decimal(6,4) DEFAULT NULL,
  PRIMARY KEY (`risk_model_id`,`risk_level`),
  KEY `IDX_A07B4CECDE12AB56` (`created_by`),
  KEY `IDX_A07B4CEC25F94802` (`modified_by`),
  KEY `IDX_A07B4CEC1F6FA0AF` (`deleted_by`),
  KEY `IDX_A07B4CEC9F5CF488` (`risk_model_id`),
  KEY `fk_risk_model_levels_risk_level1_idx` (`risk_level`,`risk_model_id`),
  CONSTRAINT `FK_A07B4CEC1F6FA0AF` FOREIGN KEY (`deleted_by`) REFERENCES `person` (`id`),
  CONSTRAINT `FK_A07B4CEC25F94802` FOREIGN KEY (`modified_by`) REFERENCES `person` (`id`),
  CONSTRAINT `FK_A07B4CEC9F5CF488` FOREIGN KEY (`risk_model_id`) REFERENCES `risk_model_master` (`id`),
  CONSTRAINT `FK_A07B4CECDE12AB56` FOREIGN KEY (`created_by`) REFERENCES `person` (`id`),
  CONSTRAINT `FK_A07B4CECEB88056C` FOREIGN KEY (`risk_level`) REFERENCES `risk_level` (`id`)
) ENGINE=InnoDB DEFAULT CHARSET=utf8 COLLATE=utf8_unicode_ci;
/*!40101 SET character_set_client = @saved_cs_client */;

--
-- Dumping data for table `risk_model_levels`
--

LOCK TABLES `risk_model_levels` WRITE;
/*!40000 ALTER TABLE `risk_model_levels` DISABLE KEYS */;
/*!40000 ALTER TABLE `risk_model_levels` ENABLE KEYS */;
UNLOCK TABLES;

--
-- Table structure for table `risk_model_master`
--

DROP TABLE IF EXISTS `risk_model_master`;
/*!40101 SET @saved_cs_client     = @@character_set_client */;
/*!40101 SET character_set_client = utf8 */;
CREATE TABLE `risk_model_master` (
  `id` int(11) NOT NULL AUTO_INCREMENT,
  `created_by` int(11) DEFAULT NULL,
  `modified_by` int(11) DEFAULT NULL,
  `deleted_by` int(11) DEFAULT NULL,
  `created_at` datetime DEFAULT NULL,
  `modified_at` datetime DEFAULT NULL,
  `deleted_at` datetime DEFAULT NULL,
  `model_state` enum('Archived','Assigned','Unassigned','InProcess') COLLATE utf8_unicode_ci DEFAULT NULL,
  `name` varchar(100) COLLATE utf8_unicode_ci DEFAULT NULL,
  `calculation_start_date` datetime DEFAULT NULL,
  `calculation_end_date` datetime DEFAULT NULL,
  `enrollment_date` datetime DEFAULT NULL,
  PRIMARY KEY (`id`),
  KEY `IDX_12588B23DE12AB56` (`created_by`),
  KEY `IDX_12588B2325F94802` (`modified_by`),
  KEY `IDX_12588B231F6FA0AF` (`deleted_by`),
  CONSTRAINT `FK_12588B231F6FA0AF` FOREIGN KEY (`deleted_by`) REFERENCES `person` (`id`),
  CONSTRAINT `FK_12588B2325F94802` FOREIGN KEY (`modified_by`) REFERENCES `person` (`id`),
  CONSTRAINT `FK_12588B23DE12AB56` FOREIGN KEY (`created_by`) REFERENCES `person` (`id`)
) ENGINE=InnoDB DEFAULT CHARSET=utf8 COLLATE=utf8_unicode_ci;
/*!40101 SET character_set_client = @saved_cs_client */;

--
-- Dumping data for table `risk_model_master`
--

LOCK TABLES `risk_model_master` WRITE;
/*!40000 ALTER TABLE `risk_model_master` DISABLE KEYS */;
/*!40000 ALTER TABLE `risk_model_master` ENABLE KEYS */;
UNLOCK TABLES;

--
-- Table structure for table `risk_model_weights`
--

DROP TABLE IF EXISTS `risk_model_weights`;
/*!40101 SET @saved_cs_client     = @@character_set_client */;
/*!40101 SET character_set_client = utf8 */;
CREATE TABLE `risk_model_weights` (
  `risk_model_id` int(11) NOT NULL,
  `risk_variable_id` int(11) NOT NULL,
  `weight` decimal(8,4) DEFAULT NULL,
  PRIMARY KEY (`risk_model_id`,`risk_variable_id`),
  KEY `fk_risk_model_bucket_risk_variable1_idx` (`risk_variable_id`),
  CONSTRAINT `FK_D73A24E3296E76DF` FOREIGN KEY (`risk_variable_id`) REFERENCES `risk_variable` (`id`),
  CONSTRAINT `FK_D73A24E39F5CF488` FOREIGN KEY (`risk_model_id`) REFERENCES `risk_model_master` (`id`)
) ENGINE=InnoDB DEFAULT CHARSET=utf8 COLLATE=utf8_unicode_ci;
/*!40101 SET character_set_client = @saved_cs_client */;

--
-- Dumping data for table `risk_model_weights`
--

LOCK TABLES `risk_model_weights` WRITE;
/*!40000 ALTER TABLE `risk_model_weights` DISABLE KEYS */;
/*!40000 ALTER TABLE `risk_model_weights` ENABLE KEYS */;
UNLOCK TABLES;

--
-- Table structure for table `risk_variable`
--

DROP TABLE IF EXISTS `risk_variable`;
/*!40101 SET @saved_cs_client     = @@character_set_client */;
/*!40101 SET character_set_client = utf8 */;
CREATE TABLE `risk_variable` (
  `id` int(11) NOT NULL AUTO_INCREMENT,
  `created_by` int(11) DEFAULT NULL,
  `modified_by` int(11) DEFAULT NULL,
  `deleted_by` int(11) DEFAULT NULL,
  `ebi_metadata_id` int(11) DEFAULT NULL,
  `org_metadata_id` int(11) DEFAULT NULL,
  `ebi_question_id` int(11) DEFAULT NULL,
  `survey_id` int(11) DEFAULT NULL,
  `org_id` int(11) DEFAULT NULL,
  `org_question_id` int(11) DEFAULT NULL,
  `survey_questions_id` int(11) DEFAULT NULL,
  `factor_id` int(11) DEFAULT NULL,
  `created_at` datetime DEFAULT NULL,
  `modified_at` datetime DEFAULT NULL,
  `deleted_at` datetime DEFAULT NULL,
  `risk_b_variable` varchar(100) COLLATE utf8_unicode_ci DEFAULT NULL,
  `variable_type` enum('continuous','categorical') COLLATE utf8_unicode_ci DEFAULT NULL,
  `is_calculated` tinyint(1) DEFAULT NULL,
  `calc_type` enum('Most Recent','Sum','Average','Count','Academic Update') COLLATE utf8_unicode_ci DEFAULT NULL,
  `calculation_start_date` datetime DEFAULT NULL,
  `calculation_end_date` datetime DEFAULT NULL,
  `is_archived` tinyint(1) DEFAULT NULL,
  `source` enum('profile','surveyquestion','surveyfactor','isp','isq','questionbank') COLLATE utf8_unicode_ci DEFAULT NULL,
  PRIMARY KEY (`id`),
  KEY `IDX_2A64C4E2DE12AB56` (`created_by`),
  KEY `IDX_2A64C4E225F94802` (`modified_by`),
  KEY `IDX_2A64C4E21F6FA0AF` (`deleted_by`),
  KEY `fk_risk_variable_ebi_metadata1_idx` (`ebi_metadata_id`),
  KEY `fk_risk_variable_org_metadata1_idx` (`org_metadata_id`),
  KEY `fk_risk_variable_ebi_question1_idx` (`ebi_question_id`),
  KEY `fk_risk_variable_survey1_idx` (`survey_id`),
  KEY `fk_risk_variable_organization1_idx` (`org_id`),
  KEY `fk_risk_variable_org_question1_idx` (`org_question_id`),
  KEY `fk_risk_variable_survey_questions1_idx` (`survey_questions_id`),
  KEY `fk_risk_variable_factor1_idx` (`factor_id`),
  KEY `RV_agg` (`calc_type`,`calculation_start_date`,`calculation_end_date`),
  CONSTRAINT `FK_2A64C4E21F6FA0AF` FOREIGN KEY (`deleted_by`) REFERENCES `person` (`id`),
  CONSTRAINT `FK_2A64C4E225F94802` FOREIGN KEY (`modified_by`) REFERENCES `person` (`id`),
  CONSTRAINT `FK_2A64C4E24012B3BF` FOREIGN KEY (`org_metadata_id`) REFERENCES `org_metadata` (`id`),
  CONSTRAINT `FK_2A64C4E279F0E193` FOREIGN KEY (`ebi_question_id`) REFERENCES `ebi_question` (`id`),
  CONSTRAINT `FK_2A64C4E282ABAC59` FOREIGN KEY (`org_question_id`) REFERENCES `org_question` (`id`),
  CONSTRAINT `FK_2A64C4E2B3FE509D` FOREIGN KEY (`survey_id`) REFERENCES `survey` (`id`),
  CONSTRAINT `FK_2A64C4E2BB49FE75` FOREIGN KEY (`ebi_metadata_id`) REFERENCES `ebi_metadata` (`id`),
  CONSTRAINT `FK_2A64C4E2BC88C1A3` FOREIGN KEY (`factor_id`) REFERENCES `factor` (`id`),
  CONSTRAINT `FK_2A64C4E2CC63389E` FOREIGN KEY (`survey_questions_id`) REFERENCES `survey_questions` (`id`),
  CONSTRAINT `FK_2A64C4E2DE12AB56` FOREIGN KEY (`created_by`) REFERENCES `person` (`id`),
  CONSTRAINT `FK_2A64C4E2F4837C1B` FOREIGN KEY (`org_id`) REFERENCES `organization` (`id`)
) ENGINE=InnoDB DEFAULT CHARSET=utf8 COLLATE=utf8_unicode_ci;
/*!40101 SET character_set_client = @saved_cs_client */;

--
-- Dumping data for table `risk_variable`
--

LOCK TABLES `risk_variable` WRITE;
/*!40000 ALTER TABLE `risk_variable` DISABLE KEYS */;
/*!40000 ALTER TABLE `risk_variable` ENABLE KEYS */;
UNLOCK TABLES;

--
-- Table structure for table `risk_variable_category`
--

DROP TABLE IF EXISTS `risk_variable_category`;
/*!40101 SET @saved_cs_client     = @@character_set_client */;
/*!40101 SET character_set_client = utf8 */;
CREATE TABLE `risk_variable_category` (
  `id` int(11) NOT NULL AUTO_INCREMENT,
  `created_by` int(11) DEFAULT NULL,
  `modified_by` int(11) DEFAULT NULL,
  `deleted_by` int(11) DEFAULT NULL,
  `risk_variable_id` int(11) DEFAULT NULL,
  `created_at` datetime DEFAULT NULL,
  `modified_at` datetime DEFAULT NULL,
  `deleted_at` datetime DEFAULT NULL,
  `bucket_value` int(11) DEFAULT NULL,
  `option_value` varchar(200) COLLATE utf8_unicode_ci DEFAULT NULL,
  PRIMARY KEY (`id`),
  KEY `IDX_1B6EF2A7DE12AB56` (`created_by`),
  KEY `IDX_1B6EF2A725F94802` (`modified_by`),
  KEY `IDX_1B6EF2A71F6FA0AF` (`deleted_by`),
  KEY `fk_risk_model_bucket_category_risk_variable1_idx` (`risk_variable_id`,`option_value`(4),`bucket_value`),
  CONSTRAINT `FK_1B6EF2A71F6FA0AF` FOREIGN KEY (`deleted_by`) REFERENCES `person` (`id`),
  CONSTRAINT `FK_1B6EF2A725F94802` FOREIGN KEY (`modified_by`) REFERENCES `person` (`id`),
  CONSTRAINT `FK_1B6EF2A7296E76DF` FOREIGN KEY (`risk_variable_id`) REFERENCES `risk_variable` (`id`),
  CONSTRAINT `FK_1B6EF2A7DE12AB56` FOREIGN KEY (`created_by`) REFERENCES `person` (`id`)
) ENGINE=InnoDB DEFAULT CHARSET=utf8 COLLATE=utf8_unicode_ci;
/*!40101 SET character_set_client = @saved_cs_client */;

--
-- Dumping data for table `risk_variable_category`
--

LOCK TABLES `risk_variable_category` WRITE;
/*!40000 ALTER TABLE `risk_variable_category` DISABLE KEYS */;
/*!40000 ALTER TABLE `risk_variable_category` ENABLE KEYS */;
UNLOCK TABLES;

--
-- Table structure for table `risk_variable_range`
--

DROP TABLE IF EXISTS `risk_variable_range`;
/*!40101 SET @saved_cs_client     = @@character_set_client */;
/*!40101 SET character_set_client = utf8 */;
CREATE TABLE `risk_variable_range` (
  `bucket_value` int(11) NOT NULL,
  `risk_variable_id` int(11) NOT NULL,
  `min` decimal(16,4) DEFAULT NULL,
  `max` decimal(16,4) DEFAULT NULL,
  PRIMARY KEY (`bucket_value`,`risk_variable_id`),
  KEY `fk_risk_model_bucket_range_risk_variable1_idx` (`risk_variable_id`,`min`,`max`),
  CONSTRAINT `FK_DF38E125296E76DF` FOREIGN KEY (`risk_variable_id`) REFERENCES `risk_variable` (`id`)
) ENGINE=InnoDB DEFAULT CHARSET=utf8 COLLATE=utf8_unicode_ci;
/*!40101 SET character_set_client = @saved_cs_client */;

--
-- Dumping data for table `risk_variable_range`
--

LOCK TABLES `risk_variable_range` WRITE;
/*!40000 ALTER TABLE `risk_variable_range` DISABLE KEYS */;
/*!40000 ALTER TABLE `risk_variable_range` ENABLE KEYS */;
UNLOCK TABLES;

--
-- Table structure for table `riskfactorcalc`
--

DROP TABLE IF EXISTS `riskfactorcalc`;
/*!40101 SET @saved_cs_client     = @@character_set_client */;
/*!40101 SET character_set_client = utf8 */;
CREATE TABLE `riskfactorcalc` (
  `person_id` bigint(20) DEFAULT NULL,
  `risk_model_id` bigint(20) DEFAULT NULL,
  `Numerator` decimal(40,4) DEFAULT NULL,
  `Denominator` decimal(30,4) DEFAULT NULL,
  `Risk_Score` decimal(48,8) DEFAULT NULL,
  `risk_level` int(11) DEFAULT NULL,
  `risk_text` varchar(10) CHARACTER SET utf8 COLLATE utf8_unicode_ci DEFAULT NULL,
  `image_name` varchar(200) CHARACTER SET utf8 COLLATE utf8_unicode_ci DEFAULT NULL,
  `color_hex` varchar(10) CHARACTER SET utf8 COLLATE utf8_unicode_ci DEFAULT NULL
) ENGINE=InnoDB DEFAULT CHARSET=utf8;
/*!40101 SET character_set_client = @saved_cs_client */;

--
-- Dumping data for table `riskfactorcalc`
--

LOCK TABLES `riskfactorcalc` WRITE;
/*!40000 ALTER TABLE `riskfactorcalc` DISABLE KEYS */;
/*!40000 ALTER TABLE `riskfactorcalc` ENABLE KEYS */;
UNLOCK TABLES;

--
-- Table structure for table `role`
--

DROP TABLE IF EXISTS `role`;
/*!40101 SET @saved_cs_client     = @@character_set_client */;
/*!40101 SET character_set_client = utf8 */;
CREATE TABLE `role` (
  `id` int(11) NOT NULL AUTO_INCREMENT,
  `created_by` int(11) DEFAULT NULL,
  `created_at` datetime DEFAULT NULL,
  `modified_by` int(11) DEFAULT NULL,
  `modified_at` datetime DEFAULT NULL,
  `deleted_by` int(11) DEFAULT NULL,
  `deleted_at` datetime DEFAULT NULL,
  `status` varchar(1) COLLATE utf8_unicode_ci DEFAULT NULL,
  PRIMARY KEY (`id`)
) ENGINE=InnoDB AUTO_INCREMENT=6 DEFAULT CHARSET=utf8 COLLATE=utf8_unicode_ci;
/*!40101 SET character_set_client = @saved_cs_client */;

--
-- Dumping data for table `role`
--

LOCK TABLES `role` WRITE;
/*!40000 ALTER TABLE `role` DISABLE KEYS */;
INSERT INTO `role` VALUES
(1,NULL,NULL,NULL,NULL,NULL,NULL,'A'),
(2,NULL,NULL,NULL,NULL,NULL,NULL,'A'),
(3,NULL,NULL,NULL,NULL,NULL,NULL,'A'),
(4,NULL,NULL,NULL,NULL,NULL,NULL,'A'),
(5,NULL,NULL,NULL,NULL,NULL,NULL,'A');
/*!40000 ALTER TABLE `role` ENABLE KEYS */;
UNLOCK TABLES;

--
-- Table structure for table `role_lang`
--

DROP TABLE IF EXISTS `role_lang`;
/*!40101 SET @saved_cs_client     = @@character_set_client */;
/*!40101 SET character_set_client = utf8 */;
CREATE TABLE `role_lang` (
  `id` int(11) NOT NULL AUTO_INCREMENT,
  `role_id` int(11) DEFAULT NULL,
  `lang_id` int(11) DEFAULT NULL,
  `created_by` int(11) DEFAULT NULL,
  `created_at` datetime DEFAULT NULL,
  `modified_by` int(11) DEFAULT NULL,
  `modified_at` datetime DEFAULT NULL,
  `deleted_by` int(11) DEFAULT NULL,
  `deleted_at` datetime DEFAULT NULL,
  `role_name` varchar(45) COLLATE utf8_unicode_ci DEFAULT NULL,
  PRIMARY KEY (`id`),
  KEY `IDX_8FB6F6F6D60322AC` (`role_id`),
  KEY `IDX_8FB6F6F6B213FA4` (`lang_id`),
  CONSTRAINT `FK_8FB6F6F6B213FA4` FOREIGN KEY (`lang_id`) REFERENCES `language_master` (`id`),
  CONSTRAINT `FK_8FB6F6F6D60322AC` FOREIGN KEY (`role_id`) REFERENCES `role` (`id`)
) ENGINE=InnoDB AUTO_INCREMENT=6 DEFAULT CHARSET=utf8 COLLATE=utf8_unicode_ci;
/*!40101 SET character_set_client = @saved_cs_client */;

--
-- Dumping data for table `role_lang`
--

LOCK TABLES `role_lang` WRITE;
/*!40000 ALTER TABLE `role_lang` DISABLE KEYS */;
INSERT INTO `role_lang` VALUES
(1,1,1,NULL,NULL,NULL,NULL,NULL,NULL,'Primary coordinator'),
(2,2,1,NULL,NULL,NULL,NULL,NULL,NULL,'Technical coordinator'),
(3,3,1,NULL,NULL,NULL,NULL,NULL,NULL,'Non Technical coordinator'),
(4,4,1,NULL,NULL,NULL,NULL,NULL,NULL,'Mapworks Admin'),
(5,5,1,NULL,NULL,NULL,NULL,NULL,NULL,'Skyfactor Admin');
/*!40000 ALTER TABLE `role_lang` ENABLE KEYS */;
UNLOCK TABLES;

--
-- Table structure for table `saml_sso_state`
--

DROP TABLE IF EXISTS `saml_sso_state`;
/*!40101 SET @saved_cs_client     = @@character_set_client */;
/*!40101 SET character_set_client = utf8 */;
CREATE TABLE `saml_sso_state` (
  `id` int(11) NOT NULL AUTO_INCREMENT,
  PRIMARY KEY (`id`)
) ENGINE=InnoDB DEFAULT CHARSET=utf8 COLLATE=utf8_unicode_ci;
/*!40101 SET character_set_client = @saved_cs_client */;

--
-- Dumping data for table `saml_sso_state`
--

LOCK TABLES `saml_sso_state` WRITE;
/*!40000 ALTER TABLE `saml_sso_state` DISABLE KEYS */;
/*!40000 ALTER TABLE `saml_sso_state` ENABLE KEYS */;
UNLOCK TABLES;

--
-- Table structure for table `student_db_view_log`
--

DROP TABLE IF EXISTS `student_db_view_log`;
/*!40101 SET @saved_cs_client     = @@character_set_client */;
/*!40101 SET character_set_client = utf8 */;
CREATE TABLE `student_db_view_log` (
  `id` int(11) NOT NULL AUTO_INCREMENT,
  `organization_id` int(11) DEFAULT NULL,
  `person_id_faculty` int(11) DEFAULT NULL,
  `person_id_student` int(11) DEFAULT NULL,
  `created_by` int(11) DEFAULT NULL,
  `created_at` datetime DEFAULT NULL,
  `modified_by` int(11) DEFAULT NULL,
  `modified_at` datetime DEFAULT NULL,
  `deleted_by` int(11) DEFAULT NULL,
  `deleted_at` datetime DEFAULT NULL,
  `last_viewed_on` datetime DEFAULT NULL,
  PRIMARY KEY (`id`),
  KEY `IDX_A0599E8B32C8A3DE` (`organization_id`),
  KEY `IDX_A0599E8BFFB0AA26` (`person_id_faculty`),
  KEY `IDX_A0599E8B5F056556` (`person_id_student`),
  CONSTRAINT `FK_A0599E8B32C8A3DE` FOREIGN KEY (`organization_id`) REFERENCES `organization` (`id`),
  CONSTRAINT `FK_A0599E8B5F056556` FOREIGN KEY (`person_id_student`) REFERENCES `person` (`id`),
  CONSTRAINT `FK_A0599E8BFFB0AA26` FOREIGN KEY (`person_id_faculty`) REFERENCES `person` (`id`)
) ENGINE=InnoDB AUTO_INCREMENT=616 DEFAULT CHARSET=utf8 COLLATE=utf8_unicode_ci;
/*!40101 SET character_set_client = @saved_cs_client */;

--
-- Dumping data for table `student_db_view_log`
--

LOCK TABLES `student_db_view_log` WRITE;
/*!40000 ALTER TABLE `student_db_view_log` DISABLE KEYS */;
INSERT INTO `student_db_view_log` VALUES
(586,542,99438,99426,NULL,'2015-05-19 14:58:05',NULL,'2015-05-19 17:29:29',NULL,NULL,'2015-05-19 12:29:29'),
(587,542,99436,99426,NULL,'2015-05-19 14:58:51',NULL,'2015-05-19 14:58:51',NULL,NULL,'2015-05-19 09:58:51'),
(588,542,99436,99422,NULL,'2015-05-19 14:59:58',NULL,'2015-05-20 18:40:45',NULL,NULL,'2015-05-20 13:40:45'),
(589,542,99435,99417,NULL,'2015-05-19 21:33:55',NULL,'2015-05-20 14:05:22',NULL,NULL,'2015-05-20 09:05:22'),
(590,542,99435,99414,NULL,'2015-05-19 21:44:20',NULL,'2015-05-19 21:46:41',NULL,NULL,'2015-05-19 16:46:41'),
(591,542,99435,99422,NULL,'2015-05-19 21:44:48',NULL,'2015-05-19 21:45:29',NULL,NULL,'2015-05-19 16:45:29'),
(592,542,99435,99415,NULL,'2015-05-19 21:47:52',NULL,'2015-05-19 21:47:52',NULL,NULL,'2015-05-19 16:47:52'),
(594,542,99445,99422,NULL,'2015-05-20 14:22:27',NULL,'2015-05-20 17:47:13',NULL,NULL,'2015-05-20 12:47:13'),
(595,542,99444,99422,NULL,'2015-05-20 14:47:45',NULL,'2015-05-20 15:30:38',NULL,NULL,'2015-05-20 10:30:38'),
(596,542,99438,99414,NULL,'2015-05-20 14:54:01',NULL,'2015-05-20 15:42:17',NULL,NULL,'2015-05-20 10:42:17'),
(597,542,99440,99423,NULL,'2015-05-20 15:51:17',NULL,'2015-05-20 16:16:32',NULL,NULL,'2015-05-20 11:16:32'),
(603,542,99704,99422,NULL,'2015-05-27 17:34:53',NULL,'2015-07-22 13:27:42',NULL,NULL,'2015-07-22 08:27:42'),
(604,542,99704,99414,NULL,'2015-05-27 19:14:07',NULL,'2015-05-27 19:14:07',NULL,NULL,'2015-05-27 14:14:07'),
(605,542,99440,99410,NULL,'2015-06-17 20:02:42',NULL,'2015-06-23 16:43:16',NULL,NULL,'2015-06-23 16:43:16'),
(606,542,99440,99411,NULL,'2015-06-23 16:43:44',NULL,'2015-06-23 16:43:44',NULL,NULL,'2015-06-23 16:43:44'),
(607,542,99440,99422,NULL,'2015-07-01 13:24:02',NULL,'2015-07-01 13:24:02',NULL,NULL,'2015-07-01 13:24:02'),
(608,542,99441,99422,NULL,'2015-07-01 13:24:50',NULL,'2015-07-09 20:11:31',NULL,NULL,'2015-07-09 15:11:31'),
(609,542,99704,99429,NULL,'2015-07-01 17:00:07',NULL,'2015-07-01 17:43:47',NULL,NULL,'2015-07-01 17:43:47'),
(610,542,99704,99432,NULL,'2015-07-01 17:00:46',NULL,'2015-07-01 17:00:46',NULL,NULL,'2015-07-01 17:00:46'),
(611,542,99441,99429,NULL,'2015-07-01 17:52:27',NULL,'2015-07-01 18:13:23',NULL,NULL,'2015-07-01 18:13:23'),
(612,542,99443,99413,NULL,'2015-07-10 13:18:31',NULL,'2015-07-10 13:18:31',NULL,NULL,'2015-07-10 08:18:31'),
(613,542,99446,99422,NULL,'2015-07-17 15:15:42',NULL,'2015-07-17 15:23:12',NULL,NULL,'2015-07-17 10:23:12'),
(614,542,99446,99432,NULL,'2015-07-17 18:24:17',NULL,'2015-07-17 18:24:17',NULL,NULL,'2015-07-17 13:24:17'),
(615,542,99437,99422,NULL,'2015-07-20 21:21:16',NULL,'2015-07-20 21:21:16',NULL,NULL,'2015-07-20 16:21:16');
/*!40000 ALTER TABLE `student_db_view_log` ENABLE KEYS */;
UNLOCK TABLES;

--
-- Table structure for table `success_marker_calculated`
--

DROP TABLE IF EXISTS `success_marker_calculated`;
/*!40101 SET @saved_cs_client     = @@character_set_client */;
/*!40101 SET character_set_client = utf8 */;
CREATE TABLE `success_marker_calculated` (
  `id` int(11) NOT NULL AUTO_INCREMENT,
  `created_by` int(11) DEFAULT NULL,
  `modified_by` int(11) DEFAULT NULL,
  `deleted_by` int(11) DEFAULT NULL,
  `organization_id` int(11) DEFAULT NULL,
  `person_id` int(11) DEFAULT NULL,
  `surveymarker_questions_id` int(11) DEFAULT NULL,
  `created_at` datetime DEFAULT NULL,
  `modified_at` datetime DEFAULT NULL,
  `deleted_at` datetime DEFAULT NULL,
  `color` varchar(15) COLLATE utf8_unicode_ci DEFAULT NULL,
  PRIMARY KEY (`id`),
  UNIQUE KEY `org_person_marker_uniq_idx` (`organization_id`,`person_id`,`surveymarker_questions_id`,`modified_at`),
  KEY `IDX_9FD161E5DE12AB56` (`created_by`),
  KEY `IDX_9FD161E525F94802` (`modified_by`),
  KEY `IDX_9FD161E51F6FA0AF` (`deleted_by`),
  KEY `fk_success_marker_calculated_person1_idx` (`person_id`),
  KEY `fk_success_marker_calculated_organization1_idx` (`organization_id`),
  KEY `fk_success_marker_calculated_surveymarker_questions1_idx` (`surveymarker_questions_id`),
  KEY `org_person_modified` (`modified_at`,`organization_id`,`person_id`),
  CONSTRAINT `FK_9FD161E51F6FA0AF` FOREIGN KEY (`deleted_by`) REFERENCES `person` (`id`),
  CONSTRAINT `FK_9FD161E5217BBB47` FOREIGN KEY (`person_id`) REFERENCES `person` (`id`),
  CONSTRAINT `FK_9FD161E525F94802` FOREIGN KEY (`modified_by`) REFERENCES `person` (`id`),
  CONSTRAINT `FK_9FD161E532C8A3DE` FOREIGN KEY (`organization_id`) REFERENCES `organization` (`id`),
  CONSTRAINT `FK_9FD161E57F16624C` FOREIGN KEY (`surveymarker_questions_id`) REFERENCES `surveymarker_questions` (`id`),
  CONSTRAINT `FK_9FD161E5DE12AB56` FOREIGN KEY (`created_by`) REFERENCES `person` (`id`)
) ENGINE=InnoDB DEFAULT CHARSET=utf8 COLLATE=utf8_unicode_ci;
/*!40101 SET character_set_client = @saved_cs_client */;

--
-- Dumping data for table `success_marker_calculated`
--

LOCK TABLES `success_marker_calculated` WRITE;
/*!40000 ALTER TABLE `success_marker_calculated` DISABLE KEYS */;
/*!40000 ALTER TABLE `success_marker_calculated` ENABLE KEYS */;
UNLOCK TABLES;

--
-- Table structure for table `survey`
--

DROP TABLE IF EXISTS `survey`;
/*!40101 SET @saved_cs_client     = @@character_set_client */;
/*!40101 SET character_set_client = utf8 */;
CREATE TABLE `survey` (
  `id` int(11) NOT NULL AUTO_INCREMENT,
  `external_id` varchar(45) COLLATE utf8_unicode_ci DEFAULT NULL,
  PRIMARY KEY (`id`)
) ENGINE=InnoDB AUTO_INCREMENT=11 DEFAULT CHARSET=utf8 COLLATE=utf8_unicode_ci;
/*!40101 SET character_set_client = @saved_cs_client */;

--
-- Dumping data for table `survey`
--

LOCK TABLES `survey` WRITE;
/*!40000 ALTER TABLE `survey` DISABLE KEYS */;
INSERT INTO `survey` VALUES
(1,NULL),
(2,NULL),
(3,NULL),
(4,NULL),
(5,NULL),
(6,NULL),
(7,NULL),
(8,NULL),
(9,NULL),
(10,NULL);
/*!40000 ALTER TABLE `survey` ENABLE KEYS */;
UNLOCK TABLES;

--
-- Table structure for table `survey_branch`
--

DROP TABLE IF EXISTS `survey_branch`;
/*!40101 SET @saved_cs_client     = @@character_set_client */;
/*!40101 SET character_set_client = utf8 */;
CREATE TABLE `survey_branch` (
  `id` int(11) NOT NULL AUTO_INCREMENT,
  `created_by` int(11) DEFAULT NULL,
  `modified_by` int(11) DEFAULT NULL,
  `deleted_by` int(11) DEFAULT NULL,
  `created_at` datetime DEFAULT NULL,
  `modified_at` datetime DEFAULT NULL,
  `deleted_at` datetime DEFAULT NULL,
  `survey_id` int(11) DEFAULT NULL,
  `survey_question_id` int(11) DEFAULT NULL,
  `ebi_question_options_id` int(11) DEFAULT NULL,
  `survey_pages_id` int(11) DEFAULT NULL,
  `branch_to_survey_pages_id` int(11) DEFAULT NULL,
  PRIMARY KEY (`id`),
  KEY `created_by` (`created_by`),
  KEY `modified_by` (`modified_by`),
  KEY `deleted_by` (`deleted_by`),
  KEY `survey_id` (`survey_id`),
  KEY `survey_question_id` (`survey_question_id`),
  KEY `ebi_question_options_id` (`ebi_question_options_id`),
  KEY `survey_pages_id` (`survey_pages_id`),
  KEY `branch_to_survey_pages_id` (`branch_to_survey_pages_id`),
  CONSTRAINT `survey_branch_ibfk_1` FOREIGN KEY (`created_by`) REFERENCES `person` (`id`),
  CONSTRAINT `survey_branch_ibfk_2` FOREIGN KEY (`modified_by`) REFERENCES `person` (`id`),
  CONSTRAINT `survey_branch_ibfk_3` FOREIGN KEY (`deleted_by`) REFERENCES `person` (`id`),
  CONSTRAINT `survey_branch_ibfk_4` FOREIGN KEY (`survey_id`) REFERENCES `survey` (`id`),
  CONSTRAINT `survey_branch_ibfk_5` FOREIGN KEY (`survey_question_id`) REFERENCES `survey_questions` (`id`),
  CONSTRAINT `survey_branch_ibfk_6` FOREIGN KEY (`ebi_question_options_id`) REFERENCES `ebi_question_options` (`id`),
  CONSTRAINT `survey_branch_ibfk_7` FOREIGN KEY (`survey_pages_id`) REFERENCES `survey_pages` (`id`),
  CONSTRAINT `survey_branch_ibfk_8` FOREIGN KEY (`branch_to_survey_pages_id`) REFERENCES `survey_pages` (`id`)
) ENGINE=InnoDB DEFAULT CHARSET=latin1;
/*!40101 SET character_set_client = @saved_cs_client */;

--
-- Dumping data for table `survey_branch`
--

LOCK TABLES `survey_branch` WRITE;
/*!40000 ALTER TABLE `survey_branch` DISABLE KEYS */;
/*!40000 ALTER TABLE `survey_branch` ENABLE KEYS */;
UNLOCK TABLES;

--
-- Table structure for table `survey_branch_lang`
--

DROP TABLE IF EXISTS `survey_branch_lang`;
/*!40101 SET @saved_cs_client     = @@character_set_client */;
/*!40101 SET character_set_client = utf8 */;
CREATE TABLE `survey_branch_lang` (
  `id` int(11) NOT NULL AUTO_INCREMENT,
  `survey_branch_id` int(11) DEFAULT NULL,
  `lang_id` int(11) DEFAULT NULL,
  `created_by` int(11) DEFAULT NULL,
  `modified_by` int(11) DEFAULT NULL,
  `deleted_by` int(11) DEFAULT NULL,
  `created_at` datetime DEFAULT NULL,
  `modified_at` datetime DEFAULT NULL,
  `deleted_at` datetime DEFAULT NULL,
  `branch_description` varchar(200) DEFAULT NULL,
  PRIMARY KEY (`id`),
  KEY `created_by` (`created_by`),
  KEY `modified_by` (`modified_by`),
  KEY `deleted_by` (`deleted_by`),
  KEY `survey_branch_id` (`survey_branch_id`),
  KEY `lang_id` (`lang_id`),
  CONSTRAINT `survey_branch_lang_ibfk_1` FOREIGN KEY (`created_by`) REFERENCES `person` (`id`),
  CONSTRAINT `survey_branch_lang_ibfk_2` FOREIGN KEY (`modified_by`) REFERENCES `person` (`id`),
  CONSTRAINT `survey_branch_lang_ibfk_3` FOREIGN KEY (`deleted_by`) REFERENCES `person` (`id`),
  CONSTRAINT `survey_branch_lang_ibfk_4` FOREIGN KEY (`survey_branch_id`) REFERENCES `survey_branch` (`id`),
  CONSTRAINT `survey_branch_lang_ibfk_5` FOREIGN KEY (`lang_id`) REFERENCES `language_master` (`id`)
) ENGINE=InnoDB DEFAULT CHARSET=latin1;
/*!40101 SET character_set_client = @saved_cs_client */;

--
-- Dumping data for table `survey_branch_lang`
--

LOCK TABLES `survey_branch_lang` WRITE;
/*!40000 ALTER TABLE `survey_branch_lang` DISABLE KEYS */;
/*!40000 ALTER TABLE `survey_branch_lang` ENABLE KEYS */;
UNLOCK TABLES;

--
-- Table structure for table `survey_lang`
--

DROP TABLE IF EXISTS `survey_lang`;
/*!40101 SET @saved_cs_client     = @@character_set_client */;
/*!40101 SET character_set_client = utf8 */;
CREATE TABLE `survey_lang` (
  `survey_id` int(11) NOT NULL,
  `lang_id` int(11) NOT NULL,
  `created_by` int(11) DEFAULT NULL,
  `modified_by` int(11) DEFAULT NULL,
  `deleted_by` int(11) DEFAULT NULL,
  `created_at` datetime DEFAULT NULL,
  `modified_at` datetime DEFAULT NULL,
  `deleted_at` datetime DEFAULT NULL,
  `name` varchar(200) COLLATE utf8_unicode_ci DEFAULT NULL,
  PRIMARY KEY (`survey_id`,`lang_id`),
  KEY `IDX_F7E084A9DE12AB56` (`created_by`),
  KEY `IDX_F7E084A925F94802` (`modified_by`),
  KEY `IDX_F7E084A91F6FA0AF` (`deleted_by`),
  KEY `fk_survey_lang_survey1_idx` (`survey_id`),
  KEY `fk_survey_lang_language_master1_idx` (`lang_id`),
  CONSTRAINT `FK_F7E084A91F6FA0AF` FOREIGN KEY (`deleted_by`) REFERENCES `person` (`id`),
  CONSTRAINT `FK_F7E084A925F94802` FOREIGN KEY (`modified_by`) REFERENCES `person` (`id`),
  CONSTRAINT `FK_F7E084A9B213FA4` FOREIGN KEY (`lang_id`) REFERENCES `language_master` (`id`),
  CONSTRAINT `FK_F7E084A9B3FE509D` FOREIGN KEY (`survey_id`) REFERENCES `survey` (`id`),
  CONSTRAINT `FK_F7E084A9DE12AB56` FOREIGN KEY (`created_by`) REFERENCES `person` (`id`)
) ENGINE=InnoDB DEFAULT CHARSET=utf8 COLLATE=utf8_unicode_ci;
/*!40101 SET character_set_client = @saved_cs_client */;

--
-- Dumping data for table `survey_lang`
--

LOCK TABLES `survey_lang` WRITE;
/*!40000 ALTER TABLE `survey_lang` DISABLE KEYS */;
/*!40000 ALTER TABLE `survey_lang` ENABLE KEYS */;
UNLOCK TABLES;

--
-- Table structure for table `survey_pages`
--

DROP TABLE IF EXISTS `survey_pages`;
/*!40101 SET @saved_cs_client     = @@character_set_client */;
/*!40101 SET character_set_client = utf8 */;
CREATE TABLE `survey_pages` (
  `id` int(11) NOT NULL AUTO_INCREMENT,
  `created_by` int(11) DEFAULT NULL,
  `modified_by` int(11) DEFAULT NULL,
  `deleted_by` int(11) DEFAULT NULL,
  `survey_id` int(11) DEFAULT NULL,
  `created_at` datetime DEFAULT NULL,
  `modified_at` datetime DEFAULT NULL,
  `deleted_at` datetime DEFAULT NULL,
  `sequence` int(11) DEFAULT NULL,
  `set_completed` tinyint(1) DEFAULT NULL,
  `must_branch` tinyint(1) DEFAULT NULL,
  `external_id` varchar(45) COLLATE utf8_unicode_ci DEFAULT NULL,
  PRIMARY KEY (`id`),
  KEY `IDX_2C04174DDE12AB56` (`created_by`),
  KEY `IDX_2C04174D25F94802` (`modified_by`),
  KEY `IDX_2C04174D1F6FA0AF` (`deleted_by`),
  KEY `fk_survey_pages_survey1_idx` (`survey_id`),
  CONSTRAINT `FK_2C04174D1F6FA0AF` FOREIGN KEY (`deleted_by`) REFERENCES `person` (`id`),
  CONSTRAINT `FK_2C04174D25F94802` FOREIGN KEY (`modified_by`) REFERENCES `person` (`id`),
  CONSTRAINT `FK_2C04174DB3FE509D` FOREIGN KEY (`survey_id`) REFERENCES `survey` (`id`),
  CONSTRAINT `FK_2C04174DDE12AB56` FOREIGN KEY (`created_by`) REFERENCES `person` (`id`)
) ENGINE=InnoDB DEFAULT CHARSET=utf8 COLLATE=utf8_unicode_ci;
/*!40101 SET character_set_client = @saved_cs_client */;

--
-- Dumping data for table `survey_pages`
--

LOCK TABLES `survey_pages` WRITE;
/*!40000 ALTER TABLE `survey_pages` DISABLE KEYS */;
/*!40000 ALTER TABLE `survey_pages` ENABLE KEYS */;
UNLOCK TABLES;

--
-- Table structure for table `survey_pages_lang`
--

DROP TABLE IF EXISTS `survey_pages_lang`;
/*!40101 SET @saved_cs_client     = @@character_set_client */;
/*!40101 SET character_set_client = utf8 */;
CREATE TABLE `survey_pages_lang` (
  `survey_pages_id` int(11) NOT NULL,
  `lang_id` int(11) NOT NULL,
  `created_by` int(11) DEFAULT NULL,
  `modified_by` int(11) DEFAULT NULL,
  `deleted_by` int(11) DEFAULT NULL,
  `created_at` datetime DEFAULT NULL,
  `modified_at` datetime DEFAULT NULL,
  `deleted_at` datetime DEFAULT NULL,
  `description` varchar(200) COLLATE utf8_unicode_ci DEFAULT NULL,
  PRIMARY KEY (`survey_pages_id`,`lang_id`),
  KEY `IDX_3FB9C4D5DE12AB56` (`created_by`),
  KEY `IDX_3FB9C4D525F94802` (`modified_by`),
  KEY `IDX_3FB9C4D51F6FA0AF` (`deleted_by`),
  KEY `fk_survey_pages_lang_survey_pages1_idx` (`survey_pages_id`),
  KEY `fk_survey_pages_lang_language_master1_idx` (`lang_id`),
  CONSTRAINT `FK_3FB9C4D51CED9B00` FOREIGN KEY (`survey_pages_id`) REFERENCES `survey_pages` (`id`),
  CONSTRAINT `FK_3FB9C4D51F6FA0AF` FOREIGN KEY (`deleted_by`) REFERENCES `person` (`id`),
  CONSTRAINT `FK_3FB9C4D525F94802` FOREIGN KEY (`modified_by`) REFERENCES `person` (`id`),
  CONSTRAINT `FK_3FB9C4D5B213FA4` FOREIGN KEY (`lang_id`) REFERENCES `language_master` (`id`),
  CONSTRAINT `FK_3FB9C4D5DE12AB56` FOREIGN KEY (`created_by`) REFERENCES `person` (`id`)
) ENGINE=InnoDB DEFAULT CHARSET=utf8 COLLATE=utf8_unicode_ci;
/*!40101 SET character_set_client = @saved_cs_client */;

--
-- Dumping data for table `survey_pages_lang`
--

LOCK TABLES `survey_pages_lang` WRITE;
/*!40000 ALTER TABLE `survey_pages_lang` DISABLE KEYS */;
/*!40000 ALTER TABLE `survey_pages_lang` ENABLE KEYS */;
UNLOCK TABLES;

--
-- Table structure for table `survey_questions`
--

DROP TABLE IF EXISTS `survey_questions`;
/*!40101 SET @saved_cs_client     = @@character_set_client */;
/*!40101 SET character_set_client = utf8 */;
CREATE TABLE `survey_questions` (
  `id` int(11) NOT NULL AUTO_INCREMENT,
  `created_by` int(11) DEFAULT NULL,
  `modified_by` int(11) DEFAULT NULL,
  `deleted_by` int(11) DEFAULT NULL,
  `survey_id` int(11) DEFAULT NULL,
  `ebi_question_id` int(11) DEFAULT NULL,
  `org_question_id` int(11) DEFAULT NULL,
  `survey_sections_id` int(11) DEFAULT NULL,
  `created_at` datetime DEFAULT NULL,
  `modified_at` datetime DEFAULT NULL,
  `deleted_at` datetime DEFAULT NULL,
  `type` varchar(255) COLLATE utf8_unicode_ci DEFAULT NULL,
  `sequence` int(11) DEFAULT NULL,
  `qnbr` varchar(10) COLLATE utf8_unicode_ci DEFAULT NULL,
  `external_id` varchar(45) COLLATE utf8_unicode_ci DEFAULT NULL,
  `ind_question_id` int(11) DEFAULT NULL,
  `cohort_code` int(11) DEFAULT NULL,
  PRIMARY KEY (`id`),
  KEY `IDX_2F8A16F8DE12AB56` (`created_by`),
  KEY `IDX_2F8A16F825F94802` (`modified_by`),
  KEY `IDX_2F8A16F81F6FA0AF` (`deleted_by`),
  KEY `fk_survey_questions_survey1_idx` (`survey_id`),
  KEY `fk_survey_questions_survey_sections1_idx` (`survey_sections_id`),
  KEY `external_id_idx` (`external_id`(15)),
  KEY `idx_sequence` (`sequence`),
  KEY `fk_survey_questions_org_question1_idx` (`org_question_id`),
  KEY `IDX_2F8A16F851DCB924` (`ind_question_id`),
  KEY `qnbr` (`qnbr`),
  KEY `fk_survey_questions_ebi_question1_idx` (`ebi_question_id`,`deleted_at`),
  CONSTRAINT `FK_2F8A16F81F6FA0AF` FOREIGN KEY (`deleted_by`) REFERENCES `person` (`id`),
  CONSTRAINT `FK_2F8A16F825F94802` FOREIGN KEY (`modified_by`) REFERENCES `person` (`id`),
  CONSTRAINT `FK_2F8A16F851DCB924` FOREIGN KEY (`ind_question_id`) REFERENCES `ind_question` (`id`),
  CONSTRAINT `FK_2F8A16F879F0E193` FOREIGN KEY (`ebi_question_id`) REFERENCES `ebi_question` (`id`),
  CONSTRAINT `FK_2F8A16F8B3FE509D` FOREIGN KEY (`survey_id`) REFERENCES `survey` (`id`),
  CONSTRAINT `FK_2F8A16F8DE12AB56` FOREIGN KEY (`created_by`) REFERENCES `person` (`id`),
  CONSTRAINT `FK_2F8A16F8EF81D9E1` FOREIGN KEY (`survey_sections_id`) REFERENCES `survey_sections` (`id`),
  CONSTRAINT `survey_questions_ibfk_1` FOREIGN KEY (`org_question_id`) REFERENCES `org_question` (`id`) ON DELETE NO ACTION ON UPDATE NO ACTION
) ENGINE=InnoDB DEFAULT CHARSET=utf8 COLLATE=utf8_unicode_ci;
/*!40101 SET character_set_client = @saved_cs_client */;

--
-- Dumping data for table `survey_questions`
--

LOCK TABLES `survey_questions` WRITE;
/*!40000 ALTER TABLE `survey_questions` DISABLE KEYS */;
/*!40000 ALTER TABLE `survey_questions` ENABLE KEYS */;
UNLOCK TABLES;

--
-- Table structure for table `survey_response`
--

DROP TABLE IF EXISTS `survey_response`;
/*!40101 SET @saved_cs_client     = @@character_set_client */;
/*!40101 SET character_set_client = utf8 */;
CREATE TABLE `survey_response` (
  `id` bigint(20) NOT NULL AUTO_INCREMENT,
  `created_by` int(11) DEFAULT NULL,
  `modified_by` int(11) DEFAULT NULL,
  `deleted_by` int(11) DEFAULT NULL,
  `org_id` int(11) DEFAULT NULL,
  `person_id` int(11) DEFAULT NULL,
  `survey_id` int(11) DEFAULT NULL,
  `org_academic_year_id` int(11) DEFAULT NULL,
  `org_academic_terms_id` int(11) DEFAULT NULL,
  `survey_questions_id` int(11) DEFAULT NULL,
  `created_at` datetime DEFAULT NULL,
  `modified_at` datetime DEFAULT NULL,
  `deleted_at` datetime DEFAULT NULL,
  `response_type` enum('decimal','char','charmax') COLLATE utf8_unicode_ci DEFAULT NULL,
  `decimal_value` decimal(9,2) DEFAULT NULL,
  `char_value` varchar(500) COLLATE utf8_unicode_ci DEFAULT NULL,
  `charmax_value` varchar(5000) COLLATE utf8_unicode_ci DEFAULT NULL,
  PRIMARY KEY (`id`),
  KEY `IDX_628C4DDCDE12AB56` (`created_by`),
  KEY `IDX_628C4DDC25F94802` (`modified_by`),
  KEY `IDX_628C4DDC1F6FA0AF` (`deleted_by`),
  KEY `fk_survey_response_survey1_idx` (`survey_id`),
  KEY `fk_survey_response_org_academic_year1_idx` (`org_academic_year_id`),
  KEY `fk_survey_response_org_academic_terms1_idx` (`org_academic_terms_id`),
  KEY `fk_survey_response_person1` (`person_id`,`survey_id`),
  KEY `modified` (`modified_at`,`created_at`),
  KEY `created` (`created_at`),
  KEY `fk_survey_response_organization1` (`org_id`,`person_id`,`survey_questions_id`,`modified_at`),
  KEY `latestsurvey` (`org_id`,`person_id`,`modified_at`,`survey_id`,`survey_questions_id`),
  KEY `fk_survey_response_survey_questions1_idx` (`survey_questions_id`,`person_id`),
  CONSTRAINT `FK_628C4DDC1F6FA0AF` FOREIGN KEY (`deleted_by`) REFERENCES `person` (`id`),
  CONSTRAINT `FK_628C4DDC217BBB47` FOREIGN KEY (`person_id`) REFERENCES `person` (`id`),
  CONSTRAINT `FK_628C4DDC25F94802` FOREIGN KEY (`modified_by`) REFERENCES `person` (`id`),
  CONSTRAINT `FK_628C4DDC8D7CC0D2` FOREIGN KEY (`org_academic_terms_id`) REFERENCES `org_academic_terms` (`id`),
  CONSTRAINT `FK_628C4DDCB3FE509D` FOREIGN KEY (`survey_id`) REFERENCES `survey` (`id`),
  CONSTRAINT `FK_628C4DDCCC63389E` FOREIGN KEY (`survey_questions_id`) REFERENCES `survey_questions` (`id`),
  CONSTRAINT `FK_628C4DDCDE12AB56` FOREIGN KEY (`created_by`) REFERENCES `person` (`id`),
  CONSTRAINT `FK_628C4DDCF3B0CE4A` FOREIGN KEY (`org_academic_year_id`) REFERENCES `org_academic_year` (`id`),
  CONSTRAINT `FK_628C4DDCF4837C1B` FOREIGN KEY (`org_id`) REFERENCES `organization` (`id`)
) ENGINE=InnoDB DEFAULT CHARSET=utf8 COLLATE=utf8_unicode_ci;
/*!40101 SET character_set_client = @saved_cs_client */;

--
-- Dumping data for table `survey_response`
--

LOCK TABLES `survey_response` WRITE;
/*!40000 ALTER TABLE `survey_response` DISABLE KEYS */;
/*!40000 ALTER TABLE `survey_response` ENABLE KEYS */;
UNLOCK TABLES;

--
-- Table structure for table `survey_sections`
--

DROP TABLE IF EXISTS `survey_sections`;
/*!40101 SET @saved_cs_client     = @@character_set_client */;
/*!40101 SET character_set_client = utf8 */;
CREATE TABLE `survey_sections` (
  `id` int(11) NOT NULL AUTO_INCREMENT,
  `created_by` int(11) DEFAULT NULL,
  `modified_by` int(11) DEFAULT NULL,
  `deleted_by` int(11) DEFAULT NULL,
  `survey_id` int(11) DEFAULT NULL,
  `survey_pages_id` int(11) DEFAULT NULL,
  `created_at` datetime DEFAULT NULL,
  `modified_at` datetime DEFAULT NULL,
  `deleted_at` datetime DEFAULT NULL,
  `sequence` int(11) DEFAULT NULL,
  `external_id` varchar(45) COLLATE utf8_unicode_ci DEFAULT NULL,
  PRIMARY KEY (`id`),
  KEY `IDX_776105BFDE12AB56` (`created_by`),
  KEY `IDX_776105BF25F94802` (`modified_by`),
  KEY `IDX_776105BF1F6FA0AF` (`deleted_by`),
  KEY `fk_survey_sections_survey1_idx` (`survey_id`),
  KEY `fk_survey_sections_survey_pages1_idx` (`survey_pages_id`),
  CONSTRAINT `FK_776105BF1CED9B00` FOREIGN KEY (`survey_pages_id`) REFERENCES `survey_pages` (`id`),
  CONSTRAINT `FK_776105BF1F6FA0AF` FOREIGN KEY (`deleted_by`) REFERENCES `person` (`id`),
  CONSTRAINT `FK_776105BF25F94802` FOREIGN KEY (`modified_by`) REFERENCES `person` (`id`),
  CONSTRAINT `FK_776105BFB3FE509D` FOREIGN KEY (`survey_id`) REFERENCES `survey` (`id`),
  CONSTRAINT `FK_776105BFDE12AB56` FOREIGN KEY (`created_by`) REFERENCES `person` (`id`)
) ENGINE=InnoDB DEFAULT CHARSET=utf8 COLLATE=utf8_unicode_ci;
/*!40101 SET character_set_client = @saved_cs_client */;

--
-- Dumping data for table `survey_sections`
--

LOCK TABLES `survey_sections` WRITE;
/*!40000 ALTER TABLE `survey_sections` DISABLE KEYS */;
/*!40000 ALTER TABLE `survey_sections` ENABLE KEYS */;
UNLOCK TABLES;

--
-- Table structure for table `survey_sections_lang`
--

DROP TABLE IF EXISTS `survey_sections_lang`;
/*!40101 SET @saved_cs_client     = @@character_set_client */;
/*!40101 SET character_set_client = utf8 */;
CREATE TABLE `survey_sections_lang` (
  `survey_sections_id` int(11) NOT NULL,
  `lang_id` int(11) NOT NULL,
  `created_by` int(11) DEFAULT NULL,
  `modified_by` int(11) DEFAULT NULL,
  `deleted_by` int(11) DEFAULT NULL,
  `created_at` datetime DEFAULT NULL,
  `modified_at` datetime DEFAULT NULL,
  `deleted_at` datetime DEFAULT NULL,
  `description_hdr` varchar(2000) COLLATE utf8_unicode_ci DEFAULT NULL,
  `description_dtl` varchar(2000) COLLATE utf8_unicode_ci DEFAULT NULL,
  PRIMARY KEY (`survey_sections_id`,`lang_id`),
  KEY `IDX_E00ED5A8DE12AB56` (`created_by`),
  KEY `IDX_E00ED5A825F94802` (`modified_by`),
  KEY `IDX_E00ED5A81F6FA0AF` (`deleted_by`),
  KEY `fk_survey_sections_lang_survey_sections1_idx` (`survey_sections_id`),
  KEY `fk_survey_sections_lang_language_master1_idx` (`lang_id`),
  CONSTRAINT `FK_E00ED5A81F6FA0AF` FOREIGN KEY (`deleted_by`) REFERENCES `person` (`id`),
  CONSTRAINT `FK_E00ED5A825F94802` FOREIGN KEY (`modified_by`) REFERENCES `person` (`id`),
  CONSTRAINT `FK_E00ED5A8B213FA4` FOREIGN KEY (`lang_id`) REFERENCES `language_master` (`id`),
  CONSTRAINT `FK_E00ED5A8DE12AB56` FOREIGN KEY (`created_by`) REFERENCES `person` (`id`),
  CONSTRAINT `FK_E00ED5A8EF81D9E1` FOREIGN KEY (`survey_sections_id`) REFERENCES `survey_sections` (`id`)
) ENGINE=InnoDB DEFAULT CHARSET=utf8 COLLATE=utf8_unicode_ci;
/*!40101 SET character_set_client = @saved_cs_client */;

--
-- Dumping data for table `survey_sections_lang`
--

LOCK TABLES `survey_sections_lang` WRITE;
/*!40000 ALTER TABLE `survey_sections_lang` DISABLE KEYS */;
/*!40000 ALTER TABLE `survey_sections_lang` ENABLE KEYS */;
UNLOCK TABLES;

--
-- Table structure for table `surveymarker`
--

DROP TABLE IF EXISTS `surveymarker`;
/*!40101 SET @saved_cs_client     = @@character_set_client */;
/*!40101 SET character_set_client = utf8 */;
CREATE TABLE `surveymarker` (
  `id` int(11) NOT NULL AUTO_INCREMENT,
  `created_by` int(11) DEFAULT NULL,
  `modified_by` int(11) DEFAULT NULL,
  `deleted_by` int(11) DEFAULT NULL,
  `created_at` datetime DEFAULT NULL,
  `modified_at` datetime DEFAULT NULL,
  `deleted_at` datetime DEFAULT NULL,
  `sequence` int(11) DEFAULT NULL,
  PRIMARY KEY (`id`),
  KEY `IDX_4873E5ADE12AB56` (`created_by`),
  KEY `IDX_4873E5A25F94802` (`modified_by`),
  KEY `IDX_4873E5A1F6FA0AF` (`deleted_by`),
  CONSTRAINT `FK_4873E5A1F6FA0AF` FOREIGN KEY (`deleted_by`) REFERENCES `person` (`id`),
  CONSTRAINT `FK_4873E5A25F94802` FOREIGN KEY (`modified_by`) REFERENCES `person` (`id`),
  CONSTRAINT `FK_4873E5ADE12AB56` FOREIGN KEY (`created_by`) REFERENCES `person` (`id`)
) ENGINE=InnoDB DEFAULT CHARSET=utf8 COLLATE=utf8_unicode_ci;
/*!40101 SET character_set_client = @saved_cs_client */;

--
-- Dumping data for table `surveymarker`
--

LOCK TABLES `surveymarker` WRITE;
/*!40000 ALTER TABLE `surveymarker` DISABLE KEYS */;
/*!40000 ALTER TABLE `surveymarker` ENABLE KEYS */;
UNLOCK TABLES;

--
-- Table structure for table `surveymarker_lang`
--

DROP TABLE IF EXISTS `surveymarker_lang`;
/*!40101 SET @saved_cs_client     = @@character_set_client */;
/*!40101 SET character_set_client = utf8 */;
CREATE TABLE `surveymarker_lang` (
  `id` int(11) NOT NULL AUTO_INCREMENT,
  `created_by` int(11) DEFAULT NULL,
  `modified_by` int(11) DEFAULT NULL,
  `deleted_by` int(11) DEFAULT NULL,
  `lang_id` int(11) DEFAULT NULL,
  `surveymarker_id` int(11) DEFAULT NULL,
  `created_at` datetime DEFAULT NULL,
  `modified_at` datetime DEFAULT NULL,
  `deleted_at` datetime DEFAULT NULL,
  `name` varchar(100) COLLATE utf8_unicode_ci DEFAULT NULL,
  PRIMARY KEY (`id`),
  KEY `IDX_8E6D6480DE12AB56` (`created_by`),
  KEY `IDX_8E6D648025F94802` (`modified_by`),
  KEY `IDX_8E6D64801F6FA0AF` (`deleted_by`),
  KEY `fk_survey_marker_lang_survey_marker1_idx` (`surveymarker_id`),
  KEY `fk_survey_marker_lang_language_master1_idx` (`lang_id`),
  CONSTRAINT `FK_8E6D64801F6FA0AF` FOREIGN KEY (`deleted_by`) REFERENCES `person` (`id`),
  CONSTRAINT `FK_8E6D648025F94802` FOREIGN KEY (`modified_by`) REFERENCES `person` (`id`),
  CONSTRAINT `FK_8E6D6480357363AC` FOREIGN KEY (`surveymarker_id`) REFERENCES `surveymarker` (`id`),
  CONSTRAINT `FK_8E6D6480B213FA4` FOREIGN KEY (`lang_id`) REFERENCES `language_master` (`id`),
  CONSTRAINT `FK_8E6D6480DE12AB56` FOREIGN KEY (`created_by`) REFERENCES `person` (`id`)
) ENGINE=InnoDB DEFAULT CHARSET=utf8 COLLATE=utf8_unicode_ci;
/*!40101 SET character_set_client = @saved_cs_client */;

--
-- Dumping data for table `surveymarker_lang`
--

LOCK TABLES `surveymarker_lang` WRITE;
/*!40000 ALTER TABLE `surveymarker_lang` DISABLE KEYS */;
/*!40000 ALTER TABLE `surveymarker_lang` ENABLE KEYS */;
UNLOCK TABLES;

--
-- Table structure for table `surveymarker_questions`
--

DROP TABLE IF EXISTS `surveymarker_questions`;
/*!40101 SET @saved_cs_client     = @@character_set_client */;
/*!40101 SET character_set_client = utf8 */;
CREATE TABLE `surveymarker_questions` (
  `id` int(11) NOT NULL AUTO_INCREMENT,
  `created_by` int(11) DEFAULT NULL,
  `modified_by` int(11) DEFAULT NULL,
  `deleted_by` int(11) DEFAULT NULL,
  `surveymarker_id` int(11) DEFAULT NULL,
  `ebi_question_id` int(11) DEFAULT NULL,
  `survey_questions_id` int(11) DEFAULT NULL,
  `survey_id` int(11) DEFAULT NULL,
  `factor_id` int(11) DEFAULT NULL,
  `created_at` datetime DEFAULT NULL,
  `modified_at` datetime DEFAULT NULL,
  `deleted_at` datetime DEFAULT NULL,
  `type` varchar(255) COLLATE utf8_unicode_ci DEFAULT NULL,
  `sequence` int(11) DEFAULT NULL,
  `red_low` decimal(6,3) DEFAULT NULL,
  `red_high` decimal(6,3) DEFAULT NULL,
  `yellow_low` decimal(6,3) DEFAULT NULL,
  `yellow_high` decimal(6,3) DEFAULT NULL,
  `green_low` decimal(6,3) DEFAULT NULL,
  `green_high` decimal(6,3) DEFAULT NULL,
  PRIMARY KEY (`id`),
  KEY `IDX_223450D9DE12AB56` (`created_by`),
  KEY `IDX_223450D925F94802` (`modified_by`),
  KEY `IDX_223450D91F6FA0AF` (`deleted_by`),
  KEY `fk_surveymarker_questions_surveymarker1_idx` (`surveymarker_id`),
  KEY `fk_surveymarker_questions_ebi_question1_idx` (`ebi_question_id`),
  KEY `fk_surveymarker_questions_survey1_idx` (`survey_id`),
  KEY `fk_surveymarker_questions_factor1_idx` (`factor_id`),
  KEY `fk_surveymarker_questions_survey_questions1_idx` (`survey_questions_id`),
  CONSTRAINT `FK_223450D91F6FA0AF` FOREIGN KEY (`deleted_by`) REFERENCES `person` (`id`),
  CONSTRAINT `FK_223450D925F94802` FOREIGN KEY (`modified_by`) REFERENCES `person` (`id`),
  CONSTRAINT `FK_223450D9357363AC` FOREIGN KEY (`surveymarker_id`) REFERENCES `surveymarker` (`id`),
  CONSTRAINT `FK_223450D979F0E193` FOREIGN KEY (`ebi_question_id`) REFERENCES `ebi_question` (`id`),
  CONSTRAINT `FK_223450D9B3FE509D` FOREIGN KEY (`survey_id`) REFERENCES `survey` (`id`),
  CONSTRAINT `FK_223450D9BC88C1A3` FOREIGN KEY (`factor_id`) REFERENCES `factor` (`id`),
  CONSTRAINT `FK_223450D9CC63389E` FOREIGN KEY (`survey_questions_id`) REFERENCES `survey_questions` (`id`),
  CONSTRAINT `FK_223450D9DE12AB56` FOREIGN KEY (`created_by`) REFERENCES `person` (`id`)
) ENGINE=InnoDB DEFAULT CHARSET=utf8 COLLATE=utf8_unicode_ci;
/*!40101 SET character_set_client = @saved_cs_client */;

--
-- Dumping data for table `surveymarker_questions`
--

LOCK TABLES `surveymarker_questions` WRITE;
/*!40000 ALTER TABLE `surveymarker_questions` DISABLE KEYS */;
/*!40000 ALTER TABLE `surveymarker_questions` ENABLE KEYS */;
UNLOCK TABLES;

--
-- Table structure for table `system_alerts`
--

DROP TABLE IF EXISTS `system_alerts`;
/*!40101 SET @saved_cs_client     = @@character_set_client */;
/*!40101 SET character_set_client = utf8 */;
CREATE TABLE `system_alerts` (
  `id` int(11) NOT NULL AUTO_INCREMENT,
  `person_id` int(11) DEFAULT NULL,
  `organization_id` int(11) DEFAULT NULL,
  `created_by` int(11) DEFAULT NULL,
  `created_at` datetime DEFAULT NULL,
  `modified_by` int(11) DEFAULT NULL,
  `modified_at` datetime DEFAULT NULL,
  `deleted_by` int(11) DEFAULT NULL,
  `deleted_at` datetime DEFAULT NULL,
  `title` varchar(200) COLLATE utf8_unicode_ci DEFAULT NULL,
  `description` varchar(5000) COLLATE utf8_unicode_ci DEFAULT NULL,
  `start_date` datetime DEFAULT NULL,
  `end_date` datetime DEFAULT NULL,
  `is_enabled` tinyint(1) DEFAULT NULL,
  PRIMARY KEY (`id`),
  KEY `IDX_E7F475AA217BBB47` (`person_id`),
  KEY `IDX_E7F475AA32C8A3DE` (`organization_id`),
  CONSTRAINT `FK_E7F475AA217BBB47` FOREIGN KEY (`person_id`) REFERENCES `person` (`id`),
  CONSTRAINT `FK_E7F475AA32C8A3DE` FOREIGN KEY (`organization_id`) REFERENCES `organization` (`id`)
) ENGINE=InnoDB DEFAULT CHARSET=utf8 COLLATE=utf8_unicode_ci;
/*!40101 SET character_set_client = @saved_cs_client */;

--
-- Dumping data for table `system_alerts`
--

LOCK TABLES `system_alerts` WRITE;
/*!40000 ALTER TABLE `system_alerts` DISABLE KEYS */;
/*!40000 ALTER TABLE `system_alerts` ENABLE KEYS */;
UNLOCK TABLES;

--
-- Table structure for table `talking_points`
--

DROP TABLE IF EXISTS `talking_points`;
/*!40101 SET @saved_cs_client     = @@character_set_client */;
/*!40101 SET character_set_client = utf8 */;
CREATE TABLE `talking_points` (
  `id` int(11) NOT NULL AUTO_INCREMENT,
  `created_by` int(11) DEFAULT NULL,
  `modified_by` int(11) DEFAULT NULL,
  `deleted_by` int(11) DEFAULT NULL,
  `ebi_question_id` int(11) DEFAULT NULL,
  `ebi_metadata_id` int(11) DEFAULT NULL,
  `created_at` datetime DEFAULT NULL,
  `modified_at` datetime DEFAULT NULL,
  `deleted_at` datetime DEFAULT NULL,
  `type` varchar(1) COLLATE utf8_unicode_ci DEFAULT NULL,
  `talking_points_type` varchar(1) COLLATE utf8_unicode_ci DEFAULT NULL,
  `min_range` int(11) DEFAULT NULL,
  `max_range` int(11) DEFAULT NULL,
  PRIMARY KEY (`id`),
  KEY `IDX_8F281C4DDE12AB56` (`created_by`),
  KEY `IDX_8F281C4D25F94802` (`modified_by`),
  KEY `IDX_8F281C4D1F6FA0AF` (`deleted_by`),
  KEY `IDX_8F281C4D79F0E193` (`ebi_question_id`),
  KEY `IDX_8F281C4DBB49FE75` (`ebi_metadata_id`),
  KEY `tp_type` (`talking_points_type`,`ebi_metadata_id`,`deleted_at`),
  CONSTRAINT `FK_8F281C4D1F6FA0AF` FOREIGN KEY (`deleted_by`) REFERENCES `person` (`id`),
  CONSTRAINT `FK_8F281C4D25F94802` FOREIGN KEY (`modified_by`) REFERENCES `person` (`id`),
  CONSTRAINT `FK_8F281C4D79F0E193` FOREIGN KEY (`ebi_question_id`) REFERENCES `ebi_question` (`id`),
  CONSTRAINT `FK_8F281C4DBB49FE75` FOREIGN KEY (`ebi_metadata_id`) REFERENCES `ebi_metadata` (`id`),
  CONSTRAINT `FK_8F281C4DDE12AB56` FOREIGN KEY (`created_by`) REFERENCES `person` (`id`)
) ENGINE=InnoDB AUTO_INCREMENT=11 DEFAULT CHARSET=utf8 COLLATE=utf8_unicode_ci;
/*!40101 SET character_set_client = @saved_cs_client */;

--
-- Dumping data for table `talking_points`
--

LOCK TABLES `talking_points` WRITE;
/*!40000 ALTER TABLE `talking_points` DISABLE KEYS */;
INSERT INTO `talking_points` VALUES
(1,NULL,NULL,NULL,1,NULL,NULL,NULL,NULL,'S','W',1,4),
(2,NULL,NULL,NULL,2,NULL,NULL,NULL,NULL,'S','W',1,4),
(3,NULL,NULL,NULL,3,NULL,NULL,NULL,NULL,'S','W',1,4),
(4,NULL,NULL,NULL,1,NULL,NULL,NULL,NULL,'S','S',5,8),
(5,NULL,NULL,NULL,2,NULL,NULL,NULL,NULL,'S','S',5,8),
(6,NULL,NULL,NULL,3,NULL,NULL,NULL,NULL,'S','S',5,8),
(7,NULL,NULL,NULL,4,NULL,NULL,NULL,NULL,'S','W',1,4),
(8,NULL,NULL,NULL,5,NULL,NULL,NULL,NULL,'S','W',1,4),
(9,NULL,NULL,NULL,6,NULL,NULL,NULL,NULL,'S','S',5,8),
(10,NULL,NULL,NULL,7,NULL,NULL,NULL,NULL,'S','S',5,8);
/*!40000 ALTER TABLE `talking_points` ENABLE KEYS */;
UNLOCK TABLES;

--
-- Table structure for table `talking_points_lang`
--

DROP TABLE IF EXISTS `talking_points_lang`;
/*!40101 SET @saved_cs_client     = @@character_set_client */;
/*!40101 SET character_set_client = utf8 */;
CREATE TABLE `talking_points_lang` (
  `id` int(11) NOT NULL AUTO_INCREMENT,
  `created_by` int(11) DEFAULT NULL,
  `modified_by` int(11) DEFAULT NULL,
  `deleted_by` int(11) DEFAULT NULL,
  `talking_points_id` int(11) DEFAULT NULL,
  `language_master_id` int(11) DEFAULT NULL,
  `created_at` datetime DEFAULT NULL,
  `modified_at` datetime DEFAULT NULL,
  `deleted_at` datetime DEFAULT NULL,
  `title` varchar(400) COLLATE utf8_unicode_ci DEFAULT NULL,
  `description` varchar(5000) COLLATE utf8_unicode_ci DEFAULT NULL,
  PRIMARY KEY (`id`),
  KEY `IDX_5CC5137ADE12AB56` (`created_by`),
  KEY `IDX_5CC5137A25F94802` (`modified_by`),
  KEY `IDX_5CC5137A1F6FA0AF` (`deleted_by`),
  KEY `IDX_5CC5137ACDC12E8B` (`talking_points_id`),
  KEY `IDX_5CC5137AD5D3A0FB` (`language_master_id`),
  CONSTRAINT `FK_5CC5137A1F6FA0AF` FOREIGN KEY (`deleted_by`) REFERENCES `person` (`id`),
  CONSTRAINT `FK_5CC5137A25F94802` FOREIGN KEY (`modified_by`) REFERENCES `person` (`id`),
  CONSTRAINT `FK_5CC5137ACDC12E8B` FOREIGN KEY (`talking_points_id`) REFERENCES `talking_points` (`id`),
  CONSTRAINT `FK_5CC5137AD5D3A0FB` FOREIGN KEY (`language_master_id`) REFERENCES `language_master` (`id`),
  CONSTRAINT `FK_5CC5137ADE12AB56` FOREIGN KEY (`created_by`) REFERENCES `person` (`id`)
) ENGINE=InnoDB AUTO_INCREMENT=11 DEFAULT CHARSET=utf8 COLLATE=utf8_unicode_ci;
/*!40101 SET character_set_client = @saved_cs_client */;

--
-- Dumping data for table `talking_points_lang`
--

LOCK TABLES `talking_points_lang` WRITE;
/*!40000 ALTER TABLE `talking_points_lang` DISABLE KEYS */;
INSERT INTO `talking_points_lang` VALUES
(1,NULL,NULL,NULL,1,1,NULL,NULL,NULL,'Spring Transition: Commitment to Institution','Not committed to return next term. Strong predictor of attrition. Discuss future plans to determine academic goals.'),
(2,NULL,NULL,NULL,2,1,NULL,NULL,NULL,'Spring Transition: Communications Skills','Reports poor communication skills. Refer to learning resources.'),
(3,NULL,NULL,NULL,3,1,NULL,NULL,NULL,'Spring Transition: Class Attendance','Lorem ipsm dolor sit amet, consectetur adipisicing elit, sed do eiusmod tempor incididunt ut labore et dolore magna aliqua.Ut enim ad minim veniam, quis nostrud exercitation ullamco laboris nisi ut aliquip ex ea commodo consequat.'),
(4,NULL,NULL,NULL,4,1,NULL,NULL,NULL,'Fall Check-Up: Basic Academic Behaviors','Reports good basic academic behaviours(i.e., talking good notes and turning in requited homework). Strong predictor of academic performance. Student typically overestimate these skills; may still need some improvement. Ask about grades on assignments/tests.'),
(5,NULL,NULL,NULL,5,1,NULL,NULL,NULL,'Fall Mid-Terms - Fall Mid-Term Grades - Green','Little to no risk for poor academic performance(not deficient in any course).'),
(6,NULL,NULL,NULL,6,1,NULL,NULL,NULL,'Fall Check-Up: Basic Academic Behaviours','Lorem ipsum dolor sit amet, consectetur adipisicing elit, sed do eiusmod tempor incididunt ut labore et dolore magna'),
(7,NULL,NULL,NULL,7,1,NULL,NULL,NULL,'Spring Transition: Other Academic concerns','Sed do eiusmod tempor incididunt ut labore et dolore magna aliqua.Ut enim ad minim veniam, quis nostrud exercitation'),
(8,NULL,NULL,NULL,8,1,NULL,NULL,NULL,'Spring Transition: Academic Skills','Strong predictor of attrition. Discuss future plans to determine academic skills'),
(9,NULL,NULL,NULL,9,1,NULL,NULL,NULL,'Fall Check-Up: Academic Skills','Good academic performance through skills exploration.  may still need some improvement'),
(10,NULL,NULL,NULL,10,1,NULL,NULL,NULL,'Fall Mid-Terms - Academic Performance','No risk for poor academic performance(not deficient in any course).');
/*!40000 ALTER TABLE `talking_points_lang` ENABLE KEYS */;
UNLOCK TABLES;

--
-- Table structure for table `team_members`
--

DROP TABLE IF EXISTS `team_members`;
/*!40101 SET @saved_cs_client     = @@character_set_client */;
/*!40101 SET character_set_client = utf8 */;
CREATE TABLE `team_members` (
  `id` int(11) NOT NULL AUTO_INCREMENT,
  `person_id` int(11) DEFAULT NULL,
  `organization_id` int(11) DEFAULT NULL,
  `teams_id` int(11) DEFAULT NULL,
  `created_by` int(11) DEFAULT NULL,
  `created_at` datetime DEFAULT NULL,
  `modified_by` int(11) DEFAULT NULL,
  `modified_at` datetime DEFAULT NULL,
  `deleted_by` int(11) DEFAULT NULL,
  `deleted_at` datetime DEFAULT NULL,
  `is_team_leader` varchar(1) COLLATE utf8_unicode_ci DEFAULT NULL,
  PRIMARY KEY (`id`),
  KEY `IDX_BAD9A3C8217BBB47` (`person_id`),
  KEY `IDX_BAD9A3C832C8A3DE` (`organization_id`),
  KEY `IDX_BAD9A3C8D6365F12` (`teams_id`),
  CONSTRAINT `FK_BAD9A3C8217BBB47` FOREIGN KEY (`person_id`) REFERENCES `person` (`id`),
  CONSTRAINT `FK_BAD9A3C832C8A3DE` FOREIGN KEY (`organization_id`) REFERENCES `organization` (`id`),
  CONSTRAINT `FK_BAD9A3C8D6365F12` FOREIGN KEY (`teams_id`) REFERENCES `Teams` (`id`)
) ENGINE=InnoDB AUTO_INCREMENT=638 DEFAULT CHARSET=utf8 COLLATE=utf8_unicode_ci;
/*!40101 SET character_set_client = @saved_cs_client */;

--
-- Dumping data for table `team_members`
--

LOCK TABLES `team_members` WRITE;
/*!40000 ALTER TABLE `team_members` DISABLE KEYS */;
INSERT INTO `team_members` VALUES
(625,99439,542,377,NULL,'2015-05-13 21:18:20',NULL,'2015-05-13 21:18:20',NULL,NULL,'0'),
(626,99444,542,377,NULL,'2015-05-13 21:18:20',NULL,'2015-05-13 21:18:20',NULL,NULL,'0'),
(627,99441,542,377,NULL,'2015-05-13 21:18:20',NULL,'2015-05-13 21:18:20',NULL,NULL,'0'),
(628,99445,542,377,NULL,'2015-05-13 21:18:20',NULL,'2015-05-13 21:18:20',NULL,NULL,'1'),
(629,99440,542,378,NULL,'2015-05-13 21:19:03',NULL,'2015-05-13 21:19:03',NULL,NULL,'1'),
(630,99438,542,378,NULL,'2015-05-13 21:19:03',NULL,'2015-05-13 21:19:03',NULL,NULL,'0'),
(631,99443,542,378,NULL,'2015-05-13 21:19:03',NULL,'2015-05-13 21:19:03',NULL,NULL,'0'),
(632,99447,542,378,NULL,'2015-05-13 21:19:03',NULL,'2015-05-13 21:19:03',NULL,NULL,'0'),
(633,99442,542,378,NULL,'2015-05-13 21:19:03',NULL,'2015-05-13 21:19:03',NULL,NULL,'0'),
(634,99440,542,379,NULL,'2015-06-19 16:09:20',NULL,'2015-06-19 16:09:20',NULL,NULL,'1'),
(635,99442,542,379,NULL,'2015-06-19 16:09:20',NULL,'2015-06-19 16:09:20',NULL,NULL,'0'),
(636,99440,542,380,NULL,'2015-06-19 16:10:12',NULL,'2015-06-19 16:10:43',NULL,NULL,'1'),
(637,99447,542,380,NULL,'2015-06-19 16:10:12',NULL,'2015-06-19 16:10:12',NULL,NULL,'0');
/*!40000 ALTER TABLE `team_members` ENABLE KEYS */;
UNLOCK TABLES;

--
-- Table structure for table `upload_file_log`
--

DROP TABLE IF EXISTS `upload_file_log`;
/*!40101 SET @saved_cs_client     = @@character_set_client */;
/*!40101 SET character_set_client = utf8 */;
CREATE TABLE `upload_file_log` (
  `id` int(11) NOT NULL AUTO_INCREMENT,
  `organization_id` int(11) DEFAULT NULL,
  `person_id` int(11) DEFAULT NULL,
  `upload_type` enum('A','C','F','G','S','SB','SM','T','TP','P','H','SL','RV','RM','RMA','CI','FA','GS','GF','S2G','OSR') COLLATE utf8_unicode_ci DEFAULT NULL,
  `upload_date` datetime DEFAULT NULL,
  `uploaded_columns` varchar(6000) COLLATE utf8_unicode_ci DEFAULT NULL,
  `uploaded_row_count` int(11) DEFAULT NULL,
  `status` varchar(1) COLLATE utf8_unicode_ci DEFAULT NULL,
  `uploaded_file_path` varchar(500) COLLATE utf8_unicode_ci DEFAULT NULL,
  `error_file_path` varchar(500) COLLATE utf8_unicode_ci DEFAULT NULL,
  `job_number` varchar(255) COLLATE utf8_unicode_ci DEFAULT NULL,
  `created_by` int(11) DEFAULT NULL,
  `created_at` datetime DEFAULT NULL,
  `modified_by` int(11) DEFAULT NULL,
  `modified_at` datetime DEFAULT NULL,
  `deleted_by` int(11) DEFAULT NULL,
  `deleted_at` datetime DEFAULT NULL,
  `error_count` int(11) DEFAULT NULL,
  `valid_row_count` int(11) DEFAULT NULL,
  `viewed` tinyint(1) DEFAULT NULL,
  `group_id` int(11) DEFAULT NULL,
  `course_id` int(11) DEFAULT NULL,
  PRIMARY KEY (`id`),
  KEY `IDX_E70B1E39DE12AB56` (`created_by`),
  KEY `IDX_E70B1E3925F94802` (`modified_by`),
  KEY `IDX_E70B1E391F6FA0AF` (`deleted_by`),
  CONSTRAINT `FK_E70B1E391F6FA0AF` FOREIGN KEY (`deleted_by`) REFERENCES `person` (`id`),
  CONSTRAINT `FK_E70B1E3925F94802` FOREIGN KEY (`modified_by`) REFERENCES `person` (`id`),
  CONSTRAINT `FK_E70B1E39DE12AB56` FOREIGN KEY (`created_by`) REFERENCES `person` (`id`)
) ENGINE=InnoDB DEFAULT CHARSET=utf8 COLLATE=utf8_unicode_ci;
/*!40101 SET character_set_client = @saved_cs_client */;

--
-- Dumping data for table `upload_file_log`
--

LOCK TABLES `upload_file_log` WRITE;
/*!40000 ALTER TABLE `upload_file_log` DISABLE KEYS */;
/*!40000 ALTER TABLE `upload_file_log` ENABLE KEYS */;
UNLOCK TABLES;

--
-- Table structure for table `wess_link`
--

DROP TABLE IF EXISTS `wess_link`;
/*!40101 SET @saved_cs_client     = @@character_set_client */;
/*!40101 SET character_set_client = utf8 */;
CREATE TABLE `wess_link` (
  `id` int(11) NOT NULL AUTO_INCREMENT,
  `created_by` int(11) DEFAULT NULL,
  `modified_by` int(11) DEFAULT NULL,
  `deleted_by` int(11) DEFAULT NULL,
  `org_id` int(11) DEFAULT NULL,
  `survey_id` int(11) DEFAULT NULL,
  `created_at` datetime DEFAULT NULL,
  `modified_at` datetime DEFAULT NULL,
  `deleted_at` datetime DEFAULT NULL,
  `cohort_code` int(11) DEFAULT NULL,
  `wess_survey_id` int(11) DEFAULT NULL,
  `wess_cohort_id` int(11) DEFAULT NULL,
  `wess_order_id` int(11) DEFAULT NULL,
  `wess_launchedflag` int(11) DEFAULT NULL,
  `wess_maporder_key` int(11) DEFAULT NULL,
  `wess_prod_year` varchar(4) COLLATE utf8_unicode_ci DEFAULT NULL,
  `wess_cust_id` varchar(4) COLLATE utf8_unicode_ci DEFAULT NULL,
  `status` enum('open','ready','launched','closed') COLLATE utf8_unicode_ci DEFAULT NULL,
  `open_date` datetime DEFAULT NULL,
  `close_date` datetime DEFAULT NULL,
  `year_id` varchar(10) COLLATE utf8_unicode_ci DEFAULT NULL,
  `wess_admin_link` varchar(200) COLLATE utf8_unicode_ci DEFAULT NULL,
  PRIMARY KEY (`id`),
  KEY `IDX_175DBF43DE12AB56` (`created_by`),
  KEY `IDX_175DBF4325F94802` (`modified_by`),
  KEY `IDX_175DBF431F6FA0AF` (`deleted_by`),
  KEY `fk_wess_link_survey1_idx` (`survey_id`),
  KEY `fk_wess_link_year1_idx` (`year_id`),
  KEY `fk_wess_link_organization1` (`org_id`,`year_id`,`status`,`survey_id`),
  KEY `org_survey_cohort` (`org_id`,`survey_id`,`cohort_code`),
  CONSTRAINT `FK_175DBF431F6FA0AF` FOREIGN KEY (`deleted_by`) REFERENCES `person` (`id`),
  CONSTRAINT `FK_175DBF4325F94802` FOREIGN KEY (`modified_by`) REFERENCES `person` (`id`),
  CONSTRAINT `FK_175DBF4340C1FEA7` FOREIGN KEY (`year_id`) REFERENCES `year` (`id`),
  CONSTRAINT `FK_175DBF43B3FE509D` FOREIGN KEY (`survey_id`) REFERENCES `survey` (`id`),
  CONSTRAINT `FK_175DBF43DE12AB56` FOREIGN KEY (`created_by`) REFERENCES `person` (`id`),
  CONSTRAINT `FK_175DBF43F4837C1B` FOREIGN KEY (`org_id`) REFERENCES `organization` (`id`)
) ENGINE=InnoDB DEFAULT CHARSET=utf8 COLLATE=utf8_unicode_ci;
/*!40101 SET character_set_client = @saved_cs_client */;

--
-- Dumping data for table `wess_link`
--

LOCK TABLES `wess_link` WRITE;
/*!40000 ALTER TABLE `wess_link` DISABLE KEYS */;
/*!40000 ALTER TABLE `wess_link` ENABLE KEYS */;
UNLOCK TABLES;

--
-- Table structure for table `year`
--

DROP TABLE IF EXISTS `year`;
/*!40101 SET @saved_cs_client     = @@character_set_client */;
/*!40101 SET character_set_client = utf8 */;
CREATE TABLE `year` (
  `id` varchar(10) COLLATE utf8_unicode_ci NOT NULL,
  `created_by` int(11) DEFAULT NULL,
  `modified_by` int(11) DEFAULT NULL,
  `deleted_by` int(11) DEFAULT NULL,
  `created_at` datetime DEFAULT NULL,
  `modified_at` datetime DEFAULT NULL,
  `deleted_at` datetime DEFAULT NULL,
  PRIMARY KEY (`id`),
  KEY `IDX_BB827337DE12AB56` (`created_by`),
  KEY `IDX_BB82733725F94802` (`modified_by`),
  KEY `IDX_BB8273371F6FA0AF` (`deleted_by`),
  CONSTRAINT `FK_BB8273371F6FA0AF` FOREIGN KEY (`deleted_by`) REFERENCES `person` (`id`),
  CONSTRAINT `FK_BB82733725F94802` FOREIGN KEY (`modified_by`) REFERENCES `person` (`id`),
  CONSTRAINT `FK_BB827337DE12AB56` FOREIGN KEY (`created_by`) REFERENCES `person` (`id`)
) ENGINE=InnoDB DEFAULT CHARSET=utf8 COLLATE=utf8_unicode_ci;
/*!40101 SET character_set_client = @saved_cs_client */;

--
-- Dumping data for table `year`
--

LOCK TABLES `year` WRITE;
/*!40000 ALTER TABLE `year` DISABLE KEYS */;
INSERT INTO `year` VALUES
('201314',NULL,NULL,NULL,NULL,NULL,NULL),
('201415',NULL,NULL,NULL,NULL,NULL,NULL),
('201516',NULL,NULL,NULL,NULL,NULL,NULL),
('201617',NULL,NULL,NULL,NULL,NULL,NULL),
('201718',NULL,NULL,NULL,NULL,NULL,NULL),
('201819',NULL,NULL,NULL,NULL,NULL,NULL),
('201920',NULL,NULL,NULL,NULL,NULL,NULL),
('202021',NULL,NULL,NULL,NULL,NULL,NULL),
('202122',NULL,NULL,NULL,NULL,NULL,NULL),
('202223',NULL,NULL,NULL,NULL,NULL,NULL),
('202324',NULL,NULL,NULL,NULL,NULL,NULL),
('202425',NULL,NULL,NULL,NULL,NULL,NULL),
('202526',NULL,NULL,NULL,NULL,NULL,NULL),
('202627',NULL,NULL,NULL,NULL,NULL,NULL),
('202728',NULL,NULL,NULL,NULL,NULL,NULL),
('202829',NULL,NULL,NULL,NULL,NULL,NULL),
('202930',NULL,NULL,NULL,NULL,NULL,NULL);
/*!40000 ALTER TABLE `year` ENABLE KEYS */;
UNLOCK TABLES;

--
-- Dumping events for database 'synapse'
--
/*!50106 SET @save_time_zone= @@TIME_ZONE */ ;
/*!50106 DROP EVENT IF EXISTS `IssueCalculationEvent` */;
DELIMITER ;;
/*!50003 SET @saved_cs_client      = @@character_set_client */ ;;
/*!50003 SET @saved_cs_results     = @@character_set_results */ ;;
/*!50003 SET @saved_col_connection = @@collation_connection */ ;;
/*!50003 SET character_set_client  = utf8 */ ;;
/*!50003 SET character_set_results = utf8 */ ;;
/*!50003 SET collation_connection  = utf8_general_ci */ ;;
/*!50003 SET @saved_sql_mode       = @@sql_mode */ ;;
/*!50003 SET sql_mode              = 'STRICT_TRANS_TABLES,NO_ENGINE_SUBSTITUTION' */ ;;
/*!50003 SET @saved_time_zone      = @@time_zone */ ;;
/*!50003 SET time_zone             = 'SYSTEM' */ ;;
/*!50106 CREATE*/ /*!50117 DEFINER=`root`@`localhost`*/ /*!50106 EVENT `IssueCalculationEvent` ON SCHEDULE EVERY 1 HOUR STARTS '2015-11-11 16:34:01' ON COMPLETION NOT PRESERVE ENABLE DO BEGIN
            CALL IssueCalculation();
        END */ ;;
/*!50003 SET time_zone             = @saved_time_zone */ ;;
/*!50003 SET sql_mode              = @saved_sql_mode */ ;;
/*!50003 SET character_set_client  = @saved_cs_client */ ;;
/*!50003 SET character_set_results = @saved_cs_results */ ;;
/*!50003 SET collation_connection  = @saved_col_connection */ ;;
/*!50106 DROP EVENT IF EXISTS `Survey_Risk_Event` */;;
DELIMITER ;;
/*!50003 SET @saved_cs_client      = @@character_set_client */ ;;
/*!50003 SET @saved_cs_results     = @@character_set_results */ ;;
/*!50003 SET @saved_col_connection = @@collation_connection */ ;;
/*!50003 SET character_set_client  = utf8 */ ;;
/*!50003 SET character_set_results = utf8 */ ;;
/*!50003 SET collation_connection  = utf8_general_ci */ ;;
/*!50003 SET @saved_sql_mode       = @@sql_mode */ ;;
/*!50003 SET sql_mode              = '' */ ;;
/*!50003 SET @saved_time_zone      = @@time_zone */ ;;
/*!50003 SET time_zone             = 'SYSTEM' */ ;;
/*!50106 CREATE*/ /*!50117 DEFINER=`synapsemaster`@`%`*/ /*!50106 EVENT `Survey_Risk_Event` ON SCHEDULE EVERY 15 MINUTE STARTS '2015-10-13 00:01:30' ON COMPLETION NOT PRESERVE DISABLE DO BEGIN
                       SET @startTime = NOW();
                       CALL survey_data_transfer();
                       CALL isq_data_transfer();
                       CALL Factor_Calc(DATE_ADD(NOW(), INTERVAL 140 second), 60);
                       CALL Success_Marker_Calc(DATE_ADD(NOW(), INTERVAL 100 second), 60);
                       CALL Report_Calc(DATE_ADD(NOW(), INTERVAL 50 second), 60);
                       CALL Intent_Leave_Calc();
                       CALL Talking_Point_Calc(DATE_ADD(NOW(), INTERVAL 50 second), 100);
                       CALL org_RiskFactorCalculation(DATE_ADD(@startTime, INTERVAL 14 minute), 30);
                       END */ ;;
/*!50003 SET time_zone             = @saved_time_zone */ ;;
/*!50003 SET sql_mode              = @saved_sql_mode */ ;;
/*!50003 SET character_set_client  = @saved_cs_client */ ;;
/*!50003 SET character_set_results = @saved_cs_results */ ;;
/*!50003 SET collation_connection  = @saved_col_connection */ ;;
DELIMITER ;
/*!50106 SET TIME_ZONE= @save_time_zone */ ;

--
-- Dumping routines for database 'synapse'
--
/*!50003 DROP FUNCTION IF EXISTS `GetGroupStudentCount` */;
/*!50003 SET @saved_cs_client      = @@character_set_client */ ;
/*!50003 SET @saved_cs_results     = @@character_set_results */ ;
/*!50003 SET @saved_col_connection = @@collation_connection */ ;
/*!50003 SET character_set_client  = utf8 */ ;
/*!50003 SET character_set_results = utf8 */ ;
/*!50003 SET collation_connection  = utf8_general_ci */ ;
/*!50003 SET @saved_sql_mode       = @@sql_mode */ ;
/*!50003 SET sql_mode              = 'NO_ENGINE_SUBSTITUTION' */ ;
DELIMITER ;;
CREATE DEFINER=`synapsemaster`@`%` FUNCTION `GetGroupStudentCount`(GivenID  VARCHAR(1024)) RETURNS varchar(1024) CHARSET latin1
    DETERMINISTIC
BEGIN
        
    DECLARE rv,q,queue,queue_children,front_id VARCHAR(1024);
    DECLARE queue_length,pos INT;
        
    SET rv = '';
    SET queue = GivenID;
    SET queue_length = 1;
        
    WHILE queue_length > 0 DO
        SET front_id = queue;
        IF queue_length = 1 THEN
            SET queue = '';
        ELSE
            SET pos = LOCATE(',',queue) + 1;
            SET q = SUBSTR(queue,pos);
            SET queue = q;
        END IF;
        SET queue_length = queue_length - 1;
        
        SELECT IFNULL(qc,'') INTO queue_children
        FROM (SELECT GROUP_CONCAT(id) qc
        FROM org_group WHERE parent_group_id = front_id) A;
        
        IF LENGTH(queue_children) = 0 THEN
            IF LENGTH(queue) = 0 THEN
                SET queue_length = 0;
            END IF;
        ELSE
            IF LENGTH(rv) = 0 THEN
                SET rv = queue_children;
            ELSE
                SET rv = CONCAT(rv,',',queue_children);
            END IF;
            IF LENGTH(queue) = 0 THEN
                SET queue = queue_children;
            ELSE
                SET queue = CONCAT(queue,',',queue_children);
            END IF;
            SET queue_length = LENGTH(queue) - LENGTH(REPLACE(queue,',','')) + 1;
        END IF;
    END WHILE;
        
	set @cnt := (SELECT count(*) FROM org_group_students WHERE deleted_at IS NULL AND org_group_id IN (rv));
        
    RETURN @cnt;
END ;;
DELIMITER ;
/*!50003 SET sql_mode              = @saved_sql_mode */ ;
/*!50003 SET character_set_client  = @saved_cs_client */ ;
/*!50003 SET character_set_results = @saved_cs_results */ ;
/*!50003 SET collation_connection  = @saved_col_connection */ ;
/*!50003 DROP FUNCTION IF EXISTS `GetSubGroupCount` */;
/*!50003 SET @saved_cs_client      = @@character_set_client */ ;
/*!50003 SET @saved_cs_results     = @@character_set_results */ ;
/*!50003 SET @saved_col_connection = @@collation_connection */ ;
/*!50003 SET character_set_client  = utf8 */ ;
/*!50003 SET character_set_results = utf8 */ ;
/*!50003 SET collation_connection  = utf8_general_ci */ ;
/*!50003 SET @saved_sql_mode       = @@sql_mode */ ;
/*!50003 SET sql_mode              = 'NO_ENGINE_SUBSTITUTION' */ ;
DELIMITER ;;
CREATE DEFINER=`synapsemaster`@`%` FUNCTION `GetSubGroupCount`(GivenID  VARCHAR(1024)) RETURNS varchar(1024) CHARSET latin1
    DETERMINISTIC
BEGIN

    DECLARE rv,q,queue,queue_children,front_id VARCHAR(1024);
    DECLARE queue_length,pos INT;

    SET rv = '';
    SET queue = GivenID;		
    SET queue_length = 1;

    WHILE queue_length > 0 DO
        SET front_id = queue;
        IF queue_length = 1 THEN
            SET queue = '';
        ELSE
            SET pos = LOCATE(',',queue) + 1;
            SET q = SUBSTR(queue,pos);
            SET queue = q;
        END IF;
        SET queue_length = queue_length - 1;

        SELECT IFNULL(qc,'') INTO queue_children
        FROM (SELECT GROUP_CONCAT(id) qc
        FROM org_group WHERE parent_group_id = front_id) A;

        IF LENGTH(queue_children) = 0 THEN
            IF LENGTH(queue) = 0 THEN
                SET queue_length = 0;
            END IF;
        ELSE
            IF LENGTH(rv) = 0 THEN
                SET rv = queue_children;
            ELSE
                SET rv = CONCAT(rv,',',queue_children);
            END IF;
            IF LENGTH(queue) = 0 THEN
                SET queue = queue_children;
            ELSE
                SET queue = CONCAT(queue,',',queue_children);
            END IF;
            SET queue_length = LENGTH(queue) - LENGTH(REPLACE(queue,',','')) + 1;
        END IF;
    END WHILE;
	
    if LENGTH(rv) > 0 THEN
		SET rv := (select length(rv) - length(replace(rv, ',', '')));
        IF rv != 0 THEN
					SET rv = rv + 1 ;
				ELSE
			SET rv = 1;
		END IF;
		RETURN rv ;
	ELSE 
		return 0;
	END IF;
END ;;
DELIMITER ;
/*!50003 SET sql_mode              = @saved_sql_mode */ ;
/*!50003 SET character_set_client  = @saved_cs_client */ ;
/*!50003 SET character_set_results = @saved_cs_results */ ;
/*!50003 SET collation_connection  = @saved_col_connection */ ;
/*!50003 DROP FUNCTION IF EXISTS `GetSubGroupFacultyCount` */;
/*!50003 SET @saved_cs_client      = @@character_set_client */ ;
/*!50003 SET @saved_cs_results     = @@character_set_results */ ;
/*!50003 SET @saved_col_connection = @@collation_connection */ ;
/*!50003 SET character_set_client  = utf8 */ ;
/*!50003 SET character_set_results = utf8 */ ;
/*!50003 SET collation_connection  = utf8_general_ci */ ;
/*!50003 SET @saved_sql_mode       = @@sql_mode */ ;
/*!50003 SET sql_mode              = 'NO_ENGINE_SUBSTITUTION' */ ;
DELIMITER ;;
CREATE DEFINER=`synapsemaster`@`%` FUNCTION `GetSubGroupFacultyCount`(GivenID  VARCHAR(1024)) RETURNS varchar(1024) CHARSET latin1
    DETERMINISTIC
BEGIN
        
    DECLARE rv,q,queue,queue_children,front_id VARCHAR(1024);
    DECLARE queue_length,pos INT;
        
    SET rv = '';
    SET queue = GivenID;
    SET queue_length = 1;
        
    WHILE queue_length > 0 DO
        SET front_id = queue;
        IF queue_length = 1 THEN
            SET queue = '';
        ELSE
            SET pos = LOCATE(',',queue) + 1;
            SET q = SUBSTR(queue,pos);
            SET queue = q;
        END IF;
        SET queue_length = queue_length - 1;
        
        SELECT IFNULL(qc,'') INTO queue_children
        FROM (SELECT GROUP_CONCAT(id) qc
        FROM org_group WHERE parent_group_id = front_id) A;
        
        IF LENGTH(queue_children) = 0 THEN
            IF LENGTH(queue) = 0 THEN
                SET queue_length = 0;
            END IF;
        ELSE
            IF LENGTH(rv) = 0 THEN
                SET rv = queue_children;
            ELSE
                SET rv = CONCAT(rv,',',queue_children);
            END IF;
            IF LENGTH(queue) = 0 THEN
                SET queue = queue_children;
            ELSE
                SET queue = CONCAT(queue,',',queue_children);
            END IF;
            SET queue_length = LENGTH(queue) - LENGTH(REPLACE(queue,',','')) + 1;
        END IF;
    END WHILE;
        
	set @cnt := (SELECT count(*) FROM org_group_faculty WHERE deleted_at IS NULL AND org_group_id IN (rv));
        
    RETURN @cnt;
END ;;
DELIMITER ;
/*!50003 SET sql_mode              = @saved_sql_mode */ ;
/*!50003 SET character_set_client  = @saved_cs_client */ ;
/*!50003 SET character_set_results = @saved_cs_results */ ;
/*!50003 SET collation_connection  = @saved_col_connection */ ;
/*!50003 DROP FUNCTION IF EXISTS `get_most_recent_ISQ` */;
/*!50003 SET @saved_cs_client      = @@character_set_client */ ;
/*!50003 SET @saved_cs_results     = @@character_set_results */ ;
/*!50003 SET @saved_col_connection = @@collation_connection */ ;
/*!50003 SET character_set_client  = utf8 */ ;
/*!50003 SET character_set_results = utf8 */ ;
/*!50003 SET collation_connection  = utf8_general_ci */ ;
/*!50003 SET @saved_sql_mode       = @@sql_mode */ ;
/*!50003 SET sql_mode              = 'STRICT_TRANS_TABLES,NO_ENGINE_SUBSTITUTION' */ ;
DELIMITER ;;
CREATE DEFINER=`root`@`localhost` FUNCTION `get_most_recent_ISQ`(the_org_id INT, the_person_id INT, the_survey_id INT) RETURNS int(11)
    READS SQL DATA
    DETERMINISTIC
    SQL SECURITY INVOKER
BEGIN
            
            RETURN  (SELECT org_question_id 
                FROM org_question_response oqr
                WHERE
                (oqr.org_id, oqr.person_id, oqr.survey_id)
                = (the_org_id, the_person_id, the_survey_id)
                ORDER BY modified_at DESC
                LIMIT 1);
        END ;;
DELIMITER ;
/*!50003 SET sql_mode              = @saved_sql_mode */ ;
/*!50003 SET character_set_client  = @saved_cs_client */ ;
/*!50003 SET character_set_results = @saved_cs_results */ ;
/*!50003 SET collation_connection  = @saved_col_connection */ ;
/*!50003 DROP FUNCTION IF EXISTS `get_most_recent_survey` */;
/*!50003 SET @saved_cs_client      = @@character_set_client */ ;
/*!50003 SET @saved_cs_results     = @@character_set_results */ ;
/*!50003 SET @saved_col_connection = @@collation_connection */ ;
/*!50003 SET character_set_client  = utf8 */ ;
/*!50003 SET character_set_results = utf8 */ ;
/*!50003 SET collation_connection  = utf8_general_ci */ ;
/*!50003 SET @saved_sql_mode       = @@sql_mode */ ;
/*!50003 SET sql_mode              = 'STRICT_TRANS_TABLES,NO_ENGINE_SUBSTITUTION' */ ;
DELIMITER ;;
CREATE DEFINER=`root`@`localhost` FUNCTION `get_most_recent_survey`(the_org_id INT, the_person_id INT) RETURNS int(11)
    READS SQL DATA
    DETERMINISTIC
    SQL SECURITY INVOKER
BEGIN 
           
            RETURN  (SELECT survey_id 
                FROM survey_response sr
                WHERE
                (sr.org_id, sr.person_id)
                = (the_org_id, the_person_id)
                ORDER BY modified_at DESC
                LIMIT 1);
            END ;;
DELIMITER ;
/*!50003 SET sql_mode              = @saved_sql_mode */ ;
/*!50003 SET character_set_client  = @saved_cs_client */ ;
/*!50003 SET character_set_results = @saved_cs_results */ ;
/*!50003 SET collation_connection  = @saved_col_connection */ ;
/*!50003 DROP FUNCTION IF EXISTS `get_most_recent_survey_ISQ` */;
/*!50003 SET @saved_cs_client      = @@character_set_client */ ;
/*!50003 SET @saved_cs_results     = @@character_set_results */ ;
/*!50003 SET @saved_col_connection = @@collation_connection */ ;
/*!50003 SET character_set_client  = utf8 */ ;
/*!50003 SET character_set_results = utf8 */ ;
/*!50003 SET collation_connection  = utf8_general_ci */ ;
/*!50003 SET @saved_sql_mode       = @@sql_mode */ ;
/*!50003 SET sql_mode              = 'STRICT_TRANS_TABLES,NO_ENGINE_SUBSTITUTION' */ ;
DELIMITER ;;
CREATE DEFINER=`root`@`localhost` FUNCTION `get_most_recent_survey_ISQ`(the_org_id INT, the_person_id INT) RETURNS int(11)
    READS SQL DATA
    DETERMINISTIC
    SQL SECURITY INVOKER
BEGIN
            
            RETURN  (SELECT survey_id 
                FROM org_question_response oqr
                WHERE
                (oqr.org_id, oqr.person_id)
                = (the_org_id, the_person_id)
                ORDER BY modified_at DESC
                LIMIT 1);
        END ;;
DELIMITER ;
/*!50003 SET sql_mode              = @saved_sql_mode */ ;
/*!50003 SET character_set_client  = @saved_cs_client */ ;
/*!50003 SET character_set_results = @saved_cs_results */ ;
/*!50003 SET collation_connection  = @saved_col_connection */ ;
/*!50003 DROP FUNCTION IF EXISTS `get_most_recent_survey_question` */;
/*!50003 SET @saved_cs_client      = @@character_set_client */ ;
/*!50003 SET @saved_cs_results     = @@character_set_results */ ;
/*!50003 SET @saved_col_connection = @@collation_connection */ ;
/*!50003 SET character_set_client  = utf8 */ ;
/*!50003 SET character_set_results = utf8 */ ;
/*!50003 SET collation_connection  = utf8_general_ci */ ;
/*!50003 SET @saved_sql_mode       = @@sql_mode */ ;
/*!50003 SET sql_mode              = 'STRICT_TRANS_TABLES,NO_ENGINE_SUBSTITUTION' */ ;
DELIMITER ;;
CREATE DEFINER=`root`@`localhost` FUNCTION `get_most_recent_survey_question`(the_org_id INT, the_person_id INT, the_survey_id INT) RETURNS int(11)
    READS SQL DATA
    DETERMINISTIC
    SQL SECURITY INVOKER
BEGIN

            RETURN  (SELECT survey_questions_id 
                FROM survey_response sr
                WHERE
                (sr.org_id, sr.person_id, sr.survey_id)
                = (the_org_id, the_person_id, the_survey_id)
                ORDER BY modified_at DESC
                LIMIT 1);
         END ;;
DELIMITER ;
/*!50003 SET sql_mode              = @saved_sql_mode */ ;
/*!50003 SET character_set_client  = @saved_cs_client */ ;
/*!50003 SET character_set_results = @saved_cs_results */ ;
/*!50003 SET collation_connection  = @saved_col_connection */ ;
/*!50003 DROP FUNCTION IF EXISTS `risk_score_aggregated_RV` */;
/*!50003 SET @saved_cs_client      = @@character_set_client */ ;
/*!50003 SET @saved_cs_results     = @@character_set_results */ ;
/*!50003 SET @saved_col_connection = @@collation_connection */ ;
/*!50003 SET character_set_client  = utf8 */ ;
/*!50003 SET character_set_results = utf8 */ ;
/*!50003 SET collation_connection  = utf8_general_ci */ ;
/*!50003 SET @saved_sql_mode       = @@sql_mode */ ;
/*!50003 SET sql_mode              = '' */ ;
DELIMITER ;;
CREATE DEFINER=`synapsemaster`@`%` FUNCTION `RISK_SCORE_AGGREGATED_RV`(the_org_id INT, the_person_id INT, the_RV_id INT, agg_type VARCHAR(32), the_start_date DATETIME, the_end_date DATETIME) RETURNS varchar(255) CHARSET utf8
    READS SQL DATA
    DETERMINISTIC
    SQL SECURITY INVOKER
BEGIN  
        #--Optimization (use the last value generated if it matches parameters)
            IF(the_org_id=@cache_RSaggRV_org_id AND the_person_id=@cache_RSaggRV_person_id AND the_RV_id=@cache_RSaggRV_RV_id AND @cache_RSaggRV_ts=NOW(6)+0) THEN
                RETURN @cache_RSaggRV_ret;
            END IF;
            SET @cache_RSaggRV_org_id=the_org_id, @cache_RSaggRV_person_id=the_person_id, @cache_RSaggRV_RV_id=the_RV_id, @cache_RSaggRV_ts=NOW(6)+0;
            #--SET @cache_miss=@cache_miss+1;
        
        IF(agg_type IS NULL) THEN
            SET @cache_RSaggRV_ret=(
                SELECT RD.source_value AS calculated_value
                FROM org_person_riskvariable_datum AS RD
                WHERE
                    RD.org_id=the_org_id 
                    AND RD.person_id=the_person_id 
                    AND RD.risk_variable_id=the_RV_id
                ORDER BY modified_at DESC, created_at DESC
                LIMIT 1
            );
        ELSEIF(agg_type='Sum') THEN
            SET @cache_RSaggRV_ret=(
                SELECT SUM(RD.source_value) AS calculated_value
                FROM org_person_riskvariable_datum AS RD
                WHERE
                    RD.org_id=the_org_id 
                    AND RD.person_id=the_person_id 
                    AND RD.risk_variable_id=the_RV_id
                GROUP BY RD.person_id, RD.risk_variable_id 
                #LIMIT 1
            );
        ELSEIF(agg_type='Count') THEN
            SET @cache_RSaggRV_ret=(
                SELECT COUNT(RD.source_value) AS calculated_value
                FROM org_person_riskvariable_datum AS RD
                WHERE
                    RD.org_id=the_org_id 
                    AND RD.person_id=the_person_id 
                    AND RD.risk_variable_id=the_RV_id
                GROUP BY RD.person_id, RD.risk_variable_id 
                #LIMIT 1
            );
        ELSEIF(agg_type='Average') THEN
            SET @cache_RSaggRV_ret=(
                SELECT AVG(RD.source_value) AS calculated_value
                FROM org_person_riskvariable_datum AS RD
                WHERE
                    RD.org_id=the_org_id 
                    AND RD.person_id=the_person_id 
                    AND RD.risk_variable_id=the_RV_id
                GROUP BY RD.person_id, RD.risk_variable_id 
                #LIMIT 1
            );
        ELSEIF(agg_type='Most Recent') THEN
            
            SET @cache_RSaggRV_ret= (SELECT step.source_value AS calculated_value FROM (
                    SELECT RD.source_value, COALESCE(oat.end_date, oay.end_date) as end_date,
                    COALESCE(DATEDIFF(oat.end_date, oat.start_date), DATEDIFF(oay.end_date, oay.start_date)) as length, RD.modified_at, RD.created_at
                    FROM org_person_riskvariable_datum AS RD
                    LEFT JOIN org_academic_year oay ON oay.id = RD.org_academic_year_id
                    LEFT JOIN org_academic_terms oat ON oat.id = RD.org_academic_terms_id
                    WHERE
                        RD.org_id=the_org_id 
                        AND RD.person_id=the_person_id 
                        AND RD.risk_variable_id=the_RV_id
                        AND (
                        (oay.id is null AND oat.id is null) OR
                        ((oat.end_date BETWEEN the_start_date AND the_end_date) AND RD.scope = 'T') OR
                        ((oay.end_date BETWEEN the_start_date AND the_end_date) AND RD.scope = 'Y')
                        )) as step
                    ORDER BY step.end_date DESC, step.length DESC, step.modified_at DESC, step.created_at DESC
                    LIMIT 1);
        ELSEIF(agg_type='Academic Update') THEN
            SET @cache_RSaggRV_ret=(
                #--TODO: resolve created_at vs. modified_at to audit/time-series dimensions
                SELECT COUNT(*) AS calculated_value
                FROM (
                    SELECT DISTINCT au.org_courses_id, au.failure_risk_level, au.grade
                    FROM academic_update AS au
                    INNER JOIN (
                        SELECT au_in.org_courses_id, au_in.org_id, au_in.person_id_student, max(au_in.modified_at) as modified_at
                        FROM academic_update AS au_in
                        INNER JOIN org_person_riskvariable AS RD
                            ON (RD.org_id,  RD.person_id) 
                            = (au_in.org_id, au_in.person_id_student)
                        LEFT JOIN risk_variable AS RV
                            ON RV.id=RD.risk_variable_id
                        WHERE 
                            RD.risk_variable_id = the_RV_id
                            AND (au_in.org_id,  au_in.person_id_student)
                                = (the_org_id,  the_person_id)
                            AND (au_in.failure_risk_level IS NOT NULL OR au_in.grade IS NOT NULL)
                            AND au_in.modified_at BETWEEN RV.calculation_start_date and RV.calculation_end_date
                        GROUP BY au_in.org_courses_id
                    ) AS au_mid
                        ON au.org_courses_id = au_mid.org_courses_id
                        AND au.modified_at = au_mid.modified_at
                        AND (au_mid.org_id, au_mid.person_id_student)
                            = (au.org_id,   au.person_id_student)
                ) AS most_recent
                WHERE upper(failure_risk_level)='HIGH' OR upper(grade) IN ('D','F','F/No Pass')
            );

        ELSE 
            SET @cache_RSaggRV_ret=NULL;
        END IF;
        
        RETURN @cache_RSaggRV_ret;
    END ;;
DELIMITER ;
/*!50003 SET sql_mode              = @saved_sql_mode */ ;
/*!50003 SET character_set_client  = @saved_cs_client */ ;
/*!50003 SET character_set_results = @saved_cs_results */ ;
/*!50003 SET collation_connection  = @saved_col_connection */ ;
/*!50003 DROP FUNCTION IF EXISTS `RS_denominator` */;
/*!50003 SET @saved_cs_client      = @@character_set_client */ ;
/*!50003 SET @saved_cs_results     = @@character_set_results */ ;
/*!50003 SET @saved_col_connection = @@collation_connection */ ;
/*!50003 SET character_set_client  = utf8 */ ;
/*!50003 SET character_set_results = utf8 */ ;
/*!50003 SET collation_connection  = utf8_general_ci */ ;
/*!50003 SET @saved_sql_mode       = @@sql_mode */ ;
/*!50003 SET sql_mode              = 'STRICT_TRANS_TABLES,NO_ENGINE_SUBSTITUTION' */ ;
DELIMITER ;;
CREATE DEFINER=`root`@`localhost` FUNCTION `RS_denominator`(the_org_id INT, the_group_id INT, the_person_id INT) RETURNS decimal(18,9)
    READS SQL DATA
    DETERMINISTIC
    SQL SECURITY INVOKER
BEGIN  
	DECLARE RShitormiss BOOL;
	
		SET RShitormiss=RS_setcache(the_org_id, the_group_id, the_person_id);
    
		RETURN @cache_RSdenom_ret;
END ;;
DELIMITER ;
/*!50003 SET sql_mode              = @saved_sql_mode */ ;
/*!50003 SET character_set_client  = @saved_cs_client */ ;
/*!50003 SET character_set_results = @saved_cs_results */ ;
/*!50003 SET collation_connection  = @saved_col_connection */ ;
/*!50003 DROP FUNCTION IF EXISTS `RS_numerator` */;
/*!50003 SET @saved_cs_client      = @@character_set_client */ ;
/*!50003 SET @saved_cs_results     = @@character_set_results */ ;
/*!50003 SET @saved_col_connection = @@collation_connection */ ;
/*!50003 SET character_set_client  = utf8 */ ;
/*!50003 SET character_set_results = utf8 */ ;
/*!50003 SET collation_connection  = utf8_general_ci */ ;
/*!50003 SET @saved_sql_mode       = @@sql_mode */ ;
/*!50003 SET sql_mode              = 'STRICT_TRANS_TABLES,NO_ENGINE_SUBSTITUTION' */ ;
DELIMITER ;;
CREATE DEFINER=`root`@`localhost` FUNCTION `RS_numerator`(the_org_id INT, the_group_id INT, the_person_id INT) RETURNS decimal(18,9)
    READS SQL DATA
    DETERMINISTIC
    SQL SECURITY INVOKER
BEGIN  
	DECLARE RShitormiss BOOL;
	
		SET RShitormiss=RS_setcache(the_org_id, the_group_id, the_person_id);
	
		RETURN @cache_RSnumer_ret;
END ;;
DELIMITER ;
/*!50003 SET sql_mode              = @saved_sql_mode */ ;
/*!50003 SET character_set_client  = @saved_cs_client */ ;
/*!50003 SET character_set_results = @saved_cs_results */ ;
/*!50003 SET collation_connection  = @saved_col_connection */ ;
/*!50003 DROP FUNCTION IF EXISTS `RS_setcache` */;
/*!50003 SET @saved_cs_client      = @@character_set_client */ ;
/*!50003 SET @saved_cs_results     = @@character_set_results */ ;
/*!50003 SET @saved_col_connection = @@collation_connection */ ;
/*!50003 SET character_set_client  = utf8 */ ;
/*!50003 SET character_set_results = utf8 */ ;
/*!50003 SET collation_connection  = utf8_general_ci */ ;
/*!50003 SET @saved_sql_mode       = @@sql_mode */ ;
/*!50003 SET sql_mode              = 'STRICT_TRANS_TABLES,NO_ENGINE_SUBSTITUTION' */ ;
DELIMITER ;;
CREATE DEFINER=`root`@`localhost` FUNCTION `RS_setcache`(the_org_id INT, the_group_id INT, the_person_id INT) RETURNS tinyint(1)
    READS SQL DATA
    DETERMINISTIC
    SQL SECURITY INVOKER
BEGIN  

	
		IF(the_person_id=@cache_RS_person_id AND the_org_id=@cache_RS_org_id AND the_group_id=@cache_RS_group_id AND @cache_RS_ts=NOW(6)+0) THEN
			RETURN TRUE;
		END IF;
		SET @cache_RS_person_id=the_person_id, @cache_RS_org_id=the_org_id, @cache_RS_group_id=the_group_id, @cache_RS_ts=NOW(6)+0;

		SELECT SUM(bucket_value*weight),  SUM(weight)
        INTO @cache_RSnumer_ret, @cache_RSdenom_ret
        FROM org_calculated_risk_variables_view 
        WHERE 
			org_id=the_org_id
            AND risk_group_id=the_group_id
            AND person_id=the_person_id
		;
	RETURN FALSE;
END ;;
DELIMITER ;
/*!50003 SET sql_mode              = @saved_sql_mode */ ;
/*!50003 SET character_set_client  = @saved_cs_client */ ;
/*!50003 SET character_set_results = @saved_cs_results */ ;
/*!50003 SET collation_connection  = @saved_col_connection */ ;
/*!50003 DROP FUNCTION IF EXISTS `safe_index_builder` */;
/*!50003 SET @saved_cs_client      = @@character_set_client */ ;
/*!50003 SET @saved_cs_results     = @@character_set_results */ ;
/*!50003 SET @saved_col_connection = @@collation_connection */ ;
/*!50003 SET character_set_client  = utf8 */ ;
/*!50003 SET character_set_results = utf8 */ ;
/*!50003 SET collation_connection  = utf8_general_ci */ ;
/*!50003 SET @saved_sql_mode       = @@sql_mode */ ;
/*!50003 SET sql_mode              = '' */ ;
DELIMITER ;;
CREATE DEFINER=`synapsemaster`@`%` FUNCTION `safe_index_builder`(tName varchar(255), theIndex varchar(255), theColumns varchar(255), isAdd bool, isUnique bool, setIgnore bool) RETURNS varchar(255) CHARSET latin1
    READS SQL DATA
    DETERMINISTIC
    SQL SECURITY INVOKER
BEGIN
			SET @SQLreturn = '';
	        SET @indexExists = false;
	        SET @sIgnore = '';
	        SET @unq = '';
	        SET @REGEX = 'DROP |;|DELETE |ALTER |CREATE |DISABLE |ENABLE |TRUNCATE |UPDATE |MERGE |INSERT |FROM |SELECT |[/*#]|--|UNION ';
            
	        IF (select tNAME REGEXP @REGEX) OR (select theIndex REGEXP @REGEX) OR (select theColumns REGEXP @REGEX) THEN
				return @SQLreturn;
            END IF;

				IF setIgnore THEN
					SET @sIgnore = 'IGNORE ';
	            END IF;
	            
	            IF isUnique THEN
					SET @unq = 'UNIQUE ';
	            END IF;
	        
	        	IF (SELECT 1 FROM information_schema.statistics WHERE `table_schema` =  DATABASE() AND `table_name` = tName AND `index_name` = theIndex LIMIT 1) THEN
	                    SET @indexExists = true;
				ELSE     
						SET @indexExists = false;
				END IF;
	            
	            
	            IF (isAdd AND @indexExists) THEN 
					SET @SQLreturn = CONCAT('ALTER ', @sIgnore, 'TABLE `', DATABASE(), '`.`', tName, '` DROP INDEX `',  theIndex, '`, ','ADD ', @unq, 'INDEX `', theIndex, '` ', theColumns, ';');
	            ELSEIF (isAdd AND !@indexExists) THEN
					SET @SQLreturn = CONCAT('ALTER ', @sIgnore, 'TABLE `', DATABASE(), '`.`', tName, '` ADD ', @unq ,'INDEX `', theIndex, '` ', theColumns, ';');
	            ELSEIF (!isAdd AND @indexExists) then
					SET @SQLreturn = CONCAT('ALTER ', @sIgnore, 'TABLE `', DATABASE(), '`.`', tName, '` DROP INDEX `',  theIndex, '`;');
	            ELSE
					SET @SQLreturn = '';
	            END IF;
	                    
				RETURN @SQLreturn;
       
        END ;;
DELIMITER ;
/*!50003 SET sql_mode              = @saved_sql_mode */ ;
/*!50003 SET character_set_client  = @saved_cs_client */ ;
/*!50003 SET character_set_results = @saved_cs_results */ ;
/*!50003 SET collation_connection  = @saved_col_connection */ ;
/*!50003 DROP PROCEDURE IF EXISTS `Factor_Calc` */;
/*!50003 SET @saved_cs_client      = @@character_set_client */ ;
/*!50003 SET @saved_cs_results     = @@character_set_results */ ;
/*!50003 SET @saved_col_connection = @@collation_connection */ ;
/*!50003 SET character_set_client  = utf8 */ ;
/*!50003 SET character_set_results = utf8 */ ;
/*!50003 SET collation_connection  = utf8_general_ci */ ;
/*!50003 SET @saved_sql_mode       = @@sql_mode */ ;
/*!50003 SET sql_mode              = 'STRICT_TRANS_TABLES,NO_ENGINE_SUBSTITUTION' */ ;
DELIMITER ;;
CREATE DEFINER=`synapsemaster`@`%` PROCEDURE `Factor_Calc`(deadline TIMESTAMP, chunksize SMALLINT UNSIGNED)
BEGIN
       
        
        DECLARE the_ts TIMESTAMP;
        SET TRANSACTION ISOLATION LEVEL READ UNCOMMITTED;
        
        if (SELECT 1 from synapse.risk_calc_tracking_table LIMIT 1) > 0 then
            SET @lastupdate = (select max(last_update_ts) from synapse.risk_calc_tracking_table);
            SET @lastupdateISQ = (select max(last_update_ts) from synapse.risk_calc_tracking_table_ISQ);
        else
            SET @lastupdate = '1900-01-01 00:00:00';
            SET @lastupdateISQ = '1900-01-01 00:00:00';
        end if;
        
        INSERT IGNORE INTO synapse.risk_calc_tracking_table(org_id, person_id, survey_id)
        (select org_id, person_id, survey_id from synapse.survey_response
        where synapse.survey_response.modified_at > @lastupdate
        GROUP BY org_id, person_id, survey_id);
        
        SET @maxMod = (select max(modified_at) from synapse.survey_response);
        
        update synapse.risk_calc_tracking_table set most_recent_survey_question_id = get_most_recent_survey_question(org_id, person_id, survey_id),
        last_update_ts=@maxMod where last_update_ts<@maxMod or last_update_ts is null
        ;
    
        update org_calc_flags_factor f INNER JOIN synapse.risk_calc_tracking_table rctt 
        ON rctt.org_id = f.org_id AND rctt.person_id = f.person_id 
        AND (rctt.most_recent_survey_question_id <> rctt.last_seen_survey_question_id OR 
        rctt.last_seen_survey_question_id is null)
        SET rctt.last_seen_survey_question_id = rctt.most_recent_survey_question_id,
        f.calculated_at = null, f.modified_at = CURRENT_TIMESTAMP();
        
        DELETE rctt FROM synapse.risk_calc_tracking_table rctt INNER JOIN org_person_student_survey_link opssl 
        On rctt.org_id = opssl.org_id and rctt.person_id = opssl.person_id and rctt.survey_id = opssl.survey_id
        where opssl.survey_completion_status = 'CompletedAll';

        INSERT IGNORE INTO synapse.risk_calc_tracking_table_ISQ(org_id, person_id, survey_id)
        (select org_id, person_id, survey_id from synapse.org_question_response
        where synapse.org_question_response.modified_at > @lastupdateISQ
        GROUP BY org_id, person_id, survey_id);
        
        SET @maxISQ = (select max(modified_at) from synapse.org_question_response);
        
        update synapse.risk_calc_tracking_table_ISQ set most_recent_org_question_id = get_most_recent_ISQ(org_id, person_id, survey_id),
        last_update_ts=@maxISQ where last_update_ts<@maxISQ or last_update_ts is null;
        
        UPDATE org_calc_flags_risk r
        INNER JOIN
        synapse.risk_calc_tracking_table_ISQ rctt ON rctt.org_id = r.org_id
        AND rctt.person_id = r.person_id
        AND (rctt.most_recent_org_question_id <> rctt.last_seen_org_question_id
        OR rctt.last_seen_org_question_id IS NULL) 
        SET 
        rctt.last_seen_org_question_id = rctt.most_recent_org_question_id,
        r.calculated_at = NULL,
        r.modified_at = CURRENT_TIMESTAMP();
        
        DELETE rctt FROM synapse.risk_calc_tracking_table_ISQ rctt INNER JOIN org_person_student_survey_link opssl 
        On rctt.org_id = opssl.org_id and rctt.person_id = opssl.person_id and rctt.survey_id = opssl.survey_id
        where opssl.survey_completion_status = 'CompletedAll';
        
         WHILE(
                NOW() < deadline
                AND (SELECT 1 FROM org_calc_flags_factor WHERE calculated_at IS NULL LIMIT 1) > 0
            ) DO
                SET the_ts=NOW(); 

       
        
              UPDATE org_calc_flags_factor
                SET calculated_at=the_ts
                WHERE calculated_at IS NULL
                ORDER BY modified_at ASC
                LIMIT chunksize;
      
        REPLACE INTO person_factor_calculated(organization_id, person_id, factor_id, survey_id, mean_value, created_at, modified_at)
       select straight_join
        svr.org_id,
        svr.person_id,
        fq.factor_id,
        svr.survey_id,
        avg(svr.decimal_value) as mean_value,
        the_ts,
        the_ts
        FROM org_calc_flags_factor ofc
        INNER JOIN survey_response AS svr
        ON (svr.org_id, svr.person_id)
        = (ofc.org_id, ofc.person_id
        )
        inner join survey_questions svq
        ON svq.id=svr.survey_questions_id
        inner join factor_questions fq
        ON fq.ebi_question_id=svq.ebi_question_id
        WHERE
        factor_id IS NOT NULL
        AND svr.survey_id =
        GET_MOST_RECENT_SURVEY(svr.org_id, svr.person_id)
        AND ofc.calculated_at = the_ts
        AND FLOOR(svr.decimal_value) != 99
        group by svr.org_id, svr.person_id, fq.factor_id, svr.survey_id;
        
        
        update org_calc_flags_success_marker sm 
        INNER JOIN org_calc_flags_factor off ON off.org_id = sm.org_id AND off.person_id = sm.person_id
        set sm.calculated_at= NULL,
        sm.modified_at = the_ts
        WHERE off.calculated_at = the_ts;

        update org_calc_flags_talking_point tp
        INNER JOIN org_calc_flags_factor off ON off.org_id = tp.org_id AND off.person_id = tp.person_id
        set tp.calculated_at= NULL,
        tp.modified_at = the_ts
        WHERE off.calculated_at = the_ts;

        update org_calc_flags_risk fr
        INNER JOIN org_calc_flags_factor off ON off.org_id = fr.org_id AND off.person_id = fr.person_id
        set fr.calculated_at= NULL,
        fr.modified_at = the_ts 
        WHERE off.calculated_at = the_ts;

        insert into org_calc_flags_student_reports(org_id, person_id, created_at, modified_at, calculated_at)
        SELECT off.org_id, off.person_id, the_ts, the_ts, NULL FROM org_calc_flags_factor off 
        INNER JOIN org_person_student_survey_link opssl 
        ON opssl.org_id = off.org_id 
        AND opssl.person_id = off.person_id
        WHERE off.calculated_at = the_ts
        GROUP BY off.org_id, off.person_id;
       
        
        update org_calc_flags_factor f 
        INNER JOIN (select straight_join svr.org_id,svr.person_id
        FROM org_calc_flags_factor ofc
        INNER JOIN survey_response AS svr
        ON (svr.org_id, svr.person_id)
        = (ofc.org_id, ofc.person_id
        )
        inner join survey_questions svq
        ON svq.id=svr.survey_questions_id
        inner join factor_questions fq
        ON fq.ebi_question_id=svq.ebi_question_id
        WHERE
        factor_id IS NOT NULL
        AND ofc.calculated_at = the_ts
        AND FLOOR(svr.decimal_value) != 99) as calc On calc.org_id = f.org_id AND calc.person_id = f.person_id
        SET calculated_at = the_ts, modified_at = the_ts;

    
        
        update org_calc_flags_factor off 
        SET off.calculated_at = '1900-01-01 00:00:00', off.modified_at = the_ts
        WHERE off.calculated_at = the_ts AND off.modified_at <> off.calculated_at;
        
       
        END WHILE;
        END ;;
DELIMITER ;
/*!50003 SET sql_mode              = @saved_sql_mode */ ;
/*!50003 SET character_set_client  = @saved_cs_client */ ;
/*!50003 SET character_set_results = @saved_cs_results */ ;
/*!50003 SET collation_connection  = @saved_col_connection */ ;
/*!50003 DROP PROCEDURE IF EXISTS `fix_datum_src_ts` */;
/*!50003 SET @saved_cs_client      = @@character_set_client */ ;
/*!50003 SET @saved_cs_results     = @@character_set_results */ ;
/*!50003 SET @saved_col_connection = @@collation_connection */ ;
/*!50003 SET character_set_client  = utf8 */ ;
/*!50003 SET character_set_results = utf8 */ ;
/*!50003 SET collation_connection  = utf8_general_ci */ ;
/*!50003 SET @saved_sql_mode       = @@sql_mode */ ;
/*!50003 SET sql_mode              = 'STRICT_TRANS_TABLES,NO_ENGINE_SUBSTITUTION' */ ;
DELIMITER ;;
CREATE DEFINER=`root`@`localhost` PROCEDURE `fix_datum_src_ts`()
    DETERMINISTIC
    SQL SECURITY INVOKER
BEGIN
            UPDATE survey_response
            SET created_at = modified_at
            WHERE created_at IS NULL;
            
            UPDATE org_question_response
            SET created_at = modified_at
            WHERE created_at IS NULL;
        END ;;
DELIMITER ;
/*!50003 SET sql_mode              = @saved_sql_mode */ ;
/*!50003 SET character_set_client  = @saved_cs_client */ ;
/*!50003 SET character_set_results = @saved_cs_results */ ;
/*!50003 SET collation_connection  = @saved_col_connection */ ;
/*!50003 DROP PROCEDURE IF EXISTS `Intent_Leave_Calc` */;
/*!50003 SET @saved_cs_client      = @@character_set_client */ ;
/*!50003 SET @saved_cs_results     = @@character_set_results */ ;
/*!50003 SET @saved_col_connection = @@collation_connection */ ;
/*!50003 SET character_set_client  = utf8 */ ;
/*!50003 SET character_set_results = utf8 */ ;
/*!50003 SET collation_connection  = utf8_general_ci */ ;
/*!50003 SET @saved_sql_mode       = @@sql_mode */ ;
/*!50003 SET sql_mode              = 'STRICT_TRANS_TABLES,NO_ENGINE_SUBSTITUTION' */ ;
DELIMITER ;;
CREATE DEFINER=`synapsemaster`@`%` PROCEDURE `Intent_Leave_Calc`()
BEGIN
        
                        
            SET TRANSACTION ISOLATION LEVEL READ UNCOMMITTED;
            update person p
            join
            (
               select
               sr.person_id, sr.decimal_value, sr.org_id, sr.modified_at
               from survey_response sr
               join survey_questions sq on sr.survey_questions_id = sq.id
               where sq.qnbr = 4
               AND sr.modified_at =
               (
                  SELECT
                  MAX(modified_at)
                  FROM survey_response AS SRin
                  WHERE SRin.survey_questions_id = sr.survey_questions_id
                  AND SRin.person_id = sr.person_id
                  AND SRin.org_id = sr.org_id
               )
            )
            as person_intent_to_leave_value on p.id = person_intent_to_leave_value.person_id
            join org_person_student ops on ops.person_id = p.id
            and ops.organization_id = person_intent_to_leave_value.org_id
            join intent_to_leave itl ON person_intent_to_leave_value.decimal_value BETWEEN itl.min_value
            AND itl.max_value 
            set p.intent_to_leave = itl.id, p.intent_to_leave_update_date = person_intent_to_leave_value.modified_at;
            
            Call `Intent_Leave_Null_Fixer`();

            END ;;
DELIMITER ;
/*!50003 SET sql_mode              = @saved_sql_mode */ ;
/*!50003 SET character_set_client  = @saved_cs_client */ ;
/*!50003 SET character_set_results = @saved_cs_results */ ;
/*!50003 SET collation_connection  = @saved_col_connection */ ;
/*!50003 DROP PROCEDURE IF EXISTS `Intent_Leave_Null_Fixer` */;
/*!50003 SET @saved_cs_client      = @@character_set_client */ ;
/*!50003 SET @saved_cs_results     = @@character_set_results */ ;
/*!50003 SET @saved_col_connection = @@collation_connection */ ;
/*!50003 SET character_set_client  = utf8 */ ;
/*!50003 SET character_set_results = utf8 */ ;
/*!50003 SET collation_connection  = utf8_general_ci */ ;
/*!50003 SET @saved_sql_mode       = @@sql_mode */ ;
/*!50003 SET sql_mode              = 'STRICT_TRANS_TABLES,NO_ENGINE_SUBSTITUTION' */ ;
DELIMITER ;;
CREATE DEFINER=`synapsemaster`@`%` PROCEDURE `Intent_Leave_Null_Fixer`()
BEGIN
 
          WHILE (select 1 from person p INNER JOIN org_person_student ops On p.organization_id = ops.organization_id AND p.id = ops.person_id where intent_to_leave is null LIMIT 1) = 1 DO
          update person as per INNER JOIN (select p.id as person_id FROM person p INNER JOIN org_person_student ops 
            On p.organization_id = ops.organization_id AND p.id = ops.person_id where p.intent_to_leave is null ORDER BY p.id LIMIT 1000) as t On per.id = t.person_id  SET per.intent_to_leave = 5, per.intent_to_leave_update_date = CURRENT_TIMESTAMP();
            
          END WHILE;


        END ;;
DELIMITER ;
/*!50003 SET sql_mode              = @saved_sql_mode */ ;
/*!50003 SET character_set_client  = @saved_cs_client */ ;
/*!50003 SET character_set_results = @saved_cs_results */ ;
/*!50003 SET collation_connection  = @saved_col_connection */ ;
/*!50003 DROP PROCEDURE IF EXISTS `isq_data_transfer` */;
/*!50003 SET @saved_cs_client      = @@character_set_client */ ;
/*!50003 SET @saved_cs_results     = @@character_set_results */ ;
/*!50003 SET @saved_col_connection = @@collation_connection */ ;
/*!50003 SET character_set_client  = utf8 */ ;
/*!50003 SET character_set_results = utf8 */ ;
/*!50003 SET collation_connection  = utf8_general_ci */ ;
/*!50003 SET @saved_sql_mode       = @@sql_mode */ ;
/*!50003 SET sql_mode              = '' */ ;
DELIMITER ;;
CREATE DEFINER=`synapsemaster`@`%` PROCEDURE `isq_data_transfer`()
BEGIN
                        INSERT IGNORE INTO synapse.org_question_response
                        (org_id,
                        person_id,
                        survey_id,
                        org_academic_year_id,
                        org_academic_terms_id,
                        org_question_id,
                        modified_at,
                        response_type,
                        decimal_value,
                        char_value,
                        charmax_value,
                        multi_response_id,
                        org_question_options_id)
                        (SELECT
                        org_id,
                        person_id,
                        survey_id,
                        org_academic_year_id,
                        org_academic_terms_id,
                        org_question_id,
                        modified_at,
                        response_type,
                        decimal_value,
                        char_value,
                        charmax_value,
                        multi_response_id,
                        org_question_options_id
                        FROM etldata.org_question_response WHERE modified_at >= (SELECT MAX(modified_at) FROM synapse.org_question_response));

                        UPDATE synapse.org_question_response oqr
                        JOIN etldata.org_question_response eoqr ON
                        (oqr.person_id, oqr.org_id, oqr.survey_id, oqr.org_question_id, oqr.multi_response_id) =
                        (eoqr.person_id, eoqr.org_id, eoqr.survey_id, eoqr.org_question_id, eoqr.multi_response_id)
                        SET
                        oqr.decimal_value = eoqr.decimal_value,
                        oqr.char_value = eoqr.char_value,
                        oqr.charmax_value = eoqr.charmax_value,
                        oqr.modified_at = NOW()
                        WHERE (oqr.decimal_value <> eoqr.decimal_value OR
                        oqr.char_value <> eoqr.char_value OR
                        oqr.charmax_value <> eoqr.charmax_value )
                        AND oqr.modified_at < eoqr.modified_at
                         AND eoqr.modified_at > (SELECT MAX(last_update_ts) FROM etldata.last_response_update LIMIT 1);

                        END ;;
DELIMITER ;
/*!50003 SET sql_mode              = @saved_sql_mode */ ;
/*!50003 SET character_set_client  = @saved_cs_client */ ;
/*!50003 SET character_set_results = @saved_cs_results */ ;
/*!50003 SET collation_connection  = @saved_col_connection */ ;
/*!50003 DROP PROCEDURE IF EXISTS `IssueCalcTempTables` */;
/*!50003 SET @saved_cs_client      = @@character_set_client */ ;
/*!50003 SET @saved_cs_results     = @@character_set_results */ ;
/*!50003 SET @saved_col_connection = @@collation_connection */ ;
/*!50003 SET character_set_client  = utf8 */ ;
/*!50003 SET character_set_results = utf8 */ ;
/*!50003 SET collation_connection  = utf8_general_ci */ ;
/*!50003 SET @saved_sql_mode       = @@sql_mode */ ;
/*!50003 SET sql_mode              = 'STRICT_TRANS_TABLES,NO_ENGINE_SUBSTITUTION' */ ;
DELIMITER ;;
CREATE DEFINER=`root`@`localhost` PROCEDURE `IssueCalcTempTables`()
BEGIN
DROP TABLE IF EXISTS issues_temp_calc_perm;
CREATE TABLE `issues_temp_calc_perm` (
`org_id` int(11) DEFAULT NULL,
`staff_id` int(11) DEFAULT NULL,
`student_id` int(11) DEFAULT NULL,
INDEX `org_staff_student` (`org_id` ASC, `staff_id` ASC, `student_id` ASC)
) ENGINE=InnoDB DEFAULT CHARSET=utf8;

DROP TABLE IF EXISTS issues_temp_calc_num;
CREATE TABLE `issues_temp_calc_num` (
`org_id` int(11) DEFAULT NULL,
`staff_id` int(11) DEFAULT NULL,
`survey_id` int(11) DEFAULT NULL,
`issue_id` int(11) DEFAULT NULL,
`cohort_code` int(11) DEFAULT NULL,
`student_id` int(11) DEFAULT NULL,
`survey_questions_id` int(11) DEFAULT NULL,
`factor_id` int(11) DEFAULT NULL,
`response_type` varchar(50) DEFAULT NULL,
`decimal_value` decimal(10,4) DEFAULT NULL,
`char_value` int(11) DEFAULT NULL,
`charmax_value` int(11) DEFAULT NULL,
INDEX `org_staff_student_survey_factor` (`org_id` ASC, `staff_id` ASC, `student_id` ASC, `survey_id` ASC, `factor_id` ASC),
INDEX `org_staff_student_survey_issue` (`org_id` ASC, `staff_id` ASC, `student_id` ASC, `survey_id` ASC, `issue_id` ASC)
) ENGINE=InnoDB DEFAULT CHARSET=utf8;

DROP TABLE IF EXISTS issues_temp_calc_den;
CREATE TABLE `issues_temp_calc_den` (
`org_id` int(11) DEFAULT NULL,
`issue_id` int(11) DEFAULT NULL,
`count_students` int(11) DEFAULT NULL,
`staff_id` int(11) DEFAULT NULL, 
INDEX  `org_staff_issue` (`org_id` ASC, `staff_id` ASC, `issue_id` ASC)
) ENGINE=InnoDB DEFAULT CHARSET=utf8;

DROP TABLE IF EXISTS issues_temp_calc_done;
CREATE TABLE `issues_temp_calc_done` (
`org_id` int(11) DEFAULT NULL,
`staff_id` int(11) DEFAULT NULL,
INDEX `org_staff` (`org_id` ASC, `staff_id` ASC)
) ENGINE=InnoDB DEFAULT CHARSET=utf8;
END ;;
DELIMITER ;
/*!50003 SET sql_mode              = @saved_sql_mode */ ;
/*!50003 SET character_set_client  = @saved_cs_client */ ;
/*!50003 SET character_set_results = @saved_cs_results */ ;
/*!50003 SET collation_connection  = @saved_col_connection */ ;
/*!50003 DROP PROCEDURE IF EXISTS `org_RiskFactorCalculation` */;
/*!50003 SET @saved_cs_client      = @@character_set_client */ ;
/*!50003 SET @saved_cs_results     = @@character_set_results */ ;
/*!50003 SET @saved_col_connection = @@collation_connection */ ;
/*!50003 SET character_set_client  = utf8 */ ;
/*!50003 SET character_set_results = utf8 */ ;
/*!50003 SET collation_connection  = utf8_general_ci */ ;
/*!50003 SET @saved_sql_mode       = @@sql_mode */ ;
/*!50003 SET sql_mode              = '' */ ;
DELIMITER ;;
CREATE DEFINER=`synapsemaster`@`%` PROCEDURE `org_RiskFactorCalculation`(deadline TIMESTAMP, chunksize SMALLINT UNSIGNED)
    DETERMINISTIC
    SQL SECURITY INVOKER
BEGIN
            DECLARE the_ts TIMESTAMP;
            #--DECLARE chunksize INT UNSIGNED DEFAULT 25;
            
            #--Fix source data timestamps
            CALL fix_datum_src_ts(); 

            #--Sacrifice some temporal precision for reduced resource contention
            SET SESSION TRANSACTION ISOLATION LEVEL READ UNCOMMITTED;
            
            WHILE(
                NOW() < deadline
                AND (SELECT 1 FROM org_calc_flags_risk WHERE calculated_at IS NULL LIMIT 1) > 0
            ) DO
                SET the_ts=NOW(); 

            #--Carve out a limited chunk to materialize
                UPDATE org_calc_flags_risk
                SET calculated_at=the_ts,
                modified_at = the_ts
                WHERE calculated_at IS NULL
                ORDER BY modified_at ASC
                LIMIT chunksize;


            #--Materialize the intermediate view
                INSERT IGNORE INTO org_calculated_risk_variables_history (person_id, risk_variable_id, risk_group_id, risk_model_id, created_at, org_id, calc_bucket_value, calc_weight, risk_source_value)
                SELECT 
                    OCRV.person_id,
                    OCRV.risk_variable_id,
                    OCRV.risk_group_id,
                    OCRV.risk_model_id,
                    the_ts AS created_at,
                    OCRV.org_id,
                    bucket_value AS calc_bucket_value,
                    bucket_value*weight AS calc_weight,
                    calculated_value AS risk_source_value
                FROM org_calculated_risk_variables_view AS OCRV
                INNER JOIN (
                    SELECT person_id FROM org_calc_flags_risk
                    WHERE 
                        calculated_at=the_ts
                ) AS stale 
                    ON stale.person_id=OCRV.person_id
                ;

            #--Materialize the risk score view
                INSERT IGNORE INTO person_risk_level_history(person_id,date_captured,risk_model_id,risk_level,risk_score,weighted_value,maximum_weight_value)
                SELECT 
                    prlc.person_id,
                    the_ts,
                    prlc.risk_model_id,
                    prlc.risk_level,
                    prlc.risk_score,
                    prlc.weighted_value,
                    prlc.maximum_weight_value 
                FROM person_risk_level_calc AS prlc
                INNER JOIN (
                    SELECT person_id FROM org_calc_flags_risk
                    WHERE 
                        calculated_at=the_ts
                ) AS stale 
                    ON stale.person_id=prlc.person_id
                #--WHERE prlc.risk_score IS NOT NULL
                ;


            #--Update the redundant person value for risk score
                #-- WE SHOULD JUST USE THE person_risk_level_history table...USING THE LATEST VALUE INSTEAD OF STORING IT AGAIN IN THE person TABLE
                UPDATE person P 
                INNER JOIN person_risk_level_history AS PRH 
                    ON P.id=PRH.person_id
                    AND PRH.date_captured=the_ts
                SET 
                    P.risk_level=PRH.risk_level,    
                    P.risk_update_date=the_ts
                where not PRH.risk_score <=> (select risk_score from person_risk_level_history pr where pr.person_id = P.id ORDER BY date_captured DESC LIMIT 1, 1) ;
                
            
            #--Set magic dates for blank scores (lame)
                UPDATE org_calc_flags_risk AS OCFR
                LEFT JOIN person_risk_level_history AS PRLH
                    ON PRLH.person_id=OCFR.person_id
                    AND PRLH.date_captured=the_ts
                SET OCFR.calculated_at='1900-01-01 00:00:00'
                WHERE OCFR.calculated_at=the_ts AND PRLH.weighted_value IS NULL
                ;                
            END WHILE;


        END ;;
DELIMITER ;
/*!50003 SET sql_mode              = @saved_sql_mode */ ;
/*!50003 SET character_set_client  = @saved_cs_client */ ;
/*!50003 SET character_set_results = @saved_cs_results */ ;
/*!50003 SET collation_connection  = @saved_col_connection */ ;
/*!50003 DROP PROCEDURE IF EXISTS `Report_Calc` */;
/*!50003 SET @saved_cs_client      = @@character_set_client */ ;
/*!50003 SET @saved_cs_results     = @@character_set_results */ ;
/*!50003 SET @saved_col_connection = @@collation_connection */ ;
/*!50003 SET character_set_client  = utf8 */ ;
/*!50003 SET character_set_results = utf8 */ ;
/*!50003 SET collation_connection  = utf8_general_ci */ ;
/*!50003 SET @saved_sql_mode       = @@sql_mode */ ;
/*!50003 SET sql_mode              = 'STRICT_TRANS_TABLES,NO_ENGINE_SUBSTITUTION' */ ;
DELIMITER ;;
CREATE DEFINER=`synapsemaster`@`%` PROCEDURE `Report_Calc`(deadline TIMESTAMP, chunksize SMALLINT UNSIGNED)
BEGIN
        DECLARE the_ts TIMESTAMP;
        SET SESSION TRANSACTION ISOLATION LEVEL READ UNCOMMITTED;
        
        
        
        WHILE(NOW() < deadline 
        AND (SELECT 1 FROM org_calc_flags_student_reports WHERE calculated_at IS NULL LIMIT 1) > 0)
        DO
            
            SET the_ts=NOW();       
            
            UPDATE org_calc_flags_student_reports
            SET calculated_at=the_ts
            WHERE calculated_at IS NULL
            ORDER BY modified_at ASC
            LIMIT chunksize;
            
            
            
                
                    REPLACE INTO report_calculated_values (org_id,person_id,report_id,section_id,element_id,element_bucket_id,survey_id,calculated_value,created_at,modified_at)
                              select pfc.organization_id, pfc.person_id, rs.report_id, rse.section_id,reb.element_id,reb.id as element_bucket_id,pfc.survey_id,pfc.mean_value as calc_value, the_ts, the_ts
                                  from reports r
                                    inner join report_sections rs on rs.report_id = r.id
                                    inner join report_section_elements rse on rse.section_id = rs.id and rse.source_type='F' and rse.factor_id is not null
                                    inner join report_element_buckets reb on reb.element_id = rse.id
                                    inner join person_factor_calculated pfc on pfc.factor_id = rse.factor_id
                                    inner join org_calc_flags_student_reports orc ON pfc.person_id = orc.person_id and pfc.organization_id = orc.org_id
                                    where pfc.survey_id = get_most_recent_survey(orc.org_id, orc.person_id) 
                                    and pfc.modified_at = (select modified_at from person_factor_calculated as fc
                                        where fc.organization_id = pfc.organization_id 
                                        AND fc.person_id = pfc.person_id 
                                        AND fc.factor_id = pfc.factor_id 
                                        AND fc.survey_id = pfc.survey_id 
                                        ORDER BY modified_at DESC LIMIT 1)
                                    and r.name='student-report'
                                    and pfc.mean_value between reb.range_min and reb.range_max 
                                    and orc.calculated_at = the_ts
                                  group by pfc.organization_id, person_id,report_id,section_id,element_id,survey_id
                                union all
                                select sr.org_id, sr.person_id, rs.report_id, rse.section_id,reb.element_id,reb.id as element_bucket_id,sr.survey_id,sr.decimal_value as calc_value, the_ts, the_ts
                                  from reports r
                                    inner join report_sections rs on rs.report_id = r.id
                                    inner join report_section_elements rse on rse.section_id = rs.id and rse.source_type='Q' and rse.survey_question_id is not null
                                    inner join report_element_buckets reb on reb.element_id = rse.id
                                    inner join survey_response sr on sr.survey_questions_id=rse.survey_question_id and sr.decimal_value is not null
                                    inner join org_calc_flags_student_reports orc ON sr.person_id = orc.person_id and sr.org_id = orc.org_id
                                    and sr.survey_id = get_most_recent_survey(orc.org_id, orc.person_id) 
                                    and r.name='student-report'
                                    and sr.decimal_value between reb.range_min and reb.range_max
                                    and orc.calculated_at = the_ts
                                  group by sr.org_id, sr.person_id,rs.report_id,rse.section_id,reb.element_id,sr.survey_id;
                              
                            
                    set @reportId := (select id from reports where name='student-report');
            
            
                    UPDATE org_calc_flags_student_reports SET survey_id = get_most_recent_survey(org_id, person_id), report_id = @reportId, modified_at = the_ts 
                      where calculated_at = the_ts;
                                                            
                        insert into report_calc_history (report_id,org_id,person_id,survey_id,created_at,modified_at) 
                        (select report_id, org_id, person_id, survey_id, the_ts, the_ts from org_calc_flags_student_reports where calculated_at = the_ts);     
            
                update org_calc_flags_student_reports orcf
                LEFT JOIN report_calculated_values rcv ON rcv.org_id = orcf.org_id 
                AND rcv.person_id = orcf.person_id  AND rcv.survey_id = orcf.survey_id AND rcv.report_id = orcf.report_id
                set orcf.calculated_at = '1900-01-01 00:00:00', orcf.modified_at = the_ts 
                WHERE orcf.calculated_at = the_ts AND (rcv.survey_id is null OR rcv.person_id is null
                OR rcv.report_id is null OR rcv.section_id is null OR rcv.element_id is null);
                
                    
            set @reportID := null;
            
            
            

        end WHILE;
                
    END ;;
DELIMITER ;
/*!50003 SET sql_mode              = @saved_sql_mode */ ;
/*!50003 SET character_set_client  = @saved_cs_client */ ;
/*!50003 SET character_set_results = @saved_cs_results */ ;
/*!50003 SET collation_connection  = @saved_col_connection */ ;
/*!50003 DROP PROCEDURE IF EXISTS `Success_Marker_Calc` */;
/*!50003 SET @saved_cs_client      = @@character_set_client */ ;
/*!50003 SET @saved_cs_results     = @@character_set_results */ ;
/*!50003 SET @saved_col_connection = @@collation_connection */ ;
/*!50003 SET character_set_client  = utf8 */ ;
/*!50003 SET character_set_results = utf8 */ ;
/*!50003 SET collation_connection  = utf8_general_ci */ ;
/*!50003 SET @saved_sql_mode       = @@sql_mode */ ;
/*!50003 SET sql_mode              = 'STRICT_TRANS_TABLES,NO_ENGINE_SUBSTITUTION' */ ;
DELIMITER ;;
CREATE DEFINER=`synapsemaster`@`%` PROCEDURE `Success_Marker_Calc`(deadline TIMESTAMP, chunksize SMALLINT UNSIGNED)
BEGIN
            DECLARE the_ts TIMESTAMP;
            SET TRANSACTION ISOLATION LEVEL READ UNCOMMITTED;
            
            
            
            
            WHILE(
            NOW() < deadline
            AND (SELECT 1 FROM org_calc_flags_success_marker WHERE calculated_at IS NULL LIMIT 1) > 0
            ) DO
                SET the_ts=NOW(); 
            
                   UPDATE org_calc_flags_success_marker
                    SET calculated_at=the_ts
                    WHERE calculated_at IS NULL
                    ORDER BY modified_at ASC
                    LIMIT chunksize;
          
                    
             
                    insert ignore into success_marker_calculated(organization_id,person_id,surveymarker_questions_id, color, created_at, modified_at)
                    select orc.org_id,pfc.person_id,smq.id,
                    case when pfc.mean_value between red_low and red_high then 'red'
                             when pfc.mean_value between yellow_low and yellow_high then 'yellow'
                             when pfc.mean_value between green_low and green_high then 'green' end as color, the_ts, the_ts

                    from surveymarker_questions smq inner join person_factor_calculated pfc on smq.factor_id=pfc.factor_id
                    and (pfc.mean_value between red_low and red_high or
                                    pfc.mean_value between yellow_low and yellow_high or
                                    pfc.mean_value between green_low and green_high) 
                    
                    
                    and smq.survey_id = pfc.survey_id
                    
                    
                    and smq.ebi_question_id is null and smq.survey_questions_id is null and smq.factor_id is not null
                    inner join org_calc_flags_success_marker orc 
                    on pfc.person_id=orc.person_id and pfc.organization_id=orc.org_id
                    and orc.calculated_at = the_ts
                    and pfc.survey_id = get_most_recent_survey(orc.org_id, pfc.person_id)
                        and pfc.modified_at = (select modified_at from person_factor_calculated as fc
                                where fc.organization_id = pfc.organization_id 
                                AND fc.person_id = pfc.person_id 
                                AND fc.factor_id = pfc.factor_id 
                                AND fc.survey_id = pfc.survey_id 
                                ORDER BY modified_at DESC LIMIT 1)
                    group by org_id, person_id, id
                    union
                    select orc.org_id,svr.person_id,smq.id,
                    case when svr.decimal_value between red_low and red_high then 'red'
                             when svr.decimal_value between yellow_low and yellow_high then 'yellow'
                             when svr.decimal_value between green_low and green_high then 'green' end as color, the_ts, the_ts

                    from  surveymarker_questions smq inner join 
                    survey_questions svq on smq.ebi_question_id=svq.ebi_question_id
                    and svq.survey_id = smq.survey_id
                    
                    inner join survey_response svr on svq.id=svr.survey_questions_id
                    and (svr.decimal_value between red_low and red_high or
                                    svr.decimal_value between yellow_low and yellow_high or
                                    svr.decimal_value between green_low and green_high)
                    
                    and svr.survey_id = svq.survey_id
                    and smq.ebi_question_id is not null and smq.factor_id is null
                    inner join org_calc_flags_success_marker orc 
                    on svr.person_id=orc.person_id and orc.calculated_at = the_ts
                    inner join org_person_student ops on orc.person_id=ops.person_id
                    inner join org_person_student_survey_link opssl  on ops.surveycohort=opssl.cohort and opssl.survey_id=svr.survey_id and opssl.person_id=svr.person_id
                    and svr.survey_id = get_most_recent_survey(orc.org_id, svr.person_id)
                    group by orc.org_id, svr.person_id, smq.id;
                
                

                update org_calc_flags_success_marker orc 
                LEFT JOIN success_marker_calculated as smc ON smc.organization_id = orc.org_id 
                AND smc.person_id = orc.person_id 
                set orc.calculated_at = '1900-01-01 00:00:00', orc.modified_at = the_ts 
                WHERE (smc.modified_at != the_ts OR smc.modified_at IS NULL) AND orc.calculated_at = the_ts;
                
                update org_calc_flags_success_marker orc 
                LEFT JOIN success_marker_calculated as smc 
                ON smc.organization_id = orc.org_id 
                AND smc.person_id = orc.person_id 
                set orc.calculated_at = the_ts, orc.modified_at = the_ts 
                WHERE smc.modified_at = the_ts;
            END WHILE;
          
            END ;;
DELIMITER ;
/*!50003 SET sql_mode              = @saved_sql_mode */ ;
/*!50003 SET character_set_client  = @saved_cs_client */ ;
/*!50003 SET character_set_results = @saved_cs_results */ ;
/*!50003 SET collation_connection  = @saved_col_connection */ ;
/*!50003 DROP PROCEDURE IF EXISTS `survey_data_transfer` */;
/*!50003 SET @saved_cs_client      = @@character_set_client */ ;
/*!50003 SET @saved_cs_results     = @@character_set_results */ ;
/*!50003 SET @saved_col_connection = @@collation_connection */ ;
/*!50003 SET character_set_client  = utf8 */ ;
/*!50003 SET character_set_results = utf8 */ ;
/*!50003 SET collation_connection  = utf8_general_ci */ ;
/*!50003 SET @saved_sql_mode       = @@sql_mode */ ;
/*!50003 SET sql_mode              = 'STRICT_TRANS_TABLES,NO_ENGINE_SUBSTITUTION' */ ;
DELIMITER ;;
CREATE DEFINER=`synapsemaster`@`%` PROCEDURE `survey_data_transfer`()
BEGIN
                        INSERT IGNORE INTO synapse.survey_response
                        (SELECT * FROM etldata.survey_response WHERE modified_at > (SELECT MAX(modified_at) FROM synapse.survey_response));

                        UPDATE synapse.org_person_student_survey_link opssl
                        LEFT JOIN synapse.survey_response sr ON sr.person_id = opssl.person_id AND sr.survey_id = opssl.survey_id
                        SET opssl.Has_Responses = 'Yes'
                        WHERE sr.id IS NOT NULL AND opssl.Has_Responses = 'No';

                        UPDATE synapse.survey_response sr
                        LEFT OUTER JOIN
                        etldata.survey_response ers ON
                        (ers.person_id , ers.org_id, ers.survey_id, ers.survey_questions_id) =
                        (sr.person_id , sr.org_id, sr.survey_id, sr.survey_questions_id)
                        SET
                            sr.decimal_value = ers.decimal_value,
                            sr.char_value = ers.char_value,
                            sr.charmax_value = ers.charmax_value,
                            sr.modified_at = NOW()
                        WHERE
                            (sr.decimal_value <> ers.decimal_value
                                OR sr.char_value <> ers.char_value
                                OR sr.charmax_value <> ers.charmax_value)
                                AND sr.modified_at <= ers.modified_at
                                AND ers.modified_at > (SELECT MAX(last_update_ts) FROM etldata.last_response_update LIMIT 1);


                        UPDATE etldata.last_response_update SET last_update_ts = NOW();
                        END ;;
DELIMITER ;
/*!50003 SET sql_mode              = @saved_sql_mode */ ;
/*!50003 SET character_set_client  = @saved_cs_client */ ;
/*!50003 SET character_set_results = @saved_cs_results */ ;
/*!50003 SET collation_connection  = @saved_col_connection */ ;
/*!50003 DROP PROCEDURE IF EXISTS `Talking_Point_Calc` */;
/*!50003 SET @saved_cs_client      = @@character_set_client */ ;
/*!50003 SET @saved_cs_results     = @@character_set_results */ ;
/*!50003 SET @saved_col_connection = @@collation_connection */ ;
/*!50003 SET character_set_client  = utf8 */ ;
/*!50003 SET character_set_results = utf8 */ ;
/*!50003 SET collation_connection  = utf8_general_ci */ ;
/*!50003 SET @saved_sql_mode       = @@sql_mode */ ;
/*!50003 SET sql_mode              = '' */ ;
DELIMITER ;;
CREATE DEFINER=`synapsemaster`@`%` PROCEDURE `Talking_Point_Calc`(deadline TIMESTAMP, chunksize SMALLINT UNSIGNED)
    DETERMINISTIC
    SQL SECURITY INVOKER
BEGIN
			DECLARE timeVar DATETIME;
			SET TRANSACTION ISOLATION LEVEL READ UNCOMMITTED;
		        
		    WHILE(
				NOW() < deadline
		        AND (select 1 from org_calc_flags_talking_point where calculated_at IS NULL LIMIT 1) > 0
			) DO
		        
		        SET timeVar = CURRENT_TIMESTAMP();
		        
		        #--Carve out a chunk of work to do
		        UPDATE org_calc_flags_talking_point
		        SET 
					calculated_at=timeVar,
		            modified_at=timeVar
		        WHERE calculated_at IS NULL
		        AND deleted_at is NULL
		        LIMIT chunksize
		        ;
		        
		        
		        #--Sourced from surveys
		        insert into org_talking_points(organization_id, person_id, talking_points_id, survey_id, response, source_modified_at, created_at, modified_at)
		        #--EXPLAIN
		        SELECT 
		            pc.org_id,
		            pc.person_id,
		            pc.talking_points_id,
		            pc.survey_id,
		            pc.response,
		            pc.source_modified_at,
		            timeVar,
		            timeVar
		        FROM
		            person_survey_talking_points_calculated pc
				INNER JOIN org_calc_flags_talking_point AS O
					ON (O.org_id,	O.person_id)
		            = (pc.org_id,	pc.person_id)
		        LEFT JOIN org_talking_points otp_out
					ON (otp_out.organization_id, otp_out.person_id, otp_out.talking_points_id, otp_out.survey_id)
					= (pc.org_id, pc.person_id, pc.talking_points_id, pc.survey_id)
		            AND pc.response <=> otp_out.response
		            AND otp_out.source_modified_at = (
						SELECT MAX(otp_in.source_modified_at)
		                FROM org_talking_points otp_in
		                INNER JOIN talking_points tp on otp_in.talking_points_id = tp.id
		                WHERE 
							otp_out.organization_id = otp_in.organization_id 
							AND otp_out.person_id = otp_in.person_id
		                    AND pc.ebi_question_id = tp.ebi_question_id
		                    AND otp_out.survey_id = otp_in.survey_id
		                    AND tp.deleted_at is null
		                    AND otp_in.deleted_at is null
					)
		        WHERE
		            otp_out.organization_id IS NULL #--Get only pc entries with no corresponding otp_out
		            AND pc.response IS NOT NULL
		            AND O.calculated_at=timeVar
		            AND otp_out.deleted_at IS NULL
		        ;
		        
				
		        #--Sourced from metadata
		        insert into org_talking_points(organization_id, person_id, talking_points_id, org_academic_year_id, org_academic_terms_id, response, source_modified_at, created_at, modified_at)
		        #--EXPLAIN
		        SELECT 
		            pc.org_id,
		            pc.person_id,
		            pc.talking_points_id,
		            pc.org_academic_year_id, 
		            pc.org_academic_terms_id,
		            pc.response,
		            pc.source_modified_at,
		            timeVar,
		            timeVar
		        FROM
		            person_MD_talking_points_calculated pc
				INNER JOIN org_calc_flags_talking_point AS O
					ON (O.org_id,	O.person_id)
		            = (pc.org_id,	pc.person_id)
		        LEFT JOIN org_talking_points otp_out
					ON (otp_out.organization_id, otp_out.person_id, otp_out.talking_points_id)
					= (pc.org_id, pc.person_id, pc.talking_points_id) AND
		             ((pc.org_academic_year_id, pc.org_academic_terms_id) = (otp_out.org_academic_year_id, otp_out.org_academic_terms_id) 
		             OR (pc.org_academic_year_id is null AND otp_out.org_academic_year_id is null AND pc.org_academic_terms_id is null AND otp_out.org_academic_terms_id is null) 
		             OR (pc.org_academic_terms_id is null AND otp_out.org_academic_terms_id is null AND pc.org_academic_year_id = otp_out.org_academic_year_id))
		            AND pc.response <=> otp_out.response
		            AND otp_out.source_modified_at = (
						SELECT MAX(otp_in.source_modified_at)
		                FROM org_talking_points otp_in
		                INNER JOIN talking_points tp on otp_in.talking_points_id = tp.id
		                WHERE 
							otp_out.organization_id = otp_in.organization_id 
							AND otp_out.person_id = otp_in.person_id
		                    AND pc.ebi_metadata_id = tp.ebi_metadata_id
		                    AND otp_out.org_academic_year_id <=> otp_in.org_academic_year_id
		                    AND otp_out.org_academic_terms_id <=> otp_in.org_academic_terms_id
		                    AND tp.deleted_at is null
		                    AND otp_in.deleted_at is null
					)
		        WHERE
		            otp_out.organization_id IS NULL #--Get only pc entries with no corresponding otp_out
		            AND pc.response IS NOT NULL
		            AND O.calculated_at=timeVar
		            AND otp_out.deleted_at IS NULL
		        ;
		        
				
				UPDATE org_calc_flags_talking_point orf
		        LEFT JOIN org_talking_points AS tp 
					ON tp.organization_id = orf.org_id
					AND tp.person_id = orf.person_id 
		            AND tp.modified_at = timeVar
				SET 
					orf.calculated_at = '1900-01-01 00:00:00',
					orf.modified_at = timeVar
				WHERE
					orf.calculated_at = timeVar
					AND tp.organization_id IS NULL
		            AND orf.deleted_at is null
		            AND tp.deleted_at is null#--These got no value out of calculation
		        ;

			END WHILE;
		    
		END ;;
DELIMITER ;
/*!50003 SET sql_mode              = @saved_sql_mode */ ;
/*!50003 SET character_set_client  = @saved_cs_client */ ;
/*!50003 SET character_set_results = @saved_cs_results */ ;
/*!50003 SET collation_connection  = @saved_col_connection */ ;

--
-- Final view structure for view `AUDIT_DASHBOARD_0_ReceiveSurvey_Students_With_Survey_Responses`
--

/*!50001 DROP TABLE IF EXISTS `AUDIT_DASHBOARD_0_ReceiveSurvey_Students_With_Survey_Responses`*/;
/*!50001 DROP VIEW IF EXISTS `AUDIT_DASHBOARD_0_ReceiveSurvey_Students_With_Survey_Responses`*/;
/*!50001 SET @saved_cs_client          = @@character_set_client */;
/*!50001 SET @saved_cs_results         = @@character_set_results */;
/*!50001 SET @saved_col_connection     = @@collation_connection */;
/*!50001 SET character_set_client      = utf8 */;
/*!50001 SET character_set_results     = utf8 */;
/*!50001 SET collation_connection      = utf8_general_ci */;
/*!50001 CREATE ALGORITHM=UNDEFINED */
/*!50013 DEFINER=`root`@`localhost` SQL SECURITY DEFINER */
/*!50001 VIEW `AUDIT_DASHBOARD_0_ReceiveSurvey_Students_With_Survey_Responses` AS select `sr`.`org_id` AS `org_id`,count(distinct `sr`.`person_id`) AS `Number_of_Students` from (`survey_response` `sr` join `org_person_student` `ops` on(((`sr`.`person_id` = `ops`.`person_id`) and (`sr`.`org_id` = `ops`.`organization_id`)))) where (`ops`.`receivesurvey` = 0) group by `ops`.`organization_id` order by `ops`.`organization_id` */;
/*!50001 SET character_set_client      = @saved_cs_client */;
/*!50001 SET character_set_results     = @saved_cs_results */;
/*!50001 SET collation_connection      = @saved_col_connection */;

--
-- Final view structure for view `AUDIT_DASHBOARD_Failed_Uploads_By_Organization_Past_24_Hours`
--

/*!50001 DROP TABLE IF EXISTS `AUDIT_DASHBOARD_Failed_Uploads_By_Organization_Past_24_Hours`*/;
/*!50001 DROP VIEW IF EXISTS `AUDIT_DASHBOARD_Failed_Uploads_By_Organization_Past_24_Hours`*/;
/*!50001 SET @saved_cs_client          = @@character_set_client */;
/*!50001 SET @saved_cs_results         = @@character_set_results */;
/*!50001 SET @saved_col_connection     = @@collation_connection */;
/*!50001 SET character_set_client      = utf8 */;
/*!50001 SET character_set_results     = utf8 */;
/*!50001 SET collation_connection      = utf8_general_ci */;
/*!50001 CREATE ALGORITHM=UNDEFINED */
/*!50013 DEFINER=`root`@`localhost` SQL SECURITY DEFINER */
/*!50001 VIEW `AUDIT_DASHBOARD_Failed_Uploads_By_Organization_Past_24_Hours` AS select `ol`.`organization_id` AS `organization_id`,`ol`.`organization_name` AS `organization_name`,count(0) AS `Failed_Uploads` from (`upload_file_log` `ufl` join `organization_lang` `ol` on((`ol`.`organization_id` = `ufl`.`organization_id`))) where ((`ufl`.`status` = 'F') and (`ufl`.`created_at` > (now() - interval 1 day))) group by `ufl`.`organization_id` */;
/*!50001 SET character_set_client      = @saved_cs_client */;
/*!50001 SET character_set_results     = @saved_cs_results */;
/*!50001 SET collation_connection      = @saved_col_connection */;

--
-- Final view structure for view `AUDIT_DASHBOARD_Failed_Uploads_By_Type_Past_24_Hours`
--

/*!50001 DROP TABLE IF EXISTS `AUDIT_DASHBOARD_Failed_Uploads_By_Type_Past_24_Hours`*/;
/*!50001 DROP VIEW IF EXISTS `AUDIT_DASHBOARD_Failed_Uploads_By_Type_Past_24_Hours`*/;
/*!50001 SET @saved_cs_client          = @@character_set_client */;
/*!50001 SET @saved_cs_results         = @@character_set_results */;
/*!50001 SET @saved_col_connection     = @@collation_connection */;
/*!50001 SET character_set_client      = utf8 */;
/*!50001 SET character_set_results     = utf8 */;
/*!50001 SET collation_connection      = utf8_general_ci */;
/*!50001 CREATE ALGORITHM=UNDEFINED */
/*!50013 DEFINER=`root`@`localhost` SQL SECURITY DEFINER */
/*!50001 VIEW `AUDIT_DASHBOARD_Failed_Uploads_By_Type_Past_24_Hours` AS select `upload_file_log`.`upload_type` AS `upload_type`,count(0) AS `Failed_Uploads` from `upload_file_log` where ((`upload_file_log`.`status` = 'F') and (`upload_file_log`.`created_at` > (now() - interval 1 day))) group by `upload_file_log`.`upload_type` */;
/*!50001 SET character_set_client      = @saved_cs_client */;
/*!50001 SET character_set_results     = @saved_cs_results */;
/*!50001 SET collation_connection      = @saved_col_connection */;

--
-- Final view structure for view `AUDIT_DASHBOARD_Organization_Survey_Cohort_Groupings`
--

/*!50001 DROP TABLE IF EXISTS `AUDIT_DASHBOARD_Organization_Survey_Cohort_Groupings`*/;
/*!50001 DROP VIEW IF EXISTS `AUDIT_DASHBOARD_Organization_Survey_Cohort_Groupings`*/;
/*!50001 SET @saved_cs_client          = @@character_set_client */;
/*!50001 SET @saved_cs_results         = @@character_set_results */;
/*!50001 SET @saved_col_connection     = @@collation_connection */;
/*!50001 SET character_set_client      = utf8 */;
/*!50001 SET character_set_results     = utf8 */;
/*!50001 SET collation_connection      = utf8_general_ci */;
/*!50001 CREATE ALGORITHM=UNDEFINED */
/*!50013 DEFINER=`root`@`localhost` SQL SECURITY DEFINER */
/*!50001 VIEW `AUDIT_DASHBOARD_Organization_Survey_Cohort_Groupings` AS select `ol`.`organization_id` AS `organization_id`,`o`.`campus_id` AS `campus_id`,`wl`.`status` AS `status`,`wl`.`cohort_code` AS `cohort_code`,`wl`.`survey_id` AS `survey_id`,`wl`.`wess_order_id` AS `wess_order_id`,`ol`.`organization_name` AS `organization_name`,`wl`.`open_date` AS `open_date`,`wl`.`close_date` AS `close_date`,count(distinct `ops`.`person_id`) AS `People_in_Cohort` from (((`organization_lang` `ol` join `wess_link` `wl` on((`wl`.`org_id` = `ol`.`organization_id`))) join `organization` `o` on((`o`.`id` = `ol`.`organization_id`))) join `org_person_student` `ops` on(((`wl`.`cohort_code` = `ops`.`surveycohort`) and (`o`.`id` = `ops`.`organization_id`)))) where (`ops`.`receivesurvey` <> 0) group by `wl`.`wess_order_id` order by `ol`.`organization_id` */;
/*!50001 SET character_set_client      = @saved_cs_client */;
/*!50001 SET character_set_results     = @saved_cs_results */;
/*!50001 SET collation_connection      = @saved_col_connection */;

--
-- Final view structure for view `AUDIT_DASHBOARD_Student_With_Survey_Response_And_Null_Cohort`
--

/*!50001 DROP TABLE IF EXISTS `AUDIT_DASHBOARD_Student_With_Survey_Response_And_Null_Cohort`*/;
/*!50001 DROP VIEW IF EXISTS `AUDIT_DASHBOARD_Student_With_Survey_Response_And_Null_Cohort`*/;
/*!50001 SET @saved_cs_client          = @@character_set_client */;
/*!50001 SET @saved_cs_results         = @@character_set_results */;
/*!50001 SET @saved_col_connection     = @@collation_connection */;
/*!50001 SET character_set_client      = utf8 */;
/*!50001 SET character_set_results     = utf8 */;
/*!50001 SET collation_connection      = utf8_general_ci */;
/*!50001 CREATE ALGORITHM=UNDEFINED */
/*!50013 DEFINER=`root`@`localhost` SQL SECURITY DEFINER */
/*!50001 VIEW `AUDIT_DASHBOARD_Student_With_Survey_Response_And_Null_Cohort` AS select `ops`.`organization_id` AS `organization_id`,`o`.`campus_id` AS `Wess_InsID`,`ol`.`organization_name` AS `organization_name`,count(distinct `sr`.`person_id`) AS `students_with_responses_and_null_cohort` from (((`org_person_student` `ops` join `survey_response` `sr` on(((`ops`.`person_id` = `sr`.`person_id`) and (`ops`.`organization_id` = `sr`.`org_id`)))) join `organization_lang` `ol` on((`ops`.`organization_id` = `ol`.`organization_id`))) join `organization` `o` on((`o`.`id` = `ol`.`organization_id`))) where isnull(`ops`.`surveycohort`) group by `o`.`id` */;
/*!50001 SET character_set_client      = @saved_cs_client */;
/*!50001 SET character_set_results     = @saved_cs_results */;
/*!50001 SET collation_connection      = @saved_col_connection */;

--
-- Final view structure for view `DASHBOARD_Student_Calculations`
--

/*!50001 DROP TABLE IF EXISTS `DASHBOARD_Student_Calculations`*/;
/*!50001 DROP VIEW IF EXISTS `DASHBOARD_Student_Calculations`*/;
/*!50001 SET @saved_cs_client          = @@character_set_client */;
/*!50001 SET @saved_cs_results         = @@character_set_results */;
/*!50001 SET @saved_col_connection     = @@collation_connection */;
/*!50001 SET character_set_client      = utf8 */;
/*!50001 SET character_set_results     = utf8 */;
/*!50001 SET collation_connection      = utf8_general_ci */;
/*!50001 CREATE ALGORITHM=UNDEFINED */
/*!50013 DEFINER=`synapsemaster`@`%` SQL SECURITY DEFINER */
/*!50001 VIEW `DASHBOARD_Student_Calculations` AS select 'Factor' AS `Calculation Type`,sum((case when (`org_calc_flags_factor`.`calculated_at` > '1910-10-10 10:10:10') then 1 else 0 end)) AS `Calculated Students`,sum((case when (`org_calc_flags_factor`.`calculated_at` = '1900-01-01 00:00:00') then 1 else 0 end)) AS `Students With No Data`,sum((case when isnull(`org_calc_flags_factor`.`calculated_at`) then 1 else 0 end)) AS `Flagged For Calculation`,sum((case when (`org_calc_flags_factor`.`calculated_at` = '1910-10-10 10:10:10') then 1 else 0 end)) AS `No Survey Data`,count(0) AS `Total Students`,concat(((sum((case when (`org_calc_flags_factor`.`calculated_at` > '1910-10-10 10:10:10') then 1 else 0 end)) / count(0)) * 100),'%') AS `Calculated Percentage`,concat(((sum((case when (`org_calc_flags_factor`.`calculated_at` = '1900-01-01 00:00:00') then 1 else 0 end)) / count(0)) * 100),'%') AS `No Data Percentage`,concat(((sum((case when isnull(`org_calc_flags_factor`.`calculated_at`) then 1 else 0 end)) / count(0)) * 100),'%') AS `Calculating Percentage`,concat(((sum((case when (`org_calc_flags_factor`.`calculated_at` = '1910-10-10 10:10:10') then 1 else 0 end)) / count(0)) * 100),'%') AS `No Survey Data Percentage` from `org_calc_flags_factor` union select 'Risk' AS `Risk`,sum((case when (`org_calc_flags_risk`.`calculated_at` > '1910-10-10 10:10:10') then 1 else 0 end)) AS `Calculated Students`,sum((case when (`org_calc_flags_risk`.`calculated_at` = '1900-01-01 00:00:00') then 1 else 0 end)) AS `Students With No Data`,sum((case when isnull(`org_calc_flags_risk`.`calculated_at`) then 1 else 0 end)) AS `Flagged For Calculation`,sum((case when (`org_calc_flags_risk`.`calculated_at` = '1910-10-10 10:10:10') then 1 else 0 end)) AS `No Survey Data`,count(0) AS `Total Students`,concat(((sum((case when (`org_calc_flags_risk`.`calculated_at` > '1910-10-10 10:10:10') then 1 else 0 end)) / count(0)) * 100),'%') AS `Calculated Percentage`,concat(((sum((case when (`org_calc_flags_risk`.`calculated_at` = '1900-01-01 00:00:00') then 1 else 0 end)) / count(0)) * 100),'%') AS `No Data Percentage`,concat(((sum((case when isnull(`org_calc_flags_risk`.`calculated_at`) then 1 else 0 end)) / count(0)) * 100),'%') AS `Calculating Percentage`,concat(((sum((case when (`org_calc_flags_risk`.`calculated_at` = '1910-10-10 10:10:10') then 1 else 0 end)) / count(0)) * 100),'%') AS `No Survey Data Percentage` from `org_calc_flags_risk` union select 'Success Marker' AS `Success Marker`,sum((case when (`org_calc_flags_success_marker`.`calculated_at` > '1910-10-10 10:10:10') then 1 else 0 end)) AS `Calculated Students`,sum((case when (`org_calc_flags_success_marker`.`calculated_at` = '1900-01-01 00:00:00') then 1 else 0 end)) AS `Students With No Data`,sum((case when isnull(`org_calc_flags_success_marker`.`calculated_at`) then 1 else 0 end)) AS `Flagged For Calculation`,sum((case when (`org_calc_flags_success_marker`.`calculated_at` = '1910-10-10 10:10:10') then 1 else 0 end)) AS `No Survey Data`,count(0) AS `Total Students`,concat(((sum((case when (`org_calc_flags_success_marker`.`calculated_at` > '1910-10-10 10:10:10') then 1 else 0 end)) / count(0)) * 100),'%') AS `Calculated Percentage`,concat(((sum((case when (`org_calc_flags_success_marker`.`calculated_at` = '1900-01-01 00:00:00') then 1 else 0 end)) / count(0)) * 100),'%') AS `No Data Percentage`,concat(((sum((case when isnull(`org_calc_flags_success_marker`.`calculated_at`) then 1 else 0 end)) / count(0)) * 100),'%') AS `Calculating Percentage`,concat(((sum((case when (`org_calc_flags_success_marker`.`calculated_at` = '1910-10-10 10:10:10') then 1 else 0 end)) / count(0)) * 100),'%') AS `No Survey Data Percentage` from `org_calc_flags_success_marker` union select 'Talking Points' AS `Talking Points`,sum((case when (`org_calc_flags_talking_point`.`calculated_at` > '1910-10-10 10:10:10') then 1 else 0 end)) AS `Calculated Students`,sum((case when (`org_calc_flags_talking_point`.`calculated_at` = '1900-01-01 00:00:00') then 1 else 0 end)) AS `Students With No Data`,sum((case when isnull(`org_calc_flags_talking_point`.`calculated_at`) then 1 else 0 end)) AS `Flagged For Calculation`,sum((case when (`org_calc_flags_talking_point`.`calculated_at` = '1910-10-10 10:10:10') then 1 else 0 end)) AS `No Survey Data`,count(0) AS `Total Students`,concat(((sum((case when (`org_calc_flags_talking_point`.`calculated_at` > '1910-10-10 10:10:10') then 1 else 0 end)) / count(0)) * 100),'%') AS `Calculated Percentage`,concat(((sum((case when (`org_calc_flags_talking_point`.`calculated_at` = '1900-01-01 00:00:00') then 1 else 0 end)) / count(0)) * 100),'%') AS `No Data Percentage`,concat(((sum((case when isnull(`org_calc_flags_talking_point`.`calculated_at`) then 1 else 0 end)) / count(0)) * 100),'%') AS `Calculating Percentage`,concat(((sum((case when (`org_calc_flags_talking_point`.`calculated_at` = '1910-10-10 10:10:10') then 1 else 0 end)) / count(0)) * 100),'%') AS `No Survey Data Percentage` from `org_calc_flags_talking_point` union select 'Student Reports' AS `Student Reports`,sum((case when (`sr`.`calculated_at` > '1910-10-10 10:10:10') then 1 else 0 end)) AS `Calculated Students`,sum((case when (`sr`.`calculated_at` = '1900-01-01 00:00:00') then 1 else 0 end)) AS `Students With No Data`,sum((case when isnull(`sr`.`calculated_at`) then 1 else 0 end)) AS `Flagged For Calculation`,sum((case when (`sr`.`calculated_at` = '1910-10-10 10:10:10') then 1 else 0 end)) AS `No Survey Data`,count(0) AS `Total Students`,concat(((sum((case when (`sr`.`calculated_at` > '1910-10-10 10:10:10') then 1 else 0 end)) / count(0)) * 100),'%') AS `Calculated Percentage`,concat(((sum((case when (`sr`.`calculated_at` = '1900-01-01 00:00:00') then 1 else 0 end)) / count(0)) * 100),'%') AS `No Data Percentage`,concat(((sum((case when isnull(`sr`.`calculated_at`) then 1 else 0 end)) / count(0)) * 100),'%') AS `Calculating Percentage`,concat(((sum((case when (`sr`.`calculated_at` = '1910-10-10 10:10:10') then 1 else 0 end)) / count(0)) * 100),'%') AS `No Survey Data Percentage` from `org_calc_flags_student_reports` `sr` where (`sr`.`modified_at` = (select max(`SRin`.`modified_at`) from `org_calc_flags_student_reports` `SRin` where ((`SRin`.`org_id` = `sr`.`org_id`) and (`SRin`.`person_id` = `sr`.`person_id`)))) union select 'Report PDF Generation' AS `Report PDF Generation`,sum((case when (`sr`.`file_name` is not null) then 1 else 0 end)) AS `Calculated Students`,NULL AS `Students With No Data`,sum((case when isnull(`sr`.`file_name`) then 1 else 0 end)) AS `Flagged For Calculation`,NULL AS `No Survey Data`,count(0) AS `Total Students`,concat(((sum((case when (`sr`.`file_name` is not null) then 1 else 0 end)) / count(0)) * 100),'%') AS `Calculated Percentage`,NULL AS `No Data Percentage`,concat(((sum((case when isnull(`sr`.`file_name`) then 1 else 0 end)) / count(0)) * 100),'%') AS `Calculating Percentage`,NULL AS `No Survey Data Percentage` from `org_calc_flags_student_reports` `sr` where (`sr`.`modified_at` = (select max(`SRin`.`modified_at`) from `org_calc_flags_student_reports` `SRin` where ((`SRin`.`org_id` = `sr`.`org_id`) and (`SRin`.`person_id` = `sr`.`person_id`)))) */;
/*!50001 SET character_set_client      = @saved_cs_client */;
/*!50001 SET character_set_results     = @saved_cs_results */;
/*!50001 SET collation_connection      = @saved_col_connection */;

--
-- Final view structure for view `DASHBOARD_Students_With_Intent_To_Leave`
--

/*!50001 DROP TABLE IF EXISTS `DASHBOARD_Students_With_Intent_To_Leave`*/;
/*!50001 DROP VIEW IF EXISTS `DASHBOARD_Students_With_Intent_To_Leave`*/;
/*!50001 SET @saved_cs_client          = @@character_set_client */;
/*!50001 SET @saved_cs_results         = @@character_set_results */;
/*!50001 SET @saved_col_connection     = @@collation_connection */;
/*!50001 SET character_set_client      = utf8 */;
/*!50001 SET character_set_results     = utf8 */;
/*!50001 SET collation_connection      = utf8_general_ci */;
/*!50001 CREATE ALGORITHM=UNDEFINED */
/*!50013 DEFINER=`synapsemaster`@`%` SQL SECURITY DEFINER */
/*!50001 VIEW `DASHBOARD_Students_With_Intent_To_Leave` AS select `ssr`.`org_id` AS `org_id`,`ssr`.`person_id` AS `person_id`,`ssr`.`survey_id` AS `survey_id`,`ssr`.`decimal_value` AS `decimal_value` from (`survey_response` `ssr` join `survey_questions` `sq` on((`sq`.`id` = `ssr`.`survey_questions_id`))) where (`sq`.`qnbr` = 4) group by `ssr`.`org_id`,`ssr`.`person_id`,`ssr`.`survey_id` */;
/*!50001 SET character_set_client      = @saved_cs_client */;
/*!50001 SET character_set_results     = @saved_cs_results */;
/*!50001 SET collation_connection      = @saved_col_connection */;

--
-- Final view structure for view `Factor_Question_Constants`
--

/*!50001 DROP TABLE IF EXISTS `Factor_Question_Constants`*/;
/*!50001 DROP VIEW IF EXISTS `Factor_Question_Constants`*/;
/*!50001 SET @saved_cs_client          = @@character_set_client */;
/*!50001 SET @saved_cs_results         = @@character_set_results */;
/*!50001 SET @saved_col_connection     = @@collation_connection */;
/*!50001 SET character_set_client      = utf8 */;
/*!50001 SET character_set_results     = utf8 */;
/*!50001 SET collation_connection      = utf8_general_ci */;
/*!50001 CREATE ALGORITHM=UNDEFINED */
/*!50013 DEFINER=`synapsemaster`@`%` SQL SECURITY DEFINER */
/*!50001 VIEW `Factor_Question_Constants` AS select 'Factor' AS `datum_type` union select 'Question' AS `datum_type` */;
/*!50001 SET character_set_client      = @saved_cs_client */;
/*!50001 SET character_set_results     = @saved_cs_results */;
/*!50001 SET collation_connection      = @saved_col_connection */;

--
-- Final view structure for view `Issues_Calculation`
--

/*!50001 DROP TABLE IF EXISTS `Issues_Calculation`*/;
/*!50001 DROP VIEW IF EXISTS `Issues_Calculation`*/;
/*!50001 SET @saved_cs_client          = @@character_set_client */;
/*!50001 SET @saved_cs_results         = @@character_set_results */;
/*!50001 SET @saved_col_connection     = @@collation_connection */;
/*!50001 SET character_set_client      = utf8 */;
/*!50001 SET character_set_results     = utf8 */;
/*!50001 SET collation_connection      = utf8_general_ci */;
/*!50001 CREATE ALGORITHM=UNDEFINED */
/*!50013 DEFINER=`synapsemaster`@`%` SQL SECURITY DEFINER */
/*!50001 VIEW `Issues_Calculation` AS select `theID`.`org_id` AS `org_id`,`theID`.`faculty_id` AS `faculty_id`,`theID`.`survey_id` AS `survey_id`,`theID`.`issue_id` AS `issue_id`,`theID`.`cohort` AS `cohort`,`theID`.`student_id` AS `student_id`,ifnull(((`theID`.`source_value` between `iss`.`min` and `iss`.`max`) or (cast(`theID`.`source_value` as unsigned) = `eqo`.`option_value`)),0) AS `has_issue`,`issl`.`name` AS `name`,`iss`.`icon` AS `icon` from ((((`Issues_Datum` `theID` join `issue` `iss` on((`iss`.`id` = `theID`.`issue_id`))) left join `issue_lang` `issl` on((`iss`.`id` = `issl`.`issue_id`))) left join `issue_options` `issO` on((`iss`.`id` = `issO`.`issue_id`))) left join `ebi_question_options` `eqo` on((`eqo`.`id` = `issO`.`ebi_question_options_id`))) */;
/*!50001 SET character_set_client      = @saved_cs_client */;
/*!50001 SET character_set_results     = @saved_cs_results */;
/*!50001 SET collation_connection      = @saved_col_connection */;

--
-- Final view structure for view `Issues_Datum`
--

/*!50001 DROP TABLE IF EXISTS `Issues_Datum`*/;
/*!50001 DROP VIEW IF EXISTS `Issues_Datum`*/;
/*!50001 SET @saved_cs_client          = @@character_set_client */;
/*!50001 SET @saved_cs_results         = @@character_set_results */;
/*!50001 SET @saved_col_connection     = @@collation_connection */;
/*!50001 SET character_set_client      = utf8 */;
/*!50001 SET character_set_results     = utf8 */;
/*!50001 SET collation_connection      = utf8_general_ci */;
/*!50001 CREATE ALGORITHM=UNDEFINED */
/*!50013 DEFINER=`synapsemaster`@`%` SQL SECURITY DEFINER */
/*!50001 VIEW `Issues_Datum` AS select `ofs`.`organization_id` AS `org_id`,`ofs`.`person_id` AS `faculty_id`,coalesce(`ISQ`.`survey_id`,`ISF`.`survey_id`) AS `survey_id`,coalesce(`ISQ`.`student_id`,`ISF`.`student_id`) AS `student_id`,coalesce(`ISQ`.`issue_id`,`ISF`.`issue_id`) AS `issue_id`,coalesce(`ISQ`.`cohort`,`ISF`.`cohort`) AS `cohort`,`CU`.`datum_type` AS `type`,coalesce(`ISQ`.`survey_question_id`,`ISF`.`factor_id`) AS `source_id`,coalesce(`ISQ`.`permitted_value`,`ISF`.`permitted_value`) AS `source_value`,coalesce(`ISQ`.`modified_at`,`ISF`.`modified_at`) AS `modified_at` from (((`org_person_faculty` `ofs` join `Factor_Question_Constants` `CU`) left join `Issues_Survey_Questions` `ISQ` on(((`CU`.`datum_type` = 'Question') and (`ofs`.`person_id` = `ISQ`.`faculty_id`) and (`ofs`.`organization_id` = `ISQ`.`org_id`)))) left join `Issues_Factors` `ISF` on(((`CU`.`datum_type` = 'Factor') and (`ofs`.`person_id` = `ISF`.`faculty_id`) and (`ofs`.`organization_id` = `ISF`.`org_id`)))) where ((`ISQ`.`permitted_value` is not null) or (`ISF`.`permitted_value` is not null)) */;
/*!50001 SET character_set_client      = @saved_cs_client */;
/*!50001 SET character_set_results     = @saved_cs_results */;
/*!50001 SET collation_connection      = @saved_col_connection */;

--
-- Final view structure for view `Issues_Factors`
--

/*!50001 DROP TABLE IF EXISTS `Issues_Factors`*/;
/*!50001 DROP VIEW IF EXISTS `Issues_Factors`*/;
/*!50001 SET @saved_cs_client          = @@character_set_client */;
/*!50001 SET @saved_cs_results         = @@character_set_results */;
/*!50001 SET @saved_col_connection     = @@collation_connection */;
/*!50001 SET character_set_client      = utf8 */;
/*!50001 SET character_set_results     = utf8 */;
/*!50001 SET collation_connection      = utf8_general_ci */;
/*!50001 CREATE ALGORITHM=MERGE */
/*!50013 DEFINER=`synapsemaster`@`%` SQL SECURITY DEFINER */
/*!50001 VIEW `Issues_Factors` AS select `pfc`.`organization_id` AS `org_id`,`pfc`.`person_id` AS `student_id`,`pfc`.`survey_id` AS `survey_id`,`iss`.`id` AS `issue_id`,`opssl`.`cohort` AS `cohort`,`pfc`.`factor_id` AS `factor_id`,`ISFS`.`faculty_id` AS `faculty_id`,`pfc`.`mean_value` AS `permitted_value`,`pfc`.`modified_at` AS `modified_at` from ((((((`org_faculty_student_permission_map` `ISFS` join `org_person_student_survey_link` `opssl` on(((`opssl`.`org_id` = `ISFS`.`org_id`) and (`opssl`.`person_id` = `ISFS`.`student_id`)))) join `person_factor_calculated` `pfc` on(((`ISFS`.`student_id` = `pfc`.`person_id`) and (`ISFS`.`org_id` = `pfc`.`organization_id`) and (`opssl`.`survey_id` = `pfc`.`survey_id`) and isnull(`pfc`.`deleted_at`)))) join `issue` `iss` on(((`iss`.`factor_id` = `pfc`.`factor_id`) and (`iss`.`survey_id` = `pfc`.`survey_id`) and isnull(`iss`.`deleted_at`)))) join `wess_link` `wl` on(((`wl`.`survey_id` = `pfc`.`survey_id`) and (`wl`.`org_id` = `pfc`.`organization_id`) and (`wl`.`cohort_code` = `opssl`.`cohort`) and (`wl`.`status` = 'closed')))) join `datablock_questions` `dq` on(((`dq`.`factor_id` = `pfc`.`factor_id`) and isnull(`dq`.`deleted_at`)))) join `org_permissionset_datablock` `opd` on(((`opd`.`organization_id` = `pfc`.`organization_id`) and (`opd`.`datablock_id` = `dq`.`datablock_id`) and (`opd`.`org_permissionset_id` = `ISFS`.`permissionset_id`) and isnull(`opd`.`deleted_at`)))) where (`pfc`.`id` = (select `fc`.`id` from `person_factor_calculated` `fc` where ((`fc`.`organization_id` = `pfc`.`organization_id`) and (`fc`.`person_id` = `pfc`.`person_id`) and (`fc`.`factor_id` = `pfc`.`factor_id`) and (`fc`.`survey_id` = `pfc`.`survey_id`) and isnull(`fc`.`deleted_at`)) order by `fc`.`modified_at` desc limit 1)) */;
/*!50001 SET character_set_client      = @saved_cs_client */;
/*!50001 SET character_set_results     = @saved_cs_results */;
/*!50001 SET collation_connection      = @saved_col_connection */;

--
-- Final view structure for view `Issues_Survey_Questions`
--

/*!50001 DROP TABLE IF EXISTS `Issues_Survey_Questions`*/;
/*!50001 DROP VIEW IF EXISTS `Issues_Survey_Questions`*/;
/*!50001 SET @saved_cs_client          = @@character_set_client */;
/*!50001 SET @saved_cs_results         = @@character_set_results */;
/*!50001 SET @saved_col_connection     = @@collation_connection */;
/*!50001 SET character_set_client      = utf8 */;
/*!50001 SET character_set_results     = utf8 */;
/*!50001 SET collation_connection      = utf8_general_ci */;
/*!50001 CREATE ALGORITHM=MERGE */
/*!50013 DEFINER=`synapsemaster`@`%` SQL SECURITY DEFINER */
/*!50001 VIEW `Issues_Survey_Questions` AS select `sr`.`org_id` AS `org_id`,`sr`.`person_id` AS `student_id`,`opssl`.`survey_id` AS `survey_id`,`iss`.`id` AS `issue_id`,`opssl`.`cohort` AS `cohort`,`sq`.`id` AS `survey_question_id`,`sq`.`ebi_question_id` AS `ebi_question_id`,`ISFS`.`faculty_id` AS `faculty_id`,`sr`.`decimal_value` AS `permitted_value`,`sr`.`modified_at` AS `modified_at` from ((((((((`org_faculty_student_permission_map` `ISFS` join `org_person_student_survey_link` `opssl` on(((`ISFS`.`org_id` = `opssl`.`org_id`) and (`opssl`.`person_id` = `ISFS`.`student_id`)))) join `survey_response` `sr` FORCE INDEX (`fk_survey_response_organization1`) on(((`ISFS`.`student_id` = `sr`.`person_id`) and (`ISFS`.`org_id` = `sr`.`org_id`) and (`opssl`.`survey_id` = `sr`.`survey_id`) and isnull(`sr`.`deleted_at`)))) join `issue` `iss` on(((`iss`.`survey_questions_id` = `sr`.`survey_questions_id`) and (`iss`.`survey_id` = `sr`.`survey_id`) and isnull(`iss`.`deleted_at`)))) join `survey_questions` `sq` on(((`sr`.`survey_questions_id` = `sq`.`id`) and (`sq`.`survey_id` = `sr`.`survey_id`) and isnull(`sq`.`deleted_at`)))) join `ebi_question` `eq` on(((`sq`.`ebi_question_id` = `eq`.`id`) and isnull(`eq`.`deleted_at`)))) join `datablock_questions` `dq` USE INDEX (`permfunc`) on(((`dq`.`ebi_question_id` = `eq`.`id`) and isnull(`dq`.`deleted_at`)))) join `org_permissionset_datablock` `opd` on(((`opd`.`organization_id` = `sr`.`org_id`) and (`opd`.`datablock_id` = `dq`.`datablock_id`) and (`opd`.`org_permissionset_id` = `ISFS`.`permissionset_id`) and isnull(`opd`.`deleted_at`)))) join `wess_link` `wl` on(((`wl`.`survey_id` = `opssl`.`survey_id`) and (`opssl`.`cohort` = `wl`.`cohort_code`) and (`wl`.`org_id` = `sr`.`org_id`) and (`wl`.`status` = 'closed')))) */;
/*!50001 SET character_set_client      = @saved_cs_client */;
/*!50001 SET character_set_results     = @saved_cs_results */;
/*!50001 SET collation_connection      = @saved_col_connection */;

--
-- Final view structure for view `Logins_count`
--

/*!50001 DROP TABLE IF EXISTS `Logins_count`*/;
/*!50001 DROP VIEW IF EXISTS `Logins_count`*/;
/*!50001 SET @saved_cs_client          = @@character_set_client */;
/*!50001 SET @saved_cs_results         = @@character_set_results */;
/*!50001 SET @saved_col_connection     = @@collation_connection */;
/*!50001 SET character_set_client      = utf8 */;
/*!50001 SET character_set_results     = utf8 */;
/*!50001 SET collation_connection      = utf8_general_ci */;
/*!50001 CREATE ALGORITHM=UNDEFINED */
/*!50013 DEFINER=`root`@`localhost` SQL SECURITY DEFINER */
/*!50001 VIEW `Logins_count` AS select `access_log`.`person_id` AS `person_id`,count(`access_log`.`id`) AS `cnt` from `access_log` where (`access_log`.`event` = 'Login') group by `access_log`.`person_id` */;
/*!50001 SET character_set_client      = @saved_cs_client */;
/*!50001 SET character_set_results     = @saved_cs_results */;
/*!50001 SET collation_connection      = @saved_col_connection */;

--
-- Final view structure for view `cur_org_aggregationcalc_risk_variable`
--

/*!50001 DROP TABLE IF EXISTS `cur_org_aggregationcalc_risk_variable`*/;
/*!50001 DROP VIEW IF EXISTS `cur_org_aggregationcalc_risk_variable`*/;
/*!50001 SET @saved_cs_client          = @@character_set_client */;
/*!50001 SET @saved_cs_results         = @@character_set_results */;
/*!50001 SET @saved_col_connection     = @@collation_connection */;
/*!50001 SET character_set_client      = utf8 */;
/*!50001 SET character_set_results     = utf8 */;
/*!50001 SET collation_connection      = utf8_general_ci */;
/*!50001 CREATE ALGORITHM=MERGE */
/*!50013 DEFINER=`synapsemaster`@`%` SQL SECURITY INVOKER */
/*!50001 VIEW `cur_org_aggregationcalc_risk_variable` AS select `OPRV`.`org_id` AS `org_id`,`OPRV`.`risk_group_id` AS `risk_group_id`,`OPRV`.`person_id` AS `person_id`,`OPRV`.`risk_variable_id` AS `risk_variable_id`,`OPRV`.`risk_model_id` AS `risk_model_id`,`OPRV`.`source` AS `source`,`OPRV`.`variable_type` AS `variable_type`,`OPRV`.`weight` AS `weight`,(`RISK_SCORE_AGGREGATED_RV`(`OPRV`.`org_id`,`OPRV`.`person_id`,`OPRV`.`risk_variable_id`,`OPRV`.`calc_type`,`OPRV`.`calculation_start_date`,`OPRV`.`calculation_end_date`) collate utf8_unicode_ci) AS `calculated_value`,`OPRV`.`calc_type` AS `calc_type` from `org_person_riskvariable` `OPRV` */;
/*!50001 SET character_set_client      = @saved_cs_client */;
/*!50001 SET character_set_results     = @saved_cs_results */;
/*!50001 SET collation_connection      = @saved_col_connection */;

--
-- Final view structure for view `group_course_discriminator`
--

/*!50001 DROP TABLE IF EXISTS `group_course_discriminator`*/;
/*!50001 DROP VIEW IF EXISTS `group_course_discriminator`*/;
/*!50001 SET @saved_cs_client          = @@character_set_client */;
/*!50001 SET @saved_cs_results         = @@character_set_results */;
/*!50001 SET @saved_col_connection     = @@collation_connection */;
/*!50001 SET character_set_client      = utf8 */;
/*!50001 SET character_set_results     = utf8 */;
/*!50001 SET collation_connection      = utf8_general_ci */;
/*!50001 CREATE ALGORITHM=UNDEFINED */
/*!50013 DEFINER=`synapsemaster`@`%` SQL SECURITY DEFINER */
/*!50001 VIEW `group_course_discriminator` AS select 'group' AS `association` union select 'course' AS `association` */;
/*!50001 SET character_set_client      = @saved_cs_client */;
/*!50001 SET character_set_results     = @saved_cs_results */;
/*!50001 SET collation_connection      = @saved_col_connection */;

--
-- Final view structure for view `org_calculated_risk_variables`
--

/*!50001 DROP TABLE IF EXISTS `org_calculated_risk_variables`*/;
/*!50001 DROP VIEW IF EXISTS `org_calculated_risk_variables`*/;
/*!50001 SET @saved_cs_client          = @@character_set_client */;
/*!50001 SET @saved_cs_results         = @@character_set_results */;
/*!50001 SET @saved_col_connection     = @@collation_connection */;
/*!50001 SET character_set_client      = utf8 */;
/*!50001 SET character_set_results     = utf8 */;
/*!50001 SET collation_connection      = utf8_general_ci */;
/*!50001 CREATE ALGORITHM=MERGE */
/*!50013 DEFINER=`root`@`localhost` SQL SECURITY INVOKER */
/*!50001 VIEW `org_calculated_risk_variables` AS select `org_calculated_risk_variables_history`.`person_id` AS `person_id`,`org_calculated_risk_variables_history`.`risk_variable_id` AS `risk_variable_id`,`org_calculated_risk_variables_history`.`risk_group_id` AS `risk_group_id`,`org_calculated_risk_variables_history`.`risk_model_id` AS `risk_model_id`,`org_calculated_risk_variables_history`.`created_at` AS `created_at`,`org_calculated_risk_variables_history`.`org_id` AS `org_id`,`org_calculated_risk_variables_history`.`calc_bucket_value` AS `calc_bucket_value`,`org_calculated_risk_variables_history`.`calc_weight` AS `calc_weight`,`org_calculated_risk_variables_history`.`risk_source_value` AS `risk_source_value` from `org_calculated_risk_variables_history` */;
/*!50001 SET character_set_client      = @saved_cs_client */;
/*!50001 SET character_set_results     = @saved_cs_results */;
/*!50001 SET collation_connection      = @saved_col_connection */;

--
-- Final view structure for view `org_calculated_risk_variables_view`
--

/*!50001 DROP TABLE IF EXISTS `org_calculated_risk_variables_view`*/;
/*!50001 DROP VIEW IF EXISTS `org_calculated_risk_variables_view`*/;
/*!50001 SET @saved_cs_client          = @@character_set_client */;
/*!50001 SET @saved_cs_results         = @@character_set_results */;
/*!50001 SET @saved_col_connection     = @@collation_connection */;
/*!50001 SET character_set_client      = utf8 */;
/*!50001 SET character_set_results     = utf8 */;
/*!50001 SET collation_connection      = utf8_general_ci */;
/*!50001 CREATE ALGORITHM=MERGE */
/*!50013 DEFINER=`root`@`localhost` SQL SECURITY INVOKER */
/*!50001 VIEW `org_calculated_risk_variables_view` AS select `RV`.`org_id` AS `org_id`,`RV`.`risk_group_id` AS `risk_group_id`,`RV`.`person_id` AS `person_id`,`RV`.`risk_variable_id` AS `risk_variable_id`,`RV`.`risk_model_id` AS `risk_model_id`,`RV`.`source` AS `source`,`RV`.`variable_type` AS `variable_type`,`RV`.`weight` AS `weight`,`RV`.`calculated_value` AS `calculated_value`,coalesce(`rvr`.`bucket_value`,`rvc`.`bucket_value`) AS `bucket_value` from ((`cur_org_aggregationcalc_risk_variable` `RV` left join `risk_variable_range` `rvr` on(((`rvr`.`risk_variable_id` = `RV`.`risk_variable_id`) and (cast(`RV`.`calculated_value` as decimal(13,4)) between `rvr`.`min` and `rvr`.`max`) and (`RV`.`variable_type` = 'continuous')))) left join `risk_variable_category` `rvc` on(((`rvc`.`risk_variable_id` = `RV`.`risk_variable_id`) and ((`RV`.`calculated_value` = `rvc`.`option_value`) or (cast(`RV`.`calculated_value` as signed) = `rvc`.`option_value`)) and (`RV`.`variable_type` = 'categorical')))) where ((`rvr`.`risk_variable_id` is not null) or (`rvc`.`risk_variable_id` is not null)) */;
/*!50001 SET character_set_client      = @saved_cs_client */;
/*!50001 SET character_set_results     = @saved_cs_results */;
/*!50001 SET collation_connection      = @saved_col_connection */;

--
-- Final view structure for view `org_course_faculty_student_permission_map`
--

/*!50001 DROP TABLE IF EXISTS `org_course_faculty_student_permission_map`*/;
/*!50001 DROP VIEW IF EXISTS `org_course_faculty_student_permission_map`*/;
/*!50001 SET @saved_cs_client          = @@character_set_client */;
/*!50001 SET @saved_cs_results         = @@character_set_results */;
/*!50001 SET @saved_col_connection     = @@collation_connection */;
/*!50001 SET character_set_client      = utf8 */;
/*!50001 SET character_set_results     = utf8 */;
/*!50001 SET collation_connection      = utf8_general_ci */;
/*!50001 CREATE ALGORITHM=MERGE */
/*!50013 DEFINER=`synapsemaster`@`%` SQL SECURITY DEFINER */
/*!50001 VIEW `org_course_faculty_student_permission_map` AS select `OC`.`id` AS `course_id`,`OC`.`organization_id` AS `org_id`,`OCF`.`person_id` AS `faculty_id`,`OCS`.`person_id` AS `student_id`,`OCF`.`org_permissionset_id` AS `permissionset_id` from (((`org_course_faculty` `OCF` USE INDEX (`person-course`) join `org_courses` `OC` on(((`OC`.`id` = `OCF`.`org_courses_id`) and (`OC`.`organization_id` = `OCF`.`organization_id`) and isnull(`OC`.`deleted_at`)))) join `org_academic_terms` `OAT` FORCE INDEX (`last_term`) FORCE INDEX (PRIMARY) on(((`OAT`.`id` = `OC`.`org_academic_terms_id`) and (`OAT`.`organization_id` = `OC`.`organization_id`) and (`OAT`.`end_date` >= cast(now() as date)) and (`OAT`.`start_date` <= cast(now() as date)) and isnull(`OAT`.`deleted_at`)))) join `org_course_student` `OCS` FORCE INDEX (`course-person`) FORCE INDEX (`person-course`) on(((`OCS`.`org_courses_id` = `OC`.`id`) and (`OCS`.`organization_id` = `OC`.`organization_id`) and isnull(`OCS`.`deleted_at`)))) where isnull(`OCF`.`deleted_at`) */;
/*!50001 SET character_set_client      = @saved_cs_client */;
/*!50001 SET character_set_results     = @saved_cs_results */;
/*!50001 SET collation_connection      = @saved_col_connection */;

--
-- Final view structure for view `org_faculty_student_permission_map`
--

/*!50001 DROP TABLE IF EXISTS `org_faculty_student_permission_map`*/;
/*!50001 DROP VIEW IF EXISTS `org_faculty_student_permission_map`*/;
/*!50001 SET @saved_cs_client          = @@character_set_client */;
/*!50001 SET @saved_cs_results         = @@character_set_results */;
/*!50001 SET @saved_col_connection     = @@collation_connection */;
/*!50001 SET character_set_client      = utf8 */;
/*!50001 SET character_set_results     = utf8 */;
/*!50001 SET collation_connection      = utf8_general_ci */;
/*!50001 CREATE ALGORITHM=UNDEFINED */
/*!50013 DEFINER=`synapsemaster`@`%` SQL SECURITY DEFINER */
/*!50001 VIEW `org_faculty_student_permission_map` AS select `OPF`.`organization_id` AS `org_id`,`OPF`.`person_id` AS `faculty_id`,coalesce(`OGM`.`student_id`,`OCM`.`student_id`) AS `student_id`,`OGM`.`group_id` AS `group_id`,`OCM`.`course_id` AS `course_id`,coalesce(`OGM`.`permissionset_id`,`OCM`.`permissionset_id`) AS `permissionset_id` from (((`org_person_faculty` `OPF` join `group_course_discriminator` `GCD`) left join `org_group_faculty_student_permission_map` `OGM` on((((`OGM`.`org_id`,`OGM`.`faculty_id`) = (`OPF`.`organization_id`,`OPF`.`person_id`)) and (`GCD`.`association` = 'group')))) left join `org_course_faculty_student_permission_map` `OCM` on((((`OCM`.`org_id`,`OCM`.`faculty_id`) = (`OPF`.`organization_id`,`OPF`.`person_id`)) and (`GCD`.`association` = 'course')))) where (((`OGM`.`group_id` is not null) or (`OCM`.`course_id` is not null)) and isnull(`OPF`.`deleted_at`)) */;
/*!50001 SET character_set_client      = @saved_cs_client */;
/*!50001 SET character_set_results     = @saved_cs_results */;
/*!50001 SET collation_connection      = @saved_col_connection */;

--
-- Final view structure for view `org_group_faculty_student_permission_map`
--

/*!50001 DROP TABLE IF EXISTS `org_group_faculty_student_permission_map`*/;
/*!50001 DROP VIEW IF EXISTS `org_group_faculty_student_permission_map`*/;
/*!50001 SET @saved_cs_client          = @@character_set_client */;
/*!50001 SET @saved_cs_results         = @@character_set_results */;
/*!50001 SET @saved_col_connection     = @@collation_connection */;
/*!50001 SET character_set_client      = utf8 */;
/*!50001 SET character_set_results     = utf8 */;
/*!50001 SET collation_connection      = utf8_general_ci */;
/*!50001 CREATE ALGORITHM=MERGE */
/*!50013 DEFINER=`synapsemaster`@`%` SQL SECURITY DEFINER */
/*!50001 VIEW `org_group_faculty_student_permission_map` AS select `OG`.`id` AS `group_id`,`OG`.`organization_id` AS `org_id`,`OGF`.`person_id` AS `faculty_id`,`OGS`.`person_id` AS `student_id`,`OGF`.`org_permissionset_id` AS `permissionset_id` from ((`org_group_faculty` `OGF` FORCE INDEX (`PG_perm`) join `org_group` `OG` on(((`OG`.`id` = `OGF`.`org_group_id`) and (`OG`.`organization_id` = `OGF`.`organization_id`) and isnull(`OG`.`deleted_at`)))) join `org_group_students` `OGS` FORCE INDEX (`group-student`) FORCE INDEX (`student-group`) on(((`OGS`.`org_group_id` = `OG`.`id`) and (`OGS`.`organization_id` = `OG`.`organization_id`) and isnull(`OGS`.`deleted_at`)))) where isnull(`OGF`.`deleted_at`) */;
/*!50001 SET character_set_client      = @saved_cs_client */;
/*!50001 SET character_set_results     = @saved_cs_results */;
/*!50001 SET collation_connection      = @saved_col_connection */;

--
-- Final view structure for view `org_person_riskvariable`
--

/*!50001 DROP TABLE IF EXISTS `org_person_riskvariable`*/;
/*!50001 DROP VIEW IF EXISTS `org_person_riskvariable`*/;
/*!50001 SET @saved_cs_client          = @@character_set_client */;
/*!50001 SET @saved_cs_results         = @@character_set_results */;
/*!50001 SET @saved_col_connection     = @@collation_connection */;
/*!50001 SET character_set_client      = utf8 */;
/*!50001 SET character_set_results     = utf8 */;
/*!50001 SET collation_connection      = utf8_general_ci */;
/*!50001 CREATE ALGORITHM=MERGE */
/*!50013 DEFINER=`synapsemaster`@`%` SQL SECURITY INVOKER */
/*!50001 VIEW `org_person_riskvariable` AS select `orgc`.`org_id` AS `org_id`,`rgph`.`person_id` AS `person_id`,`rv`.`id` AS `risk_variable_id`,`rv`.`source` AS `source`,`rv`.`variable_type` AS `variable_type`,`rv`.`calc_type` AS `calc_type`,`rgph`.`risk_group_id` AS `risk_group_id`,`rv`.`calculation_end_date` AS `calculation_end_date`,`rv`.`calculation_start_date` AS `calculation_start_date`,`rmm`.`id` AS `risk_model_id`,`rmw`.`weight` AS `weight`,greatest(ifnull(`rgph`.`assignment_date`,0),ifnull(`orgc`.`modified_at`,0),ifnull(`orgc`.`created_at`,0),ifnull(`orgm`.`modified_at`,0),ifnull(`orgm`.`created_at`,0),ifnull(`rmm`.`modified_at`,0),ifnull(`rmm`.`created_at`,0),ifnull(`rv`.`modified_at`,0),ifnull(`rv`.`created_at`,0)) AS `modified_at` from (((((`risk_group_person_history` `rgph` join `org_calc_flags_risk` `orgc` on((`rgph`.`person_id` = `orgc`.`person_id`))) join `org_risk_group_model` `orgm` on(((`rgph`.`risk_group_id` = `orgm`.`risk_group_id`) and (`orgm`.`org_id` = `orgc`.`org_id`)))) join `risk_model_master` `rmm` on(((`orgm`.`risk_model_id` = `rmm`.`id`) and (now() between `rmm`.`calculation_start_date` and `rmm`.`calculation_end_date`)))) join `risk_model_weights` `rmw` on((`rmw`.`risk_model_id` = `rmm`.`id`))) join `risk_variable` `rv` on((`rmw`.`risk_variable_id` = `rv`.`id`))) */;
/*!50001 SET character_set_client      = @saved_cs_client */;
/*!50001 SET character_set_results     = @saved_cs_results */;
/*!50001 SET collation_connection      = @saved_col_connection */;

--
-- Final view structure for view `org_person_riskvariable_datum`
--

/*!50001 DROP TABLE IF EXISTS `org_person_riskvariable_datum`*/;
/*!50001 DROP VIEW IF EXISTS `org_person_riskvariable_datum`*/;
/*!50001 SET @saved_cs_client          = @@character_set_client */;
/*!50001 SET @saved_cs_results         = @@character_set_results */;
/*!50001 SET @saved_col_connection     = @@collation_connection */;
/*!50001 SET character_set_client      = utf8 */;
/*!50001 SET character_set_results     = utf8 */;
/*!50001 SET collation_connection      = utf8_general_ci */;
/*!50001 CREATE ALGORITHM=MERGE */
/*!50013 DEFINER=`synapsemaster`@`%` SQL SECURITY INVOKER */
/*!50001 VIEW `org_person_riskvariable_datum` AS select `rvintersect`.`org_id` AS `org_id`,`rvintersect`.`person_id` AS `person_id`,`rvintersect`.`risk_variable_id` AS `risk_variable_id`,coalesce(`emd`.`metadata_value`,`omd`.`metadata_value`,`oqr`.`decimal_value`,`oqr`.`char_value`,`oqr`.`charmax_value`,`svr`.`decimal_value`,`svr`.`char_value`,`svr`.`charmax_value`,`pfc`.`mean_value`) AS `source_value`,coalesce(`emd`.`modified_at`,`omd`.`modified_at`,`oqr`.`modified_at`,`svr`.`modified_at`,`pfc`.`modified_at`,`emd`.`created_at`,`omd`.`created_at`,`oqr`.`created_at`,`svr`.`created_at`,`pfc`.`created_at`) AS `modified_at`,coalesce(`emd`.`created_at`,`omd`.`created_at`,`oqr`.`created_at`,`svr`.`created_at`,`pfc`.`created_at`) AS `created_at`,`ebidef`.`scope` AS `scope`,coalesce(`emd`.`org_academic_year_id`,`omd`.`org_academic_year_id`) AS `org_academic_year_id`,coalesce(`emd`.`org_academic_terms_id`,`omd`.`org_academic_periods_id`) AS `org_academic_terms_id` from ((((((((((`org_person_riskvariable` `rvintersect` left join `risk_variable` `rv` on((`rv`.`id` = `rvintersect`.`risk_variable_id`))) left join `ebi_metadata` `ebidef` on((`ebidef`.`id` = `rv`.`ebi_metadata_id`))) left join `person_ebi_metadata` `emd` on((((`emd`.`person_id`,`emd`.`ebi_metadata_id`) = (`rvintersect`.`person_id`,`rv`.`ebi_metadata_id`)) and ((`emd`.`modified_at` > `rv`.`calculation_start_date`) or isnull(`rv`.`calculation_start_date`) or (`ebidef`.`scope` in ('Y','T'))) and ((`emd`.`modified_at` < `rv`.`calculation_end_date`) or isnull(`rv`.`calculation_end_date`) or (`ebidef`.`scope` in ('Y','T')))))) left join `org_metadata` `omddef` on(((`omddef`.`organization_id`,`omddef`.`id`) = (`rvintersect`.`org_id`,`rv`.`org_metadata_id`)))) left join `person_org_metadata` `omd` on((((`omd`.`org_metadata_id`,`omd`.`person_id`) = (`omddef`.`id`,`rvintersect`.`person_id`)) and ((`omd`.`modified_at` > `rv`.`calculation_start_date`) or isnull(`rv`.`calculation_start_date`)) and ((`omd`.`modified_at` < `rv`.`calculation_end_date`) or isnull(`rv`.`calculation_end_date`))))) left join `org_question` `oq` on(((`oq`.`organization_id`,`oq`.`id`) = (`rvintersect`.`org_id`,`rv`.`org_question_id`)))) left join `org_question_response` `oqr` on((((`oqr`.`org_id`,`oqr`.`person_id`,`oqr`.`org_question_id`) = (`rvintersect`.`org_id`,`rvintersect`.`person_id`,`oq`.`id`)) and ((`oqr`.`modified_at` > `rv`.`calculation_start_date`) or isnull(`rv`.`calculation_start_date`)) and ((`oqr`.`modified_at` < `rv`.`calculation_end_date`) or isnull(`rv`.`calculation_end_date`))))) left join `survey_questions` `svq` on((`svq`.`ebi_question_id` = `rv`.`ebi_question_id`))) left join `survey_response` `svr` on((((`svr`.`org_id`,`svr`.`person_id`,`svr`.`survey_questions_id`) = (`rvintersect`.`org_id`,`rvintersect`.`person_id`,`rv`.`survey_questions_id`)) and ((`svr`.`modified_at` > `rv`.`calculation_start_date`) or isnull(`rv`.`calculation_start_date`)) and ((`svr`.`modified_at` < `rv`.`calculation_end_date`) or isnull(`rv`.`calculation_end_date`))))) left join `person_factor_calculated` `pfc` on((((`pfc`.`organization_id`,`pfc`.`person_id`,`pfc`.`factor_id`,`pfc`.`survey_id`) = (`rvintersect`.`org_id`,`rvintersect`.`person_id`,`rv`.`factor_id`,`rv`.`survey_id`)) and ((`pfc`.`modified_at` > `rv`.`calculation_start_date`) or isnull(`rv`.`calculation_start_date`)) and ((`pfc`.`modified_at` < `rv`.`calculation_end_date`) or isnull(`rv`.`calculation_end_date`))))) */;
/*!50001 SET character_set_client      = @saved_cs_client */;
/*!50001 SET character_set_results     = @saved_cs_results */;
/*!50001 SET collation_connection      = @saved_col_connection */;

--
-- Final view structure for view `person_MD_talking_points_calculated`
--

/*!50001 DROP TABLE IF EXISTS `person_MD_talking_points_calculated`*/;
/*!50001 DROP VIEW IF EXISTS `person_MD_talking_points_calculated`*/;
/*!50001 SET @saved_cs_client          = @@character_set_client */;
/*!50001 SET @saved_cs_results         = @@character_set_results */;
/*!50001 SET @saved_col_connection     = @@collation_connection */;
/*!50001 SET character_set_client      = utf8 */;
/*!50001 SET character_set_results     = utf8 */;
/*!50001 SET collation_connection      = utf8_general_ci */;
/*!50001 CREATE ALGORITHM=MERGE */
/*!50013 DEFINER=`synapsemaster`@`%` SQL SECURITY INVOKER */
/*!50001 VIEW `person_MD_talking_points_calculated` AS select `orc`.`org_id` AS `org_id`,`orc`.`person_id` AS `person_id`,`tp`.`id` AS `talking_points_id`,`pem`.`ebi_metadata_id` AS `ebi_metadata_id`,`pem`.`org_academic_year_id` AS `org_academic_year_id`,`pem`.`org_academic_terms_id` AS `org_academic_terms_id`,`tp`.`talking_points_type` AS `response`,`pem`.`modified_at` AS `source_modified_at` from ((`talking_points` `tp` join `person_ebi_metadata` `pem` on(((`tp`.`ebi_metadata_id` = `pem`.`ebi_metadata_id`) and (`pem`.`metadata_value` between `tp`.`min_range` and `tp`.`max_range`)))) join `org_calc_flags_talking_point` `orc` on((`pem`.`person_id` = `orc`.`person_id`))) where (isnull(`tp`.`deleted_at`) and isnull(`pem`.`deleted_at`) and isnull(`orc`.`deleted_at`)) */;
/*!50001 SET character_set_client      = @saved_cs_client */;
/*!50001 SET character_set_results     = @saved_cs_results */;
/*!50001 SET collation_connection      = @saved_col_connection */;

--
-- Final view structure for view `person_risk_level_calc`
--

/*!50001 DROP TABLE IF EXISTS `person_risk_level_calc`*/;
/*!50001 DROP VIEW IF EXISTS `person_risk_level_calc`*/;
/*!50001 SET @saved_cs_client          = @@character_set_client */;
/*!50001 SET @saved_cs_results         = @@character_set_results */;
/*!50001 SET @saved_col_connection     = @@collation_connection */;
/*!50001 SET character_set_client      = utf8 */;
/*!50001 SET character_set_results     = utf8 */;
/*!50001 SET collation_connection      = utf8_general_ci */;
/*!50001 CREATE ALGORITHM=MERGE */
/*!50013 DEFINER=`root`@`localhost` SQL SECURITY INVOKER */
/*!50001 VIEW `person_risk_level_calc` AS select `PRC`.`org_id` AS `org_id`,`PRC`.`person_id` AS `person_id`,`PRC`.`risk_group_id` AS `risk_group_id`,`PRC`.`risk_model_id` AS `risk_model_id`,`PRC`.`RS_Numerator` AS `weighted_value`,`PRC`.`RS_Denominator` AS `maximum_weight_value`,`PRC`.`risk_score` AS `risk_score`,`RML`.`risk_level` AS `risk_level`,`RL`.`risk_text` AS `risk_text`,`RL`.`image_name` AS `image_name`,`RL`.`color_hex` AS `color_hex` from ((`person_riskmodel_calc_view` `PRC` left join `risk_model_levels` `RML` on(((`RML`.`risk_model_id` = `PRC`.`risk_model_id`) and (round(`PRC`.`risk_score`,4) between `RML`.`min` and `RML`.`max`)))) left join `risk_level` `RL` FORCE INDEX (PRIMARY) on((`RL`.`id` = `RML`.`risk_level`))) */;
/*!50001 SET character_set_client      = @saved_cs_client */;
/*!50001 SET character_set_results     = @saved_cs_results */;
/*!50001 SET collation_connection      = @saved_col_connection */;

--
-- Final view structure for view `person_riskmodel_calc_view`
--

/*!50001 DROP TABLE IF EXISTS `person_riskmodel_calc_view`*/;
/*!50001 DROP VIEW IF EXISTS `person_riskmodel_calc_view`*/;
/*!50001 SET @saved_cs_client          = @@character_set_client */;
/*!50001 SET @saved_cs_results         = @@character_set_results */;
/*!50001 SET @saved_col_connection     = @@collation_connection */;
/*!50001 SET character_set_client      = utf8 */;
/*!50001 SET character_set_results     = utf8 */;
/*!50001 SET collation_connection      = utf8_general_ci */;
/*!50001 CREATE ALGORITHM=MERGE */
/*!50013 DEFINER=`root`@`localhost` SQL SECURITY INVOKER */
/*!50001 VIEW `person_riskmodel_calc_view` AS select `orgm`.`org_id` AS `org_id`,`rgph`.`person_id` AS `person_id`,`orgm`.`risk_group_id` AS `risk_group_id`,`orgm`.`risk_model_id` AS `risk_model_id`,`RS_numerator`(`orgm`.`org_id`,`orgm`.`risk_group_id`,`rgph`.`person_id`) AS `RS_Numerator`,`RS_denominator`(`orgm`.`org_id`,`orgm`.`risk_group_id`,`rgph`.`person_id`) AS `RS_Denominator`,(`RS_numerator`(`orgm`.`org_id`,`orgm`.`risk_group_id`,`rgph`.`person_id`) / `RS_denominator`(`orgm`.`org_id`,`orgm`.`risk_group_id`,`rgph`.`person_id`)) AS `risk_score` from (((`risk_group_person_history` `rgph` join `person` `ps` on((`ps`.`id` = `rgph`.`person_id`))) join `org_risk_group_model` `orgm` on(((`rgph`.`risk_group_id` = `orgm`.`risk_group_id`) and (`orgm`.`org_id` = `ps`.`organization_id`)))) join `risk_model_master` `rmm` on(((`orgm`.`risk_model_id` = `rmm`.`id`) and (now() between `rmm`.`calculation_start_date` and `rmm`.`calculation_end_date`)))) where (`orgm`.`risk_model_id` is not null) */;
/*!50001 SET character_set_client      = @saved_cs_client */;
/*!50001 SET character_set_results     = @saved_cs_results */;
/*!50001 SET collation_connection      = @saved_col_connection */;

--
-- Final view structure for view `person_survey_talking_points_calculated`
--

/*!50001 DROP TABLE IF EXISTS `person_survey_talking_points_calculated`*/;
/*!50001 DROP VIEW IF EXISTS `person_survey_talking_points_calculated`*/;
/*!50001 SET @saved_cs_client          = @@character_set_client */;
/*!50001 SET @saved_cs_results         = @@character_set_results */;
/*!50001 SET @saved_col_connection     = @@collation_connection */;
/*!50001 SET character_set_client      = utf8 */;
/*!50001 SET character_set_results     = utf8 */;
/*!50001 SET collation_connection      = utf8_general_ci */;
/*!50001 CREATE ALGORITHM=MERGE */
/*!50013 DEFINER=`synapsemaster`@`%` SQL SECURITY INVOKER */
/*!50001 VIEW `person_survey_talking_points_calculated` AS select `orc`.`org_id` AS `org_id`,`orc`.`person_id` AS `person_id`,`tp`.`id` AS `talking_points_id`,`tp`.`ebi_question_id` AS `ebi_question_id`,`svr`.`survey_id` AS `survey_id`,`tp`.`talking_points_type` AS `response`,`svr`.`modified_at` AS `source_modified_at` from (((((`talking_points` `tp` join `survey_questions` `svq` on((`tp`.`ebi_question_id` = `svq`.`ebi_question_id`))) join `survey_response` `svr` on(((`svq`.`id` = `svr`.`survey_questions_id`) and ((case when (`svr`.`response_type` = 'decimal') then `svr`.`decimal_value` end) between `tp`.`min_range` and `tp`.`max_range`)))) join `org_calc_flags_talking_point` `orc` on(((`svr`.`person_id` = `orc`.`person_id`) and (`svr`.`org_id` = `orc`.`org_id`)))) join `org_person_student` `ops` on((`orc`.`person_id` = `ops`.`person_id`))) join `org_person_student_survey_link` `opssl` on(((`ops`.`surveycohort` = `opssl`.`cohort`) and (`opssl`.`survey_id` = `svr`.`survey_id`) and (`opssl`.`person_id` = `svr`.`person_id`) and (`opssl`.`org_id` = `svr`.`org_id`)))) where (isnull(`tp`.`deleted_at`) and isnull(`svq`.`deleted_at`) and isnull(`svr`.`deleted_at`) and isnull(`orc`.`deleted_at`) and isnull(`ops`.`deleted_at`) and isnull(`opssl`.`deleted_at`)) */;
/*!50001 SET character_set_client      = @saved_cs_client */;
/*!50001 SET character_set_results     = @saved_cs_results */;
/*!50001 SET collation_connection      = @saved_col_connection */;
/*!40103 SET TIME_ZONE=@OLD_TIME_ZONE */;

/*!40101 SET SQL_MODE=@OLD_SQL_MODE */;
/*!40014 SET FOREIGN_KEY_CHECKS=@OLD_FOREIGN_KEY_CHECKS */;
/*!40014 SET UNIQUE_CHECKS=@OLD_UNIQUE_CHECKS */;
/*!40101 SET CHARACTER_SET_CLIENT=@OLD_CHARACTER_SET_CLIENT */;
/*!40101 SET CHARACTER_SET_RESULTS=@OLD_CHARACTER_SET_RESULTS */;
/*!40101 SET COLLATION_CONNECTION=@OLD_COLLATION_CONNECTION */;
/*!40111 SET SQL_NOTES=@OLD_SQL_NOTES */;

-- Dump completed on 2016-01-15 15:46:43
