INSERT INTO `datablock_master` (`id`,`datablock_ui_id`,`created_by`,`created_at`,`modified_by`,`modified_at`,`deleted_by`,`deleted_at`,`block_type`) VALUES (1,1,0,NULL,NULL,NULL,NULL,NULL,'profile');
INSERT INTO `datablock_master` (`id`,`datablock_ui_id`,`created_by`,`created_at`,`modified_by`,`modified_at`,`deleted_by`,`deleted_at`,`block_type`) VALUES (2,2,0,NULL,NULL,NULL,NULL,NULL,'profile');
INSERT INTO `datablock_master` (`id`,`datablock_ui_id`,`created_by`,`created_at`,`modified_by`,`modified_at`,`deleted_by`,`deleted_at`,`block_type`) VALUES (3,3,0,NULL,NULL,NULL,NULL,NULL,'profile');
INSERT INTO `datablock_master` (`id`,`datablock_ui_id`,`created_by`,`created_at`,`modified_by`,`modified_at`,`deleted_by`,`deleted_at`,`block_type`) VALUES (4,4,0,NULL,NULL,NULL,NULL,NULL,'profile');
INSERT INTO `datablock_master` (`id`,`datablock_ui_id`,`created_by`,`created_at`,`modified_by`,`modified_at`,`deleted_by`,`deleted_at`,`block_type`) VALUES (5,5,0,NULL,NULL,NULL,NULL,NULL,'profile');
INSERT INTO `datablock_master` (`id`,`datablock_ui_id`,`created_by`,`created_at`,`modified_by`,`modified_at`,`deleted_by`,`deleted_at`,`block_type`) VALUES (6,6,0,NULL,NULL,NULL,NULL,NULL,'profile');
INSERT INTO `datablock_master` (`id`,`datablock_ui_id`,`created_by`,`created_at`,`modified_by`,`modified_at`,`deleted_by`,`deleted_at`,`block_type`) VALUES (7,7,0,NULL,NULL,NULL,NULL,NULL,'survey');
INSERT INTO `datablock_master` (`id`,`datablock_ui_id`,`created_by`,`created_at`,`modified_by`,`modified_at`,`deleted_by`,`deleted_at`,`block_type`) VALUES (8,8,0,NULL,NULL,NULL,NULL,NULL,'survey');
INSERT INTO `datablock_master` (`id`,`datablock_ui_id`,`created_by`,`created_at`,`modified_by`,`modified_at`,`deleted_by`,`deleted_at`,`block_type`) VALUES (9,9,0,NULL,NULL,NULL,NULL,NULL,'survey');
INSERT INTO `datablock_master` (`id`,`datablock_ui_id`,`created_by`,`created_at`,`modified_by`,`modified_at`,`deleted_by`,`deleted_at`,`block_type`) VALUES (10,10,0,NULL,NULL,NULL,NULL,NULL,'survey');
INSERT INTO `datablock_master` (`id`,`datablock_ui_id`,`created_by`,`created_at`,`modified_by`,`modified_at`,`deleted_by`,`deleted_at`,`block_type`) VALUES (11,11,0,NULL,NULL,NULL,NULL,NULL,'survey');
INSERT INTO `datablock_master` (`id`,`datablock_ui_id`,`created_by`,`created_at`,`modified_by`,`modified_at`,`deleted_by`,`deleted_at`,`block_type`) VALUES (12,12,0,NULL,NULL,NULL,NULL,NULL,NULL);

INSERT INTO `datablock_master_lang` VALUES (1,1,1,'Demographic',NULL,NULL,NULL,NULL,NULL,NULL),(2,2,1,'Financial',NULL,NULL,NULL,NULL,NULL,NULL),(3,3,1,'Grades',NULL,NULL,NULL,NULL,NULL,NULL),(4,4,1,'HighSchool',NULL,NULL,NULL,NULL,NULL,NULL),(5,5,1,'HighSchool-Testscores',NULL,NULL,NULL,NULL,NULL,NULL),(6,6,1,'Outcome',NULL,NULL,NULL,NULL,NULL,NULL),(7,7,1,'Academic - Behaviors',NULL,NULL,NULL,NULL,NULL,NULL),(8,8,1,'Academic - Content Skills',NULL,NULL,NULL,NULL,NULL,NULL),(9,9,1,'Academic - Education Plan',NULL,NULL,NULL,NULL,NULL,NULL),(10,10,1,'Academic - Mindset',NULL,NULL,NULL,NULL,NULL,NULL),(11,11,1,'Academic - Satisfaction',NULL,NULL,NULL,NULL,NULL,NULL),(12,12,1,'Academic - Transition',NULL,NULL,NULL,NULL,NULL,NULL);
INSERT INTO `datablock_ui` VALUES (1,NULL,NULL,NULL,NULL,NULL,NULL,NULL,NULL),(2,NULL,NULL,NULL,NULL,NULL,NULL,NULL,NULL),(3,NULL,NULL,NULL,NULL,NULL,NULL,NULL,NULL),(4,NULL,NULL,NULL,NULL,NULL,NULL,NULL,NULL),(5,NULL,NULL,NULL,NULL,NULL,NULL,NULL,NULL),(6,NULL,NULL,NULL,NULL,NULL,NULL,NULL,NULL),(7,NULL,NULL,NULL,NULL,NULL,NULL,NULL,NULL),(8,NULL,NULL,NULL,NULL,NULL,NULL,NULL,NULL),(9,NULL,NULL,NULL,NULL,NULL,NULL,NULL,NULL),(10,NULL,NULL,NULL,NULL,NULL,NULL,NULL,NULL),(11,NULL,NULL,NULL,NULL,NULL,NULL,NULL,NULL),(12,NULL,NULL,NULL,NULL,NULL,NULL,NULL,NULL);